[  519973ms] [ERROR] Failed to load resource: the server responded with a status of 500 (Internal Server Error) @ http://localhost:3000/:0
[  520241ms] [INFO] %cDownload the React DevTools for a better development experience: https://react.dev/link/react-devtools font-weight:bold @ http://localhost:3000/_next/static/chunks/5e54f_react-dom_4d21b075._.js:15305
[  520363ms] Error: ./app/layout.tsx:3:1
Module not found: Can't resolve '@fortawesome/fontawesome-svg-core'
  1 | import type { Metadata } from "next";
  2 | import { Geist, Geist_Mono } from "next/font/google";
> 3 | import { config } from '@fortawesome/fontawesome-svg-core';
    | ^^^^^^^^^^^^^^^^^^^^^^^^^^^^^^^^^^^^^^^^^^^^^^^^^^^^^^^^^^^
  4 | import '@fortawesome/fontawesome-svg-core/styles.css';
  5 | import "./globals.css";
  6 | import { Header } from "@/components/layout/Header";



https://nextjs.org/docs/messages/module-not-found


    at <unknown> (Error: ./app/layout.tsx:3:1)
    at <unknown> (https://nextjs.org/docs/messages/module-not-found)
    at Object.getCompilationErrors (file://C:\_git\ds\node_modules\.pnpm\next@16.1.4_@babel+core@7.2_795185d4d8aa919df0c6d7b1b45ef0b6\node_modules\next\dist\server\dev\hot-reloader-turbopack.js:1008:59)
    at DevBundlerService.getCompilationError (file://C:\_git\ds\node_modules\.pnpm\next@16.1.4_@babel+core@7.2_795185d4d8aa919df0c6d7b1b45ef0b6\node_modules\next\dist\server\lib\dev-bundler-service.js:44:55)
    at DevServer.getCompilationError (file://C:\_git\ds\node_modules\.pnpm\next@16.1.4_@babel+core@7.2_795185d4d8aa919df0c6d7b1b45ef0b6\node_modules\next\dist\server\dev\next-dev-server.js:706:42)
    at DevServer.findPageComponents (file://C:\_git\ds\node_modules\.pnpm\next@16.1.4_@babel+core@7.2_795185d4d8aa919df0c6d7b1b45ef0b6\node_modules\next\dist\server\dev\next-dev-server.js:676:43)
    at async DevServer.renderErrorToResponseImpl (file://C:\_git\ds\node_modules\.pnpm\next@16.1.4_@babel+core@7.2_795185d4d8aa919df0c6d7b1b45ef0b6\node_modules\next\dist\server\base-server.js:1713:26)
[  520345ms] [LOG] [HMR] connected @ http://localhost:3000/_next/static/chunks/5f34d_next_dist_253e5923._.js:1206
[  520352ms] [ERROR] ./app/layout.tsx:3:1
Module not found: Can't resolve '@fortawesome/fontawesome-svg-core'
  1 | import type { Metadata } from "next";
  2 | import { Geist, Geist_Mono } from "next/font/google";
> 3 | import { config } from '@fortawesome/fontawesome-svg-core';
    | ^^^^^^^^^^^^^^^^^^^^^^^^^^^^^^^^^^^^^^^^^^^^^^^^^^^^^^^^^^^
  4 | import '@fortawesome/fontawesome-svg-core/styles.css';
  5 | import "./globals.css";
  6 | import { Header } from "@/components/layout/Header";

https://nextjs.org/docs/messages/module-not-found @ http://localhost:3000/_next/static/chunks/5f34d_next_dist_253e5923._.js:1920
[  520352ms] [ERROR] ./app/layout.tsx:4:1
Module not found: Can't resolve '@fortawesome/fontawesome-svg-core/styles.css'
  2 | import { Geist, Geist_Mono } from "next/font/google";
  3 | import { config } from '@fortawesome/fontawesome-svg-core';
> 4 | import '@fortawesome/fontawesome-svg-core/styles.css';
    | ^^^^^^^^^^^^^^^^^^^^^^^^^^^^^^^^^^^^^^^^^^^^^^^^^^^^^^
  5 | import "./globals.css";
  6 | import { Header } from "@/components/layout/Header";
  7 | import { Footer } from "@/components/layout/Footer";

https://nextjs.org/docs/messages/module-not-found @ http://localhost:3000/_next/static/chunks/5f34d_next_dist_253e5923._.js:1920
[  520352ms] [ERROR] ./app/page.tsx:8:1
Module not found: Can't resolve '@fortawesome/free-solid-svg-icons'
   6 | import { LogoScroller } from '@/components/home/LogoScroller';
   7 | import { FontAwesomeIcon } from '@fortawesome/react-fontawesome';
>  8 | import {
     | ^^^^^^^^
>  9 |   faBolt,
     | ^^^^^^^^^
> 10 |   faNetworkWired,
     | ^^^^^^^^^
> 11 |   faCode,
     | ^^^^^^^^^
> 12 |   faArrowRight,
     | ^^^^^^^^^
> 13 |   faCircleCheck,
     | ^^^^^^^^^
> 14 |   faChevronDown,
     | ^^^^^^^^^
> 15 | } from '@fortawesome/free-solid-svg-icons';
     | ^^^^^^^^^^^^^^^^^^^^^^^^^^^^^^^^^^^^^^^^^^^^
  16 | import { ImageWithFallback } from '@/components/shared/ImageWithFallback';
  17 | import { RFQForm } from '@/components/forms/rfq';
  18 |

Import traces:
  Client Component Browser:
    ./app/page.tsx [Client Component Browser]
    ./app/page.tsx [Server Component]

  Client Component SSR:
    ./app/page.tsx [Client Component SSR]
    ./app/page.tsx [Server Component]

https://nextjs.org/docs/messages/module-not-found @ http://localhost:3000/_next/static/chunks/5f34d_next_dist_253e5923._.js:1920
[  520353ms] [ERROR] ./app/page.tsx:7:1
Module not found: Can't resolve '@fortawesome/react-fontawesome'
   5 | import { HeroSlider } from '@/components/home/HeroSlider';
   6 | import { LogoScroller } from '@/components/home/LogoScroller';
>  7 | import { FontAwesomeIcon } from '@fortawesome/react-fontawesome';
     | ^^^^^^^^^^^^^^^^^^^^^^^^^^^^^^^^^^^^^^^^^^^^^^^^^^^^^^^^^^^^^^^^^
   8 | import {
   9 |   faBolt,
  10 |   faNetworkWired,

Import traces:
  Client Component Browser:
    ./app/page.tsx [Client Component Browser]
    ./app/page.tsx [Server Component]

  Client Component SSR:
    ./app/page.tsx [Client Component SSR]
    ./app/page.tsx [Server Component]

https://nextjs.org/docs/messages/module-not-found @ http://localhost:3000/_next/static/chunks/5f34d_next_dist_253e5923._.js:1920
[  520354ms] [ERROR] ./components/forms/rfq/RFQForm.tsx:5:1
Module not found: Can't resolve '@hookform/resolvers/zod'
  3 | import { useEffect, useRef } from 'react';
  4 | import { useForm } from 'react-hook-form';
> 5 | import { zodResolver } from '@hookform/resolvers/zod';
    | ^^^^^^^^^^^^^^^^^^^^^^^^^^^^^^^^^^^^^^^^^^^^^^^^^^^^^^
  6 | import { CheckCircle } from 'lucide-react';
  7 | import { rfqSchema, rfqPresetSchema, type RFQFormData, type RFQPresetFormData } from '@/lib/forms/schemas';
  8 | import { useFormSubmit } from '@/hooks/useFormSubmit';

Import traces:
  Client Component Browser:
    ./components/forms/rfq/RFQForm.tsx [Client Component Browser]
    ./app/page.tsx [Client Component Browser]
    ./app/page.tsx [Server Component]

  Client Component SSR:
    ./components/forms/rfq/RFQForm.tsx [Client Component SSR]
    ./app/page.tsx [Client Component SSR]
    ./app/page.tsx [Server Component]

https://nextjs.org/docs/messages/module-not-found @ http://localhost:3000/_next/static/chunks/5f34d_next_dist_253e5923._.js:1920
[  520354ms] [ERROR] ./lib/forms/schemas.ts:1:1
Module not found: Can't resolve 'zod'
> 1 | import { z } from 'zod';
    | ^^^^^^^^^^^^^^^^^^^^^^^^
  2 |
  3 | const baseFields = {
  4 |   firstName: z.string().min(1, 'First name is required'),

Import traces:
  Client Component Browser:
    ./lib/forms/schemas.ts [Client Component Browser]
    ./components/forms/rfq/RFQForm.tsx [Client Component Browser]
    ./app/page.tsx [Client Component Browser]
    ./app/page.tsx [Server Component]

  Client Component SSR:
    ./lib/forms/schemas.ts [Client Component SSR]
    ./components/forms/rfq/RFQForm.tsx [Client Component SSR]
    ./app/page.tsx [Client Component SSR]
    ./app/page.tsx [Server Component]

https://nextjs.org/docs/messages/module-not-found @ http://localhost:3000/_next/static/chunks/5f34d_next_dist_253e5923._.js:1920
[  520511ms] [LOG] [Fast Refresh] rebuilding @ http://localhost:3000/_next/static/chunks/5f34d_next_dist_253e5923._.js:1206
[  520514ms] [ERROR] ./app/layout.tsx:3:1
Module not found: Can't resolve '@fortawesome/fontawesome-svg-core'
  1 | import type { Metadata } from "next";
  2 | import { Geist, Geist_Mono } from "next/font/google";
> 3 | import { config } from '@fortawesome/fontawesome-svg-core';
    | ^^^^^^^^^^^^^^^^^^^^^^^^^^^^^^^^^^^^^^^^^^^^^^^^^^^^^^^^^^^
  4 | import '@fortawesome/fontawesome-svg-core/styles.css';
  5 | import "./globals.css";
  6 | import { Header } from "@/components/layout/Header";

https://nextjs.org/docs/messages/module-not-found @ http://localhost:3000/_next/static/chunks/5f34d_next_dist_253e5923._.js:1920
[  520514ms] [ERROR] ./app/layout.tsx:4:1
Module not found: Can't resolve '@fortawesome/fontawesome-svg-core/styles.css'
  2 | import { Geist, Geist_Mono } from "next/font/google";
  3 | import { config } from '@fortawesome/fontawesome-svg-core';
> 4 | import '@fortawesome/fontawesome-svg-core/styles.css';
    | ^^^^^^^^^^^^^^^^^^^^^^^^^^^^^^^^^^^^^^^^^^^^^^^^^^^^^^
  5 | import "./globals.css";
  6 | import { Header } from "@/components/layout/Header";
  7 | import { Footer } from "@/components/layout/Footer";

https://nextjs.org/docs/messages/module-not-found @ http://localhost:3000/_next/static/chunks/5f34d_next_dist_253e5923._.js:1920
[  520514ms] [ERROR] ./app/page.tsx:8:1
Module not found: Can't resolve '@fortawesome/free-solid-svg-icons'
   6 | import { LogoScroller } from '@/components/home/LogoScroller';
   7 | import { FontAwesomeIcon } from '@fortawesome/react-fontawesome';
>  8 | import {
     | ^^^^^^^^
>  9 |   faBolt,
     | ^^^^^^^^^
> 10 |   faNetworkWired,
     | ^^^^^^^^^
> 11 |   faCode,
     | ^^^^^^^^^
> 12 |   faArrowRight,
     | ^^^^^^^^^
> 13 |   faCircleCheck,
     | ^^^^^^^^^
> 14 |   faChevronDown,
     | ^^^^^^^^^
> 15 | } from '@fortawesome/free-solid-svg-icons';
     | ^^^^^^^^^^^^^^^^^^^^^^^^^^^^^^^^^^^^^^^^^^^^
  16 | import { ImageWithFallback } from '@/components/shared/ImageWithFallback';
  17 | import { RFQForm } from '@/components/forms/rfq';
  18 |

Import traces:
  Client Component Browser:
    ./app/page.tsx [Client Component Browser]
    ./app/page.tsx [Server Component]

  Client Component SSR:
    ./app/page.tsx [Client Component SSR]
    ./app/page.tsx [Server Component]

https://nextjs.org/docs/messages/module-not-found @ http://localhost:3000/_next/static/chunks/5f34d_next_dist_253e5923._.js:1920
[  520514ms] [ERROR] ./app/page.tsx:7:1
Module not found: Can't resolve '@fortawesome/react-fontawesome'
   5 | import { HeroSlider } from '@/components/home/HeroSlider';
   6 | import { LogoScroller } from '@/components/home/LogoScroller';
>  7 | import { FontAwesomeIcon } from '@fortawesome/react-fontawesome';
     | ^^^^^^^^^^^^^^^^^^^^^^^^^^^^^^^^^^^^^^^^^^^^^^^^^^^^^^^^^^^^^^^^^
   8 | import {
   9 |   faBolt,
  10 |   faNetworkWired,

Import traces:
  Client Component Browser:
    ./app/page.tsx [Client Component Browser]
    ./app/page.tsx [Server Component]

  Client Component SSR:
    ./app/page.tsx [Client Component SSR]
    ./app/page.tsx [Server Component]

https://nextjs.org/docs/messages/module-not-found @ http://localhost:3000/_next/static/chunks/5f34d_next_dist_253e5923._.js:1920
[  520515ms] [ERROR] ./components/forms/rfq/RFQForm.tsx:5:1
Module not found: Can't resolve '@hookform/resolvers/zod'
  3 | import { useEffect, useRef } from 'react';
  4 | import { useForm } from 'react-hook-form';
> 5 | import { zodResolver } from '@hookform/resolvers/zod';
    | ^^^^^^^^^^^^^^^^^^^^^^^^^^^^^^^^^^^^^^^^^^^^^^^^^^^^^^
  6 | import { CheckCircle } from 'lucide-react';
  7 | import { rfqSchema, rfqPresetSchema, type RFQFormData, type RFQPresetFormData } from '@/lib/forms/schemas';
  8 | import { useFormSubmit } from '@/hooks/useFormSubmit';

Import traces:
  Client Component Browser:
    ./components/forms/rfq/RFQForm.tsx [Client Component Browser]
    ./app/page.tsx [Client Component Browser]
    ./app/page.tsx [Server Component]

  Client Component SSR:
    ./components/forms/rfq/RFQForm.tsx [Client Component SSR]
    ./app/page.tsx [Client Component SSR]
    ./app/page.tsx [Server Component]

https://nextjs.org/docs/messages/module-not-found @ http://localhost:3000/_next/static/chunks/5f34d_next_dist_253e5923._.js:1920
[  520515ms] [ERROR] ./lib/forms/schemas.ts:1:1
Module not found: Can't resolve 'zod'
> 1 | import { z } from 'zod';
    | ^^^^^^^^^^^^^^^^^^^^^^^^
  2 |
  3 | const baseFields = {
  4 |   firstName: z.string().min(1, 'First name is required'),

Import traces:
  Client Component Browser:
    ./lib/forms/schemas.ts [Client Component Browser]
    ./components/forms/rfq/RFQForm.tsx [Client Component Browser]
    ./app/page.tsx [Client Component Browser]
    ./app/page.tsx [Server Component]

  Client Component SSR:
    ./lib/forms/schemas.ts [Client Component SSR]
    ./components/forms/rfq/RFQForm.tsx [Client Component SSR]
    ./app/page.tsx [Client Component SSR]
    ./app/page.tsx [Server Component]

https://nextjs.org/docs/messages/module-not-found @ http://localhost:3000/_next/static/chunks/5f34d_next_dist_253e5923._.js:1920
[  520631ms] [ERROR] ./app/layout.tsx:3:1
Module not found: Can't resolve '@fortawesome/fontawesome-svg-core'
  1 | import type { Metadata } from "next";
  2 | import { Geist, Geist_Mono } from "next/font/google";
> 3 | import { config } from '@fortawesome/fontawesome-svg-core';
    | ^^^^^^^^^^^^^^^^^^^^^^^^^^^^^^^^^^^^^^^^^^^^^^^^^^^^^^^^^^^
  4 | import '@fortawesome/fontawesome-svg-core/styles.css';
  5 | import "./globals.css";
  6 | import { Header } from "@/components/layout/Header";

https://nextjs.org/docs/messages/module-not-found @ http://localhost:3000/_next/static/chunks/5f34d_next_dist_253e5923._.js:1920
[  520631ms] [ERROR] ./app/layout.tsx:4:1
Module not found: Can't resolve '@fortawesome/fontawesome-svg-core/styles.css'
  2 | import { Geist, Geist_Mono } from "next/font/google";
  3 | import { config } from '@fortawesome/fontawesome-svg-core';
> 4 | import '@fortawesome/fontawesome-svg-core/styles.css';
    | ^^^^^^^^^^^^^^^^^^^^^^^^^^^^^^^^^^^^^^^^^^^^^^^^^^^^^^
  5 | import "./globals.css";
  6 | import { Header } from "@/components/layout/Header";
  7 | import { Footer } from "@/components/layout/Footer";

https://nextjs.org/docs/messages/module-not-found @ http://localhost:3000/_next/static/chunks/5f34d_next_dist_253e5923._.js:1920
[  520631ms] [ERROR] ./app/page.tsx:8:1
Module not found: Can't resolve '@fortawesome/free-solid-svg-icons'
   6 | import { LogoScroller } from '@/components/home/LogoScroller';
   7 | import { FontAwesomeIcon } from '@fortawesome/react-fontawesome';
>  8 | import {
     | ^^^^^^^^
>  9 |   faBolt,
     | ^^^^^^^^^
> 10 |   faNetworkWired,
     | ^^^^^^^^^
> 11 |   faCode,
     | ^^^^^^^^^
> 12 |   faArrowRight,
     | ^^^^^^^^^
> 13 |   faCircleCheck,
     | ^^^^^^^^^
> 14 |   faChevronDown,
     | ^^^^^^^^^
> 15 | } from '@fortawesome/free-solid-svg-icons';
     | ^^^^^^^^^^^^^^^^^^^^^^^^^^^^^^^^^^^^^^^^^^^^
  16 | import { ImageWithFallback } from '@/components/shared/ImageWithFallback';
  17 | import { RFQForm } from '@/components/forms/rfq';
  18 |

Import traces:
  Client Component Browser:
    ./app/page.tsx [Client Component Browser]
    ./app/page.tsx [Server Component]

  Client Component SSR:
    ./app/page.tsx [Client Component SSR]
    ./app/page.tsx [Server Component]

https://nextjs.org/docs/messages/module-not-found @ http://localhost:3000/_next/static/chunks/5f34d_next_dist_253e5923._.js:1920
[  520632ms] [ERROR] ./app/page.tsx:7:1
Module not found: Can't resolve '@fortawesome/react-fontawesome'
   5 | import { HeroSlider } from '@/components/home/HeroSlider';
   6 | import { LogoScroller } from '@/components/home/LogoScroller';
>  7 | import { FontAwesomeIcon } from '@fortawesome/react-fontawesome';
     | ^^^^^^^^^^^^^^^^^^^^^^^^^^^^^^^^^^^^^^^^^^^^^^^^^^^^^^^^^^^^^^^^^
   8 | import {
   9 |   faBolt,
  10 |   faNetworkWired,

Import traces:
  Client Component Browser:
    ./app/page.tsx [Client Component Browser]
    ./app/page.tsx [Server Component]

  Client Component SSR:
    ./app/page.tsx [Client Component SSR]
    ./app/page.tsx [Server Component]

https://nextjs.org/docs/messages/module-not-found @ http://localhost:3000/_next/static/chunks/5f34d_next_dist_253e5923._.js:1920
[  520632ms] [ERROR] ./components/forms/rfq/RFQForm.tsx:5:1
Module not found: Can't resolve '@hookform/resolvers/zod'
  3 | import { useEffect, useRef } from 'react';
  4 | import { useForm } from 'react-hook-form';
> 5 | import { zodResolver } from '@hookform/resolvers/zod';
    | ^^^^^^^^^^^^^^^^^^^^^^^^^^^^^^^^^^^^^^^^^^^^^^^^^^^^^^
  6 | import { CheckCircle } from 'lucide-react';
  7 | import { rfqSchema, rfqPresetSchema, type RFQFormData, type RFQPresetFormData } from '@/lib/forms/schemas';
  8 | import { useFormSubmit } from '@/hooks/useFormSubmit';

Import traces:
  Client Component Browser:
    ./components/forms/rfq/RFQForm.tsx [Client Component Browser]
    ./app/page.tsx [Client Component Browser]
    ./app/page.tsx [Server Component]

  Client Component SSR:
    ./components/forms/rfq/RFQForm.tsx [Client Component SSR]
    ./app/page.tsx [Client Component SSR]
    ./app/page.tsx [Server Component]

https://nextjs.org/docs/messages/module-not-found @ http://localhost:3000/_next/static/chunks/5f34d_next_dist_253e5923._.js:1920
[  520632ms] [ERROR] ./lib/forms/schemas.ts:1:1
Module not found: Can't resolve 'zod'
> 1 | import { z } from 'zod';
    | ^^^^^^^^^^^^^^^^^^^^^^^^
  2 |
  3 | const baseFields = {
  4 |   firstName: z.string().min(1, 'First name is required'),

Import traces:
  Client Component Browser:
    ./lib/forms/schemas.ts [Client Component Browser]
    ./components/forms/rfq/RFQForm.tsx [Client Component Browser]
    ./app/page.tsx [Client Component Browser]
    ./app/page.tsx [Server Component]

  Client Component SSR:
    ./lib/forms/schemas.ts [Client Component SSR]
    ./components/forms/rfq/RFQForm.tsx [Client Component SSR]
    ./app/page.tsx [Client Component SSR]
    ./app/page.tsx [Server Component]

https://nextjs.org/docs/messages/module-not-found @ http://localhost:3000/_next/static/chunks/5f34d_next_dist_253e5923._.js:1920
[  520706ms] [ERROR] ./app/layout.tsx:3:1
Module not found: Can't resolve '@fortawesome/fontawesome-svg-core'
  1 | import type { Metadata } from "next";
  2 | import { Geist, Geist_Mono } from "next/font/google";
> 3 | import { config } from '@fortawesome/fontawesome-svg-core';
    | ^^^^^^^^^^^^^^^^^^^^^^^^^^^^^^^^^^^^^^^^^^^^^^^^^^^^^^^^^^^
  4 | import '@fortawesome/fontawesome-svg-core/styles.css';
  5 | import "./globals.css";
  6 | import { Header } from "@/components/layout/Header";

https://nextjs.org/docs/messages/module-not-found @ http://localhost:3000/_next/static/chunks/5f34d_next_dist_253e5923._.js:1920
[  520707ms] [ERROR] ./app/layout.tsx:4:1
Module not found: Can't resolve '@fortawesome/fontawesome-svg-core/styles.css'
  2 | import { Geist, Geist_Mono } from "next/font/google";
  3 | import { config } from '@fortawesome/fontawesome-svg-core';
> 4 | import '@fortawesome/fontawesome-svg-core/styles.css';
    | ^^^^^^^^^^^^^^^^^^^^^^^^^^^^^^^^^^^^^^^^^^^^^^^^^^^^^^
  5 | import "./globals.css";
  6 | import { Header } from "@/components/layout/Header";
  7 | import { Footer } from "@/components/layout/Footer";

https://nextjs.org/docs/messages/module-not-found @ http://localhost:3000/_next/static/chunks/5f34d_next_dist_253e5923._.js:1920
[  520707ms] [ERROR] ./app/page.tsx:8:1
Module not found: Can't resolve '@fortawesome/free-solid-svg-icons'
   6 | import { LogoScroller } from '@/components/home/LogoScroller';
   7 | import { FontAwesomeIcon } from '@fortawesome/react-fontawesome';
>  8 | import {
     | ^^^^^^^^
>  9 |   faBolt,
     | ^^^^^^^^^
> 10 |   faNetworkWired,
     | ^^^^^^^^^
> 11 |   faCode,
     | ^^^^^^^^^
> 12 |   faArrowRight,
     | ^^^^^^^^^
> 13 |   faCircleCheck,
     | ^^^^^^^^^
> 14 |   faChevronDown,
     | ^^^^^^^^^
> 15 | } from '@fortawesome/free-solid-svg-icons';
     | ^^^^^^^^^^^^^^^^^^^^^^^^^^^^^^^^^^^^^^^^^^^^
  16 | import { ImageWithFallback } from '@/components/shared/ImageWithFallback';
  17 | import { RFQForm } from '@/components/forms/rfq';
  18 |

Import traces:
  Client Component Browser:
    ./app/page.tsx [Client Component Browser]
    ./app/page.tsx [Server Component]

  Client Component SSR:
    ./app/page.tsx [Client Component SSR]
    ./app/page.tsx [Server Component]

https://nextjs.org/docs/messages/module-not-found @ http://localhost:3000/_next/static/chunks/5f34d_next_dist_253e5923._.js:1920
[  520707ms] [ERROR] ./app/page.tsx:7:1
Module not found: Can't resolve '@fortawesome/react-fontawesome'
   5 | import { HeroSlider } from '@/components/home/HeroSlider';
   6 | import { LogoScroller } from '@/components/home/LogoScroller';
>  7 | import { FontAwesomeIcon } from '@fortawesome/react-fontawesome';
     | ^^^^^^^^^^^^^^^^^^^^^^^^^^^^^^^^^^^^^^^^^^^^^^^^^^^^^^^^^^^^^^^^^
   8 | import {
   9 |   faBolt,
  10 |   faNetworkWired,

Import traces:
  Client Component Browser:
    ./app/page.tsx [Client Component Browser]
    ./app/page.tsx [Server Component]

  Client Component SSR:
    ./app/page.tsx [Client Component SSR]
    ./app/page.tsx [Server Component]

https://nextjs.org/docs/messages/module-not-found @ http://localhost:3000/_next/static/chunks/5f34d_next_dist_253e5923._.js:1920
[  520707ms] [ERROR] ./components/forms/rfq/RFQForm.tsx:5:1
Module not found: Can't resolve '@hookform/resolvers/zod'
  3 | import { useEffect, useRef } from 'react';
  4 | import { useForm } from 'react-hook-form';
> 5 | import { zodResolver } from '@hookform/resolvers/zod';
    | ^^^^^^^^^^^^^^^^^^^^^^^^^^^^^^^^^^^^^^^^^^^^^^^^^^^^^^
  6 | import { CheckCircle } from 'lucide-react';
  7 | import { rfqSchema, rfqPresetSchema, type RFQFormData, type RFQPresetFormData } from '@/lib/forms/schemas';
  8 | import { useFormSubmit } from '@/hooks/useFormSubmit';

Import traces:
  Client Component Browser:
    ./components/forms/rfq/RFQForm.tsx [Client Component Browser]
    ./app/page.tsx [Client Component Browser]
    ./app/page.tsx [Server Component]

  Client Component SSR:
    ./components/forms/rfq/RFQForm.tsx [Client Component SSR]
    ./app/page.tsx [Client Component SSR]
    ./app/page.tsx [Server Component]

https://nextjs.org/docs/messages/module-not-found @ http://localhost:3000/_next/static/chunks/5f34d_next_dist_253e5923._.js:1920
[  520707ms] [ERROR] ./lib/forms/schemas.ts:1:1
Module not found: Can't resolve 'zod'
> 1 | import { z } from 'zod';
    | ^^^^^^^^^^^^^^^^^^^^^^^^
  2 |
  3 | const baseFields = {
  4 |   firstName: z.string().min(1, 'First name is required'),

Import traces:
  Client Component Browser:
    ./lib/forms/schemas.ts [Client Component Browser]
    ./components/forms/rfq/RFQForm.tsx [Client Component Browser]
    ./app/page.tsx [Client Component Browser]
    ./app/page.tsx [Server Component]

  Client Component SSR:
    ./lib/forms/schemas.ts [Client Component SSR]
    ./components/forms/rfq/RFQForm.tsx [Client Component SSR]
    ./app/page.tsx [Client Component SSR]
    ./app/page.tsx [Server Component]

https://nextjs.org/docs/messages/module-not-found @ http://localhost:3000/_next/static/chunks/5f34d_next_dist_253e5923._.js:1920
[  520788ms] [ERROR] ./app/layout.tsx:3:1
Module not found: Can't resolve '@fortawesome/fontawesome-svg-core'
  1 | import type { Metadata } from "next";
  2 | import { Geist, Geist_Mono } from "next/font/google";
> 3 | import { config } from '@fortawesome/fontawesome-svg-core';
    | ^^^^^^^^^^^^^^^^^^^^^^^^^^^^^^^^^^^^^^^^^^^^^^^^^^^^^^^^^^^
  4 | import '@fortawesome/fontawesome-svg-core/styles.css';
  5 | import "./globals.css";
  6 | import { Header } from "@/components/layout/Header";

https://nextjs.org/docs/messages/module-not-found @ http://localhost:3000/_next/static/chunks/5f34d_next_dist_253e5923._.js:1920
[  520789ms] [ERROR] ./app/layout.tsx:4:1
Module not found: Can't resolve '@fortawesome/fontawesome-svg-core/styles.css'
  2 | import { Geist, Geist_Mono } from "next/font/google";
  3 | import { config } from '@fortawesome/fontawesome-svg-core';
> 4 | import '@fortawesome/fontawesome-svg-core/styles.css';
    | ^^^^^^^^^^^^^^^^^^^^^^^^^^^^^^^^^^^^^^^^^^^^^^^^^^^^^^
  5 | import "./globals.css";
  6 | import { Header } from "@/components/layout/Header";
  7 | import { Footer } from "@/components/layout/Footer";

https://nextjs.org/docs/messages/module-not-found @ http://localhost:3000/_next/static/chunks/5f34d_next_dist_253e5923._.js:1920
[  520789ms] [ERROR] ./app/page.tsx:8:1
Module not found: Can't resolve '@fortawesome/free-solid-svg-icons'
   6 | import { LogoScroller } from '@/components/home/LogoScroller';
   7 | import { FontAwesomeIcon } from '@fortawesome/react-fontawesome';
>  8 | import {
     | ^^^^^^^^
>  9 |   faBolt,
     | ^^^^^^^^^
> 10 |   faNetworkWired,
     | ^^^^^^^^^
> 11 |   faCode,
     | ^^^^^^^^^
> 12 |   faArrowRight,
     | ^^^^^^^^^
> 13 |   faCircleCheck,
     | ^^^^^^^^^
> 14 |   faChevronDown,
     | ^^^^^^^^^
> 15 | } from '@fortawesome/free-solid-svg-icons';
     | ^^^^^^^^^^^^^^^^^^^^^^^^^^^^^^^^^^^^^^^^^^^^
  16 | import { ImageWithFallback } from '@/components/shared/ImageWithFallback';
  17 | import { RFQForm } from '@/components/forms/rfq';
  18 |

Import traces:
  Client Component Browser:
    ./app/page.tsx [Client Component Browser]
    ./app/page.tsx [Server Component]

  Client Component SSR:
    ./app/page.tsx [Client Component SSR]
    ./app/page.tsx [Server Component]

https://nextjs.org/docs/messages/module-not-found @ http://localhost:3000/_next/static/chunks/5f34d_next_dist_253e5923._.js:1920
[  520789ms] [ERROR] ./app/page.tsx:7:1
Module not found: Can't resolve '@fortawesome/react-fontawesome'
   5 | import { HeroSlider } from '@/components/home/HeroSlider';
   6 | import { LogoScroller } from '@/components/home/LogoScroller';
>  7 | import { FontAwesomeIcon } from '@fortawesome/react-fontawesome';
     | ^^^^^^^^^^^^^^^^^^^^^^^^^^^^^^^^^^^^^^^^^^^^^^^^^^^^^^^^^^^^^^^^^
   8 | import {
   9 |   faBolt,
  10 |   faNetworkWired,

Import traces:
  Client Component Browser:
    ./app/page.tsx [Client Component Browser]
    ./app/page.tsx [Server Component]

  Client Component SSR:
    ./app/page.tsx [Client Component SSR]
    ./app/page.tsx [Server Component]

https://nextjs.org/docs/messages/module-not-found @ http://localhost:3000/_next/static/chunks/5f34d_next_dist_253e5923._.js:1920
[  520789ms] [ERROR] ./components/forms/rfq/RFQForm.tsx:5:1
Module not found: Can't resolve '@hookform/resolvers/zod'
  3 | import { useEffect, useRef } from 'react';
  4 | import { useForm } from 'react-hook-form';
> 5 | import { zodResolver } from '@hookform/resolvers/zod';
    | ^^^^^^^^^^^^^^^^^^^^^^^^^^^^^^^^^^^^^^^^^^^^^^^^^^^^^^
  6 | import { CheckCircle } from 'lucide-react';
  7 | import { rfqSchema, rfqPresetSchema, type RFQFormData, type RFQPresetFormData } from '@/lib/forms/schemas';
  8 | import { useFormSubmit } from '@/hooks/useFormSubmit';

Import traces:
  Client Component Browser:
    ./components/forms/rfq/RFQForm.tsx [Client Component Browser]
    ./app/page.tsx [Client Component Browser]
    ./app/page.tsx [Server Component]

  Client Component SSR:
    ./components/forms/rfq/RFQForm.tsx [Client Component SSR]
    ./app/page.tsx [Client Component SSR]
    ./app/page.tsx [Server Component]

https://nextjs.org/docs/messages/module-not-found @ http://localhost:3000/_next/static/chunks/5f34d_next_dist_253e5923._.js:1920
[  520789ms] [ERROR] ./lib/forms/schemas.ts:1:1
Module not found: Can't resolve 'zod'
> 1 | import { z } from 'zod';
    | ^^^^^^^^^^^^^^^^^^^^^^^^
  2 |
  3 | const baseFields = {
  4 |   firstName: z.string().min(1, 'First name is required'),

Import traces:
  Client Component Browser:
    ./lib/forms/schemas.ts [Client Component Browser]
    ./components/forms/rfq/RFQForm.tsx [Client Component Browser]
    ./app/page.tsx [Client Component Browser]
    ./app/page.tsx [Server Component]

  Client Component SSR:
    ./lib/forms/schemas.ts [Client Component SSR]
    ./components/forms/rfq/RFQForm.tsx [Client Component SSR]
    ./app/page.tsx [Client Component SSR]
    ./app/page.tsx [Server Component]

https://nextjs.org/docs/messages/module-not-found @ http://localhost:3000/_next/static/chunks/5f34d_next_dist_253e5923._.js:1920
[  520862ms] [ERROR] ./app/layout.tsx:3:1
Module not found: Can't resolve '@fortawesome/fontawesome-svg-core'
  1 | import type { Metadata } from "next";
  2 | import { Geist, Geist_Mono } from "next/font/google";
> 3 | import { config } from '@fortawesome/fontawesome-svg-core';
    | ^^^^^^^^^^^^^^^^^^^^^^^^^^^^^^^^^^^^^^^^^^^^^^^^^^^^^^^^^^^
  4 | import '@fortawesome/fontawesome-svg-core/styles.css';
  5 | import "./globals.css";
  6 | import { Header } from "@/components/layout/Header";

https://nextjs.org/docs/messages/module-not-found @ http://localhost:3000/_next/static/chunks/5f34d_next_dist_253e5923._.js:1920
[  520862ms] [ERROR] ./app/layout.tsx:4:1
Module not found: Can't resolve '@fortawesome/fontawesome-svg-core/styles.css'
  2 | import { Geist, Geist_Mono } from "next/font/google";
  3 | import { config } from '@fortawesome/fontawesome-svg-core';
> 4 | import '@fortawesome/fontawesome-svg-core/styles.css';
    | ^^^^^^^^^^^^^^^^^^^^^^^^^^^^^^^^^^^^^^^^^^^^^^^^^^^^^^
  5 | import "./globals.css";
  6 | import { Header } from "@/components/layout/Header";
  7 | import { Footer } from "@/components/layout/Footer";

https://nextjs.org/docs/messages/module-not-found @ http://localhost:3000/_next/static/chunks/5f34d_next_dist_253e5923._.js:1920
[  520862ms] [ERROR] ./app/page.tsx:8:1
Module not found: Can't resolve '@fortawesome/free-solid-svg-icons'
   6 | import { LogoScroller } from '@/components/home/LogoScroller';
   7 | import { FontAwesomeIcon } from '@fortawesome/react-fontawesome';
>  8 | import {
     | ^^^^^^^^
>  9 |   faBolt,
     | ^^^^^^^^^
> 10 |   faNetworkWired,
     | ^^^^^^^^^
> 11 |   faCode,
     | ^^^^^^^^^
> 12 |   faArrowRight,
     | ^^^^^^^^^
> 13 |   faCircleCheck,
     | ^^^^^^^^^
> 14 |   faChevronDown,
     | ^^^^^^^^^
> 15 | } from '@fortawesome/free-solid-svg-icons';
     | ^^^^^^^^^^^^^^^^^^^^^^^^^^^^^^^^^^^^^^^^^^^^
  16 | import { ImageWithFallback } from '@/components/shared/ImageWithFallback';
  17 | import { RFQForm } from '@/components/forms/rfq';
  18 |

Import traces:
  Client Component Browser:
    ./app/page.tsx [Client Component Browser]
    ./app/page.tsx [Server Component]

  Client Component SSR:
    ./app/page.tsx [Client Component SSR]
    ./app/page.tsx [Server Component]

https://nextjs.org/docs/messages/module-not-found @ http://localhost:3000/_next/static/chunks/5f34d_next_dist_253e5923._.js:1920
[  520862ms] [ERROR] ./app/page.tsx:7:1
Module not found: Can't resolve '@fortawesome/react-fontawesome'
   5 | import { HeroSlider } from '@/components/home/HeroSlider';
   6 | import { LogoScroller } from '@/components/home/LogoScroller';
>  7 | import { FontAwesomeIcon } from '@fortawesome/react-fontawesome';
     | ^^^^^^^^^^^^^^^^^^^^^^^^^^^^^^^^^^^^^^^^^^^^^^^^^^^^^^^^^^^^^^^^^
   8 | import {
   9 |   faBolt,
  10 |   faNetworkWired,

Import traces:
  Client Component Browser:
    ./app/page.tsx [Client Component Browser]
    ./app/page.tsx [Server Component]

  Client Component SSR:
    ./app/page.tsx [Client Component SSR]
    ./app/page.tsx [Server Component]

https://nextjs.org/docs/messages/module-not-found @ http://localhost:3000/_next/static/chunks/5f34d_next_dist_253e5923._.js:1920
[  520863ms] [ERROR] ./components/forms/rfq/RFQForm.tsx:5:1
Module not found: Can't resolve '@hookform/resolvers/zod'
  3 | import { useEffect, useRef } from 'react';
  4 | import { useForm } from 'react-hook-form';
> 5 | import { zodResolver } from '@hookform/resolvers/zod';
    | ^^^^^^^^^^^^^^^^^^^^^^^^^^^^^^^^^^^^^^^^^^^^^^^^^^^^^^
  6 | import { CheckCircle } from 'lucide-react';
  7 | import { rfqSchema, rfqPresetSchema, type RFQFormData, type RFQPresetFormData } from '@/lib/forms/schemas';
  8 | import { useFormSubmit } from '@/hooks/useFormSubmit';

Import traces:
  Client Component Browser:
    ./components/forms/rfq/RFQForm.tsx [Client Component Browser]
    ./app/page.tsx [Client Component Browser]
    ./app/page.tsx [Server Component]

  Client Component SSR:
    ./components/forms/rfq/RFQForm.tsx [Client Component SSR]
    ./app/page.tsx [Client Component SSR]
    ./app/page.tsx [Server Component]

https://nextjs.org/docs/messages/module-not-found @ http://localhost:3000/_next/static/chunks/5f34d_next_dist_253e5923._.js:1920
[  520863ms] [ERROR] ./lib/forms/schemas.ts:1:1
Module not found: Can't resolve 'zod'
> 1 | import { z } from 'zod';
    | ^^^^^^^^^^^^^^^^^^^^^^^^
  2 |
  3 | const baseFields = {
  4 |   firstName: z.string().min(1, 'First name is required'),

Import traces:
  Client Component Browser:
    ./lib/forms/schemas.ts [Client Component Browser]
    ./components/forms/rfq/RFQForm.tsx [Client Component Browser]
    ./app/page.tsx [Client Component Browser]
    ./app/page.tsx [Server Component]

  Client Component SSR:
    ./lib/forms/schemas.ts [Client Component SSR]
    ./components/forms/rfq/RFQForm.tsx [Client Component SSR]
    ./app/page.tsx [Client Component SSR]
    ./app/page.tsx [Server Component]

https://nextjs.org/docs/messages/module-not-found @ http://localhost:3000/_next/static/chunks/5f34d_next_dist_253e5923._.js:1920
[  520941ms] [ERROR] ./app/layout.tsx:3:1
Module not found: Can't resolve '@fortawesome/fontawesome-svg-core'
  1 | import type { Metadata } from "next";
  2 | import { Geist, Geist_Mono } from "next/font/google";
> 3 | import { config } from '@fortawesome/fontawesome-svg-core';
    | ^^^^^^^^^^^^^^^^^^^^^^^^^^^^^^^^^^^^^^^^^^^^^^^^^^^^^^^^^^^
  4 | import '@fortawesome/fontawesome-svg-core/styles.css';
  5 | import "./globals.css";
  6 | import { Header } from "@/components/layout/Header";

https://nextjs.org/docs/messages/module-not-found @ http://localhost:3000/_next/static/chunks/5f34d_next_dist_253e5923._.js:1920
[  520941ms] [ERROR] ./app/layout.tsx:4:1
Module not found: Can't resolve '@fortawesome/fontawesome-svg-core/styles.css'
  2 | import { Geist, Geist_Mono } from "next/font/google";
  3 | import { config } from '@fortawesome/fontawesome-svg-core';
> 4 | import '@fortawesome/fontawesome-svg-core/styles.css';
    | ^^^^^^^^^^^^^^^^^^^^^^^^^^^^^^^^^^^^^^^^^^^^^^^^^^^^^^
  5 | import "./globals.css";
  6 | import { Header } from "@/components/layout/Header";
  7 | import { Footer } from "@/components/layout/Footer";

https://nextjs.org/docs/messages/module-not-found @ http://localhost:3000/_next/static/chunks/5f34d_next_dist_253e5923._.js:1920
[  520942ms] [ERROR] ./app/page.tsx:8:1
Module not found: Can't resolve '@fortawesome/free-solid-svg-icons'
   6 | import { LogoScroller } from '@/components/home/LogoScroller';
   7 | import { FontAwesomeIcon } from '@fortawesome/react-fontawesome';
>  8 | import {
     | ^^^^^^^^
>  9 |   faBolt,
     | ^^^^^^^^^
> 10 |   faNetworkWired,
     | ^^^^^^^^^
> 11 |   faCode,
     | ^^^^^^^^^
> 12 |   faArrowRight,
     | ^^^^^^^^^
> 13 |   faCircleCheck,
     | ^^^^^^^^^
> 14 |   faChevronDown,
     | ^^^^^^^^^
> 15 | } from '@fortawesome/free-solid-svg-icons';
     | ^^^^^^^^^^^^^^^^^^^^^^^^^^^^^^^^^^^^^^^^^^^^
  16 | import { ImageWithFallback } from '@/components/shared/ImageWithFallback';
  17 | import { RFQForm } from '@/components/forms/rfq';
  18 |

Import traces:
  Client Component Browser:
    ./app/page.tsx [Client Component Browser]
    ./app/page.tsx [Server Component]

  Client Component SSR:
    ./app/page.tsx [Client Component SSR]
    ./app/page.tsx [Server Component]

https://nextjs.org/docs/messages/module-not-found @ http://localhost:3000/_next/static/chunks/5f34d_next_dist_253e5923._.js:1920
[  520942ms] [ERROR] ./app/page.tsx:7:1
Module not found: Can't resolve '@fortawesome/react-fontawesome'
   5 | import { HeroSlider } from '@/components/home/HeroSlider';
   6 | import { LogoScroller } from '@/components/home/LogoScroller';
>  7 | import { FontAwesomeIcon } from '@fortawesome/react-fontawesome';
     | ^^^^^^^^^^^^^^^^^^^^^^^^^^^^^^^^^^^^^^^^^^^^^^^^^^^^^^^^^^^^^^^^^
   8 | import {
   9 |   faBolt,
  10 |   faNetworkWired,

Import traces:
  Client Component Browser:
    ./app/page.tsx [Client Component Browser]
    ./app/page.tsx [Server Component]

  Client Component SSR:
    ./app/page.tsx [Client Component SSR]
    ./app/page.tsx [Server Component]

https://nextjs.org/docs/messages/module-not-found @ http://localhost:3000/_next/static/chunks/5f34d_next_dist_253e5923._.js:1920
[  520942ms] [ERROR] ./components/forms/rfq/RFQForm.tsx:5:1
Module not found: Can't resolve '@hookform/resolvers/zod'
  3 | import { useEffect, useRef } from 'react';
  4 | import { useForm } from 'react-hook-form';
> 5 | import { zodResolver } from '@hookform/resolvers/zod';
    | ^^^^^^^^^^^^^^^^^^^^^^^^^^^^^^^^^^^^^^^^^^^^^^^^^^^^^^
  6 | import { CheckCircle } from 'lucide-react';
  7 | import { rfqSchema, rfqPresetSchema, type RFQFormData, type RFQPresetFormData } from '@/lib/forms/schemas';
  8 | import { useFormSubmit } from '@/hooks/useFormSubmit';

Import traces:
  Client Component Browser:
    ./components/forms/rfq/RFQForm.tsx [Client Component Browser]
    ./app/page.tsx [Client Component Browser]
    ./app/page.tsx [Server Component]

  Client Component SSR:
    ./components/forms/rfq/RFQForm.tsx [Client Component SSR]
    ./app/page.tsx [Client Component SSR]
    ./app/page.tsx [Server Component]

https://nextjs.org/docs/messages/module-not-found @ http://localhost:3000/_next/static/chunks/5f34d_next_dist_253e5923._.js:1920
[  520943ms] [ERROR] ./lib/forms/schemas.ts:1:1
Module not found: Can't resolve 'zod'
> 1 | import { z } from 'zod';
    | ^^^^^^^^^^^^^^^^^^^^^^^^
  2 |
  3 | const baseFields = {
  4 |   firstName: z.string().min(1, 'First name is required'),

Import traces:
  Client Component Browser:
    ./lib/forms/schemas.ts [Client Component Browser]
    ./components/forms/rfq/RFQForm.tsx [Client Component Browser]
    ./app/page.tsx [Client Component Browser]
    ./app/page.tsx [Server Component]

  Client Component SSR:
    ./lib/forms/schemas.ts [Client Component SSR]
    ./components/forms/rfq/RFQForm.tsx [Client Component SSR]
    ./app/page.tsx [Client Component SSR]
    ./app/page.tsx [Server Component]

https://nextjs.org/docs/messages/module-not-found @ http://localhost:3000/_next/static/chunks/5f34d_next_dist_253e5923._.js:1920
[  521021ms] [ERROR] ./app/layout.tsx:3:1
Module not found: Can't resolve '@fortawesome/fontawesome-svg-core'
  1 | import type { Metadata } from "next";
  2 | import { Geist, Geist_Mono } from "next/font/google";
> 3 | import { config } from '@fortawesome/fontawesome-svg-core';
    | ^^^^^^^^^^^^^^^^^^^^^^^^^^^^^^^^^^^^^^^^^^^^^^^^^^^^^^^^^^^
  4 | import '@fortawesome/fontawesome-svg-core/styles.css';
  5 | import "./globals.css";
  6 | import { Header } from "@/components/layout/Header";

https://nextjs.org/docs/messages/module-not-found @ http://localhost:3000/_next/static/chunks/5f34d_next_dist_253e5923._.js:1920
[  521021ms] [ERROR] ./app/layout.tsx:4:1
Module not found: Can't resolve '@fortawesome/fontawesome-svg-core/styles.css'
  2 | import { Geist, Geist_Mono } from "next/font/google";
  3 | import { config } from '@fortawesome/fontawesome-svg-core';
> 4 | import '@fortawesome/fontawesome-svg-core/styles.css';
    | ^^^^^^^^^^^^^^^^^^^^^^^^^^^^^^^^^^^^^^^^^^^^^^^^^^^^^^
  5 | import "./globals.css";
  6 | import { Header } from "@/components/layout/Header";
  7 | import { Footer } from "@/components/layout/Footer";

https://nextjs.org/docs/messages/module-not-found @ http://localhost:3000/_next/static/chunks/5f34d_next_dist_253e5923._.js:1920
[  521021ms] [ERROR] ./app/page.tsx:8:1
Module not found: Can't resolve '@fortawesome/free-solid-svg-icons'
   6 | import { LogoScroller } from '@/components/home/LogoScroller';
   7 | import { FontAwesomeIcon } from '@fortawesome/react-fontawesome';
>  8 | import {
     | ^^^^^^^^
>  9 |   faBolt,
     | ^^^^^^^^^
> 10 |   faNetworkWired,
     | ^^^^^^^^^
> 11 |   faCode,
     | ^^^^^^^^^
> 12 |   faArrowRight,
     | ^^^^^^^^^
> 13 |   faCircleCheck,
     | ^^^^^^^^^
> 14 |   faChevronDown,
     | ^^^^^^^^^
> 15 | } from '@fortawesome/free-solid-svg-icons';
     | ^^^^^^^^^^^^^^^^^^^^^^^^^^^^^^^^^^^^^^^^^^^^
  16 | import { ImageWithFallback } from '@/components/shared/ImageWithFallback';
  17 | import { RFQForm } from '@/components/forms/rfq';
  18 |

Import traces:
  Client Component Browser:
    ./app/page.tsx [Client Component Browser]
    ./app/page.tsx [Server Component]

  Client Component SSR:
    ./app/page.tsx [Client Component SSR]
    ./app/page.tsx [Server Component]

https://nextjs.org/docs/messages/module-not-found @ http://localhost:3000/_next/static/chunks/5f34d_next_dist_253e5923._.js:1920
[  521021ms] [ERROR] ./app/page.tsx:7:1
Module not found: Can't resolve '@fortawesome/react-fontawesome'
   5 | import { HeroSlider } from '@/components/home/HeroSlider';
   6 | import { LogoScroller } from '@/components/home/LogoScroller';
>  7 | import { FontAwesomeIcon } from '@fortawesome/react-fontawesome';
     | ^^^^^^^^^^^^^^^^^^^^^^^^^^^^^^^^^^^^^^^^^^^^^^^^^^^^^^^^^^^^^^^^^
   8 | import {
   9 |   faBolt,
  10 |   faNetworkWired,

Import traces:
  Client Component Browser:
    ./app/page.tsx [Client Component Browser]
    ./app/page.tsx [Server Component]

  Client Component SSR:
    ./app/page.tsx [Client Component SSR]
    ./app/page.tsx [Server Component]

https://nextjs.org/docs/messages/module-not-found @ http://localhost:3000/_next/static/chunks/5f34d_next_dist_253e5923._.js:1920
[  521021ms] [ERROR] ./components/forms/rfq/RFQForm.tsx:5:1
Module not found: Can't resolve '@hookform/resolvers/zod'
  3 | import { useEffect, useRef } from 'react';
  4 | import { useForm } from 'react-hook-form';
> 5 | import { zodResolver } from '@hookform/resolvers/zod';
    | ^^^^^^^^^^^^^^^^^^^^^^^^^^^^^^^^^^^^^^^^^^^^^^^^^^^^^^
  6 | import { CheckCircle } from 'lucide-react';
  7 | import { rfqSchema, rfqPresetSchema, type RFQFormData, type RFQPresetFormData } from '@/lib/forms/schemas';
  8 | import { useFormSubmit } from '@/hooks/useFormSubmit';

Import traces:
  Client Component Browser:
    ./components/forms/rfq/RFQForm.tsx [Client Component Browser]
    ./app/page.tsx [Client Component Browser]
    ./app/page.tsx [Server Component]

  Client Component SSR:
    ./components/forms/rfq/RFQForm.tsx [Client Component SSR]
    ./app/page.tsx [Client Component SSR]
    ./app/page.tsx [Server Component]

https://nextjs.org/docs/messages/module-not-found @ http://localhost:3000/_next/static/chunks/5f34d_next_dist_253e5923._.js:1920
[  521022ms] [ERROR] ./lib/forms/schemas.ts:1:1
Module not found: Can't resolve 'zod'
> 1 | import { z } from 'zod';
    | ^^^^^^^^^^^^^^^^^^^^^^^^
  2 |
  3 | const baseFields = {
  4 |   firstName: z.string().min(1, 'First name is required'),

Import traces:
  Client Component Browser:
    ./lib/forms/schemas.ts [Client Component Browser]
    ./components/forms/rfq/RFQForm.tsx [Client Component Browser]
    ./app/page.tsx [Client Component Browser]
    ./app/page.tsx [Server Component]

  Client Component SSR:
    ./lib/forms/schemas.ts [Client Component SSR]
    ./components/forms/rfq/RFQForm.tsx [Client Component SSR]
    ./app/page.tsx [Client Component SSR]
    ./app/page.tsx [Server Component]

https://nextjs.org/docs/messages/module-not-found @ http://localhost:3000/_next/static/chunks/5f34d_next_dist_253e5923._.js:1920
[  521099ms] [ERROR] ./app/layout.tsx:3:1
Module not found: Can't resolve '@fortawesome/fontawesome-svg-core'
  1 | import type { Metadata } from "next";
  2 | import { Geist, Geist_Mono } from "next/font/google";
> 3 | import { config } from '@fortawesome/fontawesome-svg-core';
    | ^^^^^^^^^^^^^^^^^^^^^^^^^^^^^^^^^^^^^^^^^^^^^^^^^^^^^^^^^^^
  4 | import '@fortawesome/fontawesome-svg-core/styles.css';
  5 | import "./globals.css";
  6 | import { Header } from "@/components/layout/Header";

https://nextjs.org/docs/messages/module-not-found @ http://localhost:3000/_next/static/chunks/5f34d_next_dist_253e5923._.js:1920
[  521099ms] [ERROR] ./app/layout.tsx:4:1
Module not found: Can't resolve '@fortawesome/fontawesome-svg-core/styles.css'
  2 | import { Geist, Geist_Mono } from "next/font/google";
  3 | import { config } from '@fortawesome/fontawesome-svg-core';
> 4 | import '@fortawesome/fontawesome-svg-core/styles.css';
    | ^^^^^^^^^^^^^^^^^^^^^^^^^^^^^^^^^^^^^^^^^^^^^^^^^^^^^^
  5 | import "./globals.css";
  6 | import { Header } from "@/components/layout/Header";
  7 | import { Footer } from "@/components/layout/Footer";

https://nextjs.org/docs/messages/module-not-found @ http://localhost:3000/_next/static/chunks/5f34d_next_dist_253e5923._.js:1920
[  521099ms] [ERROR] ./app/page.tsx:8:1
Module not found: Can't resolve '@fortawesome/free-solid-svg-icons'
   6 | import { LogoScroller } from '@/components/home/LogoScroller';
   7 | import { FontAwesomeIcon } from '@fortawesome/react-fontawesome';
>  8 | import {
     | ^^^^^^^^
>  9 |   faBolt,
     | ^^^^^^^^^
> 10 |   faNetworkWired,
     | ^^^^^^^^^
> 11 |   faCode,
     | ^^^^^^^^^
> 12 |   faArrowRight,
     | ^^^^^^^^^
> 13 |   faCircleCheck,
     | ^^^^^^^^^
> 14 |   faChevronDown,
     | ^^^^^^^^^
> 15 | } from '@fortawesome/free-solid-svg-icons';
     | ^^^^^^^^^^^^^^^^^^^^^^^^^^^^^^^^^^^^^^^^^^^^
  16 | import { ImageWithFallback } from '@/components/shared/ImageWithFallback';
  17 | import { RFQForm } from '@/components/forms/rfq';
  18 |

Import traces:
  Client Component Browser:
    ./app/page.tsx [Client Component Browser]
    ./app/page.tsx [Server Component]

  Client Component SSR:
    ./app/page.tsx [Client Component SSR]
    ./app/page.tsx [Server Component]

https://nextjs.org/docs/messages/module-not-found @ http://localhost:3000/_next/static/chunks/5f34d_next_dist_253e5923._.js:1920
[  521099ms] [ERROR] ./app/page.tsx:7:1
Module not found: Can't resolve '@fortawesome/react-fontawesome'
   5 | import { HeroSlider } from '@/components/home/HeroSlider';
   6 | import { LogoScroller } from '@/components/home/LogoScroller';
>  7 | import { FontAwesomeIcon } from '@fortawesome/react-fontawesome';
     | ^^^^^^^^^^^^^^^^^^^^^^^^^^^^^^^^^^^^^^^^^^^^^^^^^^^^^^^^^^^^^^^^^
   8 | import {
   9 |   faBolt,
  10 |   faNetworkWired,

Import traces:
  Client Component Browser:
    ./app/page.tsx [Client Component Browser]
    ./app/page.tsx [Server Component]

  Client Component SSR:
    ./app/page.tsx [Client Component SSR]
    ./app/page.tsx [Server Component]

https://nextjs.org/docs/messages/module-not-found @ http://localhost:3000/_next/static/chunks/5f34d_next_dist_253e5923._.js:1920
[  521099ms] [ERROR] ./components/forms/rfq/RFQForm.tsx:5:1
Module not found: Can't resolve '@hookform/resolvers/zod'
  3 | import { useEffect, useRef } from 'react';
  4 | import { useForm } from 'react-hook-form';
> 5 | import { zodResolver } from '@hookform/resolvers/zod';
    | ^^^^^^^^^^^^^^^^^^^^^^^^^^^^^^^^^^^^^^^^^^^^^^^^^^^^^^
  6 | import { CheckCircle } from 'lucide-react';
  7 | import { rfqSchema, rfqPresetSchema, type RFQFormData, type RFQPresetFormData } from '@/lib/forms/schemas';
  8 | import { useFormSubmit } from '@/hooks/useFormSubmit';

Import traces:
  Client Component Browser:
    ./components/forms/rfq/RFQForm.tsx [Client Component Browser]
    ./app/page.tsx [Client Component Browser]
    ./app/page.tsx [Server Component]

  Client Component SSR:
    ./components/forms/rfq/RFQForm.tsx [Client Component SSR]
    ./app/page.tsx [Client Component SSR]
    ./app/page.tsx [Server Component]

https://nextjs.org/docs/messages/module-not-found @ http://localhost:3000/_next/static/chunks/5f34d_next_dist_253e5923._.js:1920
[  521099ms] [ERROR] ./lib/forms/schemas.ts:1:1
Module not found: Can't resolve 'zod'
> 1 | import { z } from 'zod';
    | ^^^^^^^^^^^^^^^^^^^^^^^^
  2 |
  3 | const baseFields = {
  4 |   firstName: z.string().min(1, 'First name is required'),

Import traces:
  Client Component Browser:
    ./lib/forms/schemas.ts [Client Component Browser]
    ./components/forms/rfq/RFQForm.tsx [Client Component Browser]
    ./app/page.tsx [Client Component Browser]
    ./app/page.tsx [Server Component]

  Client Component SSR:
    ./lib/forms/schemas.ts [Client Component SSR]
    ./components/forms/rfq/RFQForm.tsx [Client Component SSR]
    ./app/page.tsx [Client Component SSR]
    ./app/page.tsx [Server Component]

https://nextjs.org/docs/messages/module-not-found @ http://localhost:3000/_next/static/chunks/5f34d_next_dist_253e5923._.js:1920
[  521175ms] [ERROR] ./app/layout.tsx:3:1
Module not found: Can't resolve '@fortawesome/fontawesome-svg-core'
  1 | import type { Metadata } from "next";
  2 | import { Geist, Geist_Mono } from "next/font/google";
> 3 | import { config } from '@fortawesome/fontawesome-svg-core';
    | ^^^^^^^^^^^^^^^^^^^^^^^^^^^^^^^^^^^^^^^^^^^^^^^^^^^^^^^^^^^
  4 | import '@fortawesome/fontawesome-svg-core/styles.css';
  5 | import "./globals.css";
  6 | import { Header } from "@/components/layout/Header";

https://nextjs.org/docs/messages/module-not-found @ http://localhost:3000/_next/static/chunks/5f34d_next_dist_253e5923._.js:1920
[  521175ms] [ERROR] ./app/layout.tsx:4:1
Module not found: Can't resolve '@fortawesome/fontawesome-svg-core/styles.css'
  2 | import { Geist, Geist_Mono } from "next/font/google";
  3 | import { config } from '@fortawesome/fontawesome-svg-core';
> 4 | import '@fortawesome/fontawesome-svg-core/styles.css';
    | ^^^^^^^^^^^^^^^^^^^^^^^^^^^^^^^^^^^^^^^^^^^^^^^^^^^^^^
  5 | import "./globals.css";
  6 | import { Header } from "@/components/layout/Header";
  7 | import { Footer } from "@/components/layout/Footer";

https://nextjs.org/docs/messages/module-not-found @ http://localhost:3000/_next/static/chunks/5f34d_next_dist_253e5923._.js:1920
[  521175ms] [ERROR] ./app/page.tsx:8:1
Module not found: Can't resolve '@fortawesome/free-solid-svg-icons'
   6 | import { LogoScroller } from '@/components/home/LogoScroller';
   7 | import { FontAwesomeIcon } from '@fortawesome/react-fontawesome';
>  8 | import {
     | ^^^^^^^^
>  9 |   faBolt,
     | ^^^^^^^^^
> 10 |   faNetworkWired,
     | ^^^^^^^^^
> 11 |   faCode,
     | ^^^^^^^^^
> 12 |   faArrowRight,
     | ^^^^^^^^^
> 13 |   faCircleCheck,
     | ^^^^^^^^^
> 14 |   faChevronDown,
     | ^^^^^^^^^
> 15 | } from '@fortawesome/free-solid-svg-icons';
     | ^^^^^^^^^^^^^^^^^^^^^^^^^^^^^^^^^^^^^^^^^^^^
  16 | import { ImageWithFallback } from '@/components/shared/ImageWithFallback';
  17 | import { RFQForm } from '@/components/forms/rfq';
  18 |

Import traces:
  Client Component Browser:
    ./app/page.tsx [Client Component Browser]
    ./app/page.tsx [Server Component]

  Client Component SSR:
    ./app/page.tsx [Client Component SSR]
    ./app/page.tsx [Server Component]

https://nextjs.org/docs/messages/module-not-found @ http://localhost:3000/_next/static/chunks/5f34d_next_dist_253e5923._.js:1920
[  521176ms] [ERROR] ./app/page.tsx:7:1
Module not found: Can't resolve '@fortawesome/react-fontawesome'
   5 | import { HeroSlider } from '@/components/home/HeroSlider';
   6 | import { LogoScroller } from '@/components/home/LogoScroller';
>  7 | import { FontAwesomeIcon } from '@fortawesome/react-fontawesome';
     | ^^^^^^^^^^^^^^^^^^^^^^^^^^^^^^^^^^^^^^^^^^^^^^^^^^^^^^^^^^^^^^^^^
   8 | import {
   9 |   faBolt,
  10 |   faNetworkWired,

Import traces:
  Client Component Browser:
    ./app/page.tsx [Client Component Browser]
    ./app/page.tsx [Server Component]

  Client Component SSR:
    ./app/page.tsx [Client Component SSR]
    ./app/page.tsx [Server Component]

https://nextjs.org/docs/messages/module-not-found @ http://localhost:3000/_next/static/chunks/5f34d_next_dist_253e5923._.js:1920
[  521176ms] [ERROR] ./components/forms/rfq/RFQForm.tsx:5:1
Module not found: Can't resolve '@hookform/resolvers/zod'
  3 | import { useEffect, useRef } from 'react';
  4 | import { useForm } from 'react-hook-form';
> 5 | import { zodResolver } from '@hookform/resolvers/zod';
    | ^^^^^^^^^^^^^^^^^^^^^^^^^^^^^^^^^^^^^^^^^^^^^^^^^^^^^^
  6 | import { CheckCircle } from 'lucide-react';
  7 | import { rfqSchema, rfqPresetSchema, type RFQFormData, type RFQPresetFormData } from '@/lib/forms/schemas';
  8 | import { useFormSubmit } from '@/hooks/useFormSubmit';

Import traces:
  Client Component Browser:
    ./components/forms/rfq/RFQForm.tsx [Client Component Browser]
    ./app/page.tsx [Client Component Browser]
    ./app/page.tsx [Server Component]

  Client Component SSR:
    ./components/forms/rfq/RFQForm.tsx [Client Component SSR]
    ./app/page.tsx [Client Component SSR]
    ./app/page.tsx [Server Component]

https://nextjs.org/docs/messages/module-not-found @ http://localhost:3000/_next/static/chunks/5f34d_next_dist_253e5923._.js:1920
[  521176ms] [ERROR] ./lib/forms/schemas.ts:1:1
Module not found: Can't resolve 'zod'
> 1 | import { z } from 'zod';
    | ^^^^^^^^^^^^^^^^^^^^^^^^
  2 |
  3 | const baseFields = {
  4 |   firstName: z.string().min(1, 'First name is required'),

Import traces:
  Client Component Browser:
    ./lib/forms/schemas.ts [Client Component Browser]
    ./components/forms/rfq/RFQForm.tsx [Client Component Browser]
    ./app/page.tsx [Client Component Browser]
    ./app/page.tsx [Server Component]

  Client Component SSR:
    ./lib/forms/schemas.ts [Client Component SSR]
    ./components/forms/rfq/RFQForm.tsx [Client Component SSR]
    ./app/page.tsx [Client Component SSR]
    ./app/page.tsx [Server Component]

https://nextjs.org/docs/messages/module-not-found @ http://localhost:3000/_next/static/chunks/5f34d_next_dist_253e5923._.js:1920
[  521253ms] [ERROR] ./app/layout.tsx:3:1
Module not found: Can't resolve '@fortawesome/fontawesome-svg-core'
  1 | import type { Metadata } from "next";
  2 | import { Geist, Geist_Mono } from "next/font/google";
> 3 | import { config } from '@fortawesome/fontawesome-svg-core';
    | ^^^^^^^^^^^^^^^^^^^^^^^^^^^^^^^^^^^^^^^^^^^^^^^^^^^^^^^^^^^
  4 | import '@fortawesome/fontawesome-svg-core/styles.css';
  5 | import "./globals.css";
  6 | import { Header } from "@/components/layout/Header";

https://nextjs.org/docs/messages/module-not-found @ http://localhost:3000/_next/static/chunks/5f34d_next_dist_253e5923._.js:1920
[  521253ms] [ERROR] ./app/layout.tsx:4:1
Module not found: Can't resolve '@fortawesome/fontawesome-svg-core/styles.css'
  2 | import { Geist, Geist_Mono } from "next/font/google";
  3 | import { config } from '@fortawesome/fontawesome-svg-core';
> 4 | import '@fortawesome/fontawesome-svg-core/styles.css';
    | ^^^^^^^^^^^^^^^^^^^^^^^^^^^^^^^^^^^^^^^^^^^^^^^^^^^^^^
  5 | import "./globals.css";
  6 | import { Header } from "@/components/layout/Header";
  7 | import { Footer } from "@/components/layout/Footer";

https://nextjs.org/docs/messages/module-not-found @ http://localhost:3000/_next/static/chunks/5f34d_next_dist_253e5923._.js:1920
[  521253ms] [ERROR] ./app/page.tsx:8:1
Module not found: Can't resolve '@fortawesome/free-solid-svg-icons'
   6 | import { LogoScroller } from '@/components/home/LogoScroller';
   7 | import { FontAwesomeIcon } from '@fortawesome/react-fontawesome';
>  8 | import {
     | ^^^^^^^^
>  9 |   faBolt,
     | ^^^^^^^^^
> 10 |   faNetworkWired,
     | ^^^^^^^^^
> 11 |   faCode,
     | ^^^^^^^^^
> 12 |   faArrowRight,
     | ^^^^^^^^^
> 13 |   faCircleCheck,
     | ^^^^^^^^^
> 14 |   faChevronDown,
     | ^^^^^^^^^
> 15 | } from '@fortawesome/free-solid-svg-icons';
     | ^^^^^^^^^^^^^^^^^^^^^^^^^^^^^^^^^^^^^^^^^^^^
  16 | import { ImageWithFallback } from '@/components/shared/ImageWithFallback';
  17 | import { RFQForm } from '@/components/forms/rfq';
  18 |

Import traces:
  Client Component Browser:
    ./app/page.tsx [Client Component Browser]
    ./app/page.tsx [Server Component]

  Client Component SSR:
    ./app/page.tsx [Client Component SSR]
    ./app/page.tsx [Server Component]

https://nextjs.org/docs/messages/module-not-found @ http://localhost:3000/_next/static/chunks/5f34d_next_dist_253e5923._.js:1920
[  521253ms] [ERROR] ./app/page.tsx:7:1
Module not found: Can't resolve '@fortawesome/react-fontawesome'
   5 | import { HeroSlider } from '@/components/home/HeroSlider';
   6 | import { LogoScroller } from '@/components/home/LogoScroller';
>  7 | import { FontAwesomeIcon } from '@fortawesome/react-fontawesome';
     | ^^^^^^^^^^^^^^^^^^^^^^^^^^^^^^^^^^^^^^^^^^^^^^^^^^^^^^^^^^^^^^^^^
   8 | import {
   9 |   faBolt,
  10 |   faNetworkWired,

Import traces:
  Client Component Browser:
    ./app/page.tsx [Client Component Browser]
    ./app/page.tsx [Server Component]

  Client Component SSR:
    ./app/page.tsx [Client Component SSR]
    ./app/page.tsx [Server Component]

https://nextjs.org/docs/messages/module-not-found @ http://localhost:3000/_next/static/chunks/5f34d_next_dist_253e5923._.js:1920
[  521253ms] [ERROR] ./components/forms/rfq/RFQForm.tsx:5:1
Module not found: Can't resolve '@hookform/resolvers/zod'
  3 | import { useEffect, useRef } from 'react';
  4 | import { useForm } from 'react-hook-form';
> 5 | import { zodResolver } from '@hookform/resolvers/zod';
    | ^^^^^^^^^^^^^^^^^^^^^^^^^^^^^^^^^^^^^^^^^^^^^^^^^^^^^^
  6 | import { CheckCircle } from 'lucide-react';
  7 | import { rfqSchema, rfqPresetSchema, type RFQFormData, type RFQPresetFormData } from '@/lib/forms/schemas';
  8 | import { useFormSubmit } from '@/hooks/useFormSubmit';

Import traces:
  Client Component Browser:
    ./components/forms/rfq/RFQForm.tsx [Client Component Browser]
    ./app/page.tsx [Client Component Browser]
    ./app/page.tsx [Server Component]

  Client Component SSR:
    ./components/forms/rfq/RFQForm.tsx [Client Component SSR]
    ./app/page.tsx [Client Component SSR]
    ./app/page.tsx [Server Component]

https://nextjs.org/docs/messages/module-not-found @ http://localhost:3000/_next/static/chunks/5f34d_next_dist_253e5923._.js:1920
[  521253ms] [ERROR] ./lib/forms/schemas.ts:1:1
Module not found: Can't resolve 'zod'
> 1 | import { z } from 'zod';
    | ^^^^^^^^^^^^^^^^^^^^^^^^
  2 |
  3 | const baseFields = {
  4 |   firstName: z.string().min(1, 'First name is required'),

Import traces:
  Client Component Browser:
    ./lib/forms/schemas.ts [Client Component Browser]
    ./components/forms/rfq/RFQForm.tsx [Client Component Browser]
    ./app/page.tsx [Client Component Browser]
    ./app/page.tsx [Server Component]

  Client Component SSR:
    ./lib/forms/schemas.ts [Client Component SSR]
    ./components/forms/rfq/RFQForm.tsx [Client Component SSR]
    ./app/page.tsx [Client Component SSR]
    ./app/page.tsx [Server Component]

https://nextjs.org/docs/messages/module-not-found @ http://localhost:3000/_next/static/chunks/5f34d_next_dist_253e5923._.js:1920
[  521336ms] [ERROR] ./app/layout.tsx:3:1
Module not found: Can't resolve '@fortawesome/fontawesome-svg-core'
  1 | import type { Metadata } from "next";
  2 | import { Geist, Geist_Mono } from "next/font/google";
> 3 | import { config } from '@fortawesome/fontawesome-svg-core';
    | ^^^^^^^^^^^^^^^^^^^^^^^^^^^^^^^^^^^^^^^^^^^^^^^^^^^^^^^^^^^
  4 | import '@fortawesome/fontawesome-svg-core/styles.css';
  5 | import "./globals.css";
  6 | import { Header } from "@/components/layout/Header";

https://nextjs.org/docs/messages/module-not-found @ http://localhost:3000/_next/static/chunks/5f34d_next_dist_253e5923._.js:1920
[  521336ms] [ERROR] ./app/layout.tsx:4:1
Module not found: Can't resolve '@fortawesome/fontawesome-svg-core/styles.css'
  2 | import { Geist, Geist_Mono } from "next/font/google";
  3 | import { config } from '@fortawesome/fontawesome-svg-core';
> 4 | import '@fortawesome/fontawesome-svg-core/styles.css';
    | ^^^^^^^^^^^^^^^^^^^^^^^^^^^^^^^^^^^^^^^^^^^^^^^^^^^^^^
  5 | import "./globals.css";
  6 | import { Header } from "@/components/layout/Header";
  7 | import { Footer } from "@/components/layout/Footer";

https://nextjs.org/docs/messages/module-not-found @ http://localhost:3000/_next/static/chunks/5f34d_next_dist_253e5923._.js:1920
[  521336ms] [ERROR] ./app/page.tsx:8:1
Module not found: Can't resolve '@fortawesome/free-solid-svg-icons'
   6 | import { LogoScroller } from '@/components/home/LogoScroller';
   7 | import { FontAwesomeIcon } from '@fortawesome/react-fontawesome';
>  8 | import {
     | ^^^^^^^^
>  9 |   faBolt,
     | ^^^^^^^^^
> 10 |   faNetworkWired,
     | ^^^^^^^^^
> 11 |   faCode,
     | ^^^^^^^^^
> 12 |   faArrowRight,
     | ^^^^^^^^^
> 13 |   faCircleCheck,
     | ^^^^^^^^^
> 14 |   faChevronDown,
     | ^^^^^^^^^
> 15 | } from '@fortawesome/free-solid-svg-icons';
     | ^^^^^^^^^^^^^^^^^^^^^^^^^^^^^^^^^^^^^^^^^^^^
  16 | import { ImageWithFallback } from '@/components/shared/ImageWithFallback';
  17 | import { RFQForm } from '@/components/forms/rfq';
  18 |

Import traces:
  Client Component Browser:
    ./app/page.tsx [Client Component Browser]
    ./app/page.tsx [Server Component]

  Client Component SSR:
    ./app/page.tsx [Client Component SSR]
    ./app/page.tsx [Server Component]

https://nextjs.org/docs/messages/module-not-found @ http://localhost:3000/_next/static/chunks/5f34d_next_dist_253e5923._.js:1920
[  521336ms] [ERROR] ./app/page.tsx:7:1
Module not found: Can't resolve '@fortawesome/react-fontawesome'
   5 | import { HeroSlider } from '@/components/home/HeroSlider';
   6 | import { LogoScroller } from '@/components/home/LogoScroller';
>  7 | import { FontAwesomeIcon } from '@fortawesome/react-fontawesome';
     | ^^^^^^^^^^^^^^^^^^^^^^^^^^^^^^^^^^^^^^^^^^^^^^^^^^^^^^^^^^^^^^^^^
   8 | import {
   9 |   faBolt,
  10 |   faNetworkWired,

Import traces:
  Client Component Browser:
    ./app/page.tsx [Client Component Browser]
    ./app/page.tsx [Server Component]

  Client Component SSR:
    ./app/page.tsx [Client Component SSR]
    ./app/page.tsx [Server Component]

https://nextjs.org/docs/messages/module-not-found @ http://localhost:3000/_next/static/chunks/5f34d_next_dist_253e5923._.js:1920
[  521336ms] [ERROR] ./components/forms/rfq/RFQForm.tsx:5:1
Module not found: Can't resolve '@hookform/resolvers/zod'
  3 | import { useEffect, useRef } from 'react';
  4 | import { useForm } from 'react-hook-form';
> 5 | import { zodResolver } from '@hookform/resolvers/zod';
    | ^^^^^^^^^^^^^^^^^^^^^^^^^^^^^^^^^^^^^^^^^^^^^^^^^^^^^^
  6 | import { CheckCircle } from 'lucide-react';
  7 | import { rfqSchema, rfqPresetSchema, type RFQFormData, type RFQPresetFormData } from '@/lib/forms/schemas';
  8 | import { useFormSubmit } from '@/hooks/useFormSubmit';

Import traces:
  Client Component Browser:
    ./components/forms/rfq/RFQForm.tsx [Client Component Browser]
    ./app/page.tsx [Client Component Browser]
    ./app/page.tsx [Server Component]

  Client Component SSR:
    ./components/forms/rfq/RFQForm.tsx [Client Component SSR]
    ./app/page.tsx [Client Component SSR]
    ./app/page.tsx [Server Component]

https://nextjs.org/docs/messages/module-not-found @ http://localhost:3000/_next/static/chunks/5f34d_next_dist_253e5923._.js:1920
[  521336ms] [ERROR] ./lib/forms/schemas.ts:1:1
Module not found: Can't resolve 'zod'
> 1 | import { z } from 'zod';
    | ^^^^^^^^^^^^^^^^^^^^^^^^
  2 |
  3 | const baseFields = {
  4 |   firstName: z.string().min(1, 'First name is required'),

Import traces:
  Client Component Browser:
    ./lib/forms/schemas.ts [Client Component Browser]
    ./components/forms/rfq/RFQForm.tsx [Client Component Browser]
    ./app/page.tsx [Client Component Browser]
    ./app/page.tsx [Server Component]

  Client Component SSR:
    ./lib/forms/schemas.ts [Client Component SSR]
    ./components/forms/rfq/RFQForm.tsx [Client Component SSR]
    ./app/page.tsx [Client Component SSR]
    ./app/page.tsx [Server Component]

https://nextjs.org/docs/messages/module-not-found @ http://localhost:3000/_next/static/chunks/5f34d_next_dist_253e5923._.js:1920
[  521423ms] [ERROR] ./app/layout.tsx:3:1
Module not found: Can't resolve '@fortawesome/fontawesome-svg-core'
  1 | import type { Metadata } from "next";
  2 | import { Geist, Geist_Mono } from "next/font/google";
> 3 | import { config } from '@fortawesome/fontawesome-svg-core';
    | ^^^^^^^^^^^^^^^^^^^^^^^^^^^^^^^^^^^^^^^^^^^^^^^^^^^^^^^^^^^
  4 | import '@fortawesome/fontawesome-svg-core/styles.css';
  5 | import "./globals.css";
  6 | import { Header } from "@/components/layout/Header";

https://nextjs.org/docs/messages/module-not-found @ http://localhost:3000/_next/static/chunks/5f34d_next_dist_253e5923._.js:1920
[  521424ms] [ERROR] ./app/layout.tsx:4:1
Module not found: Can't resolve '@fortawesome/fontawesome-svg-core/styles.css'
  2 | import { Geist, Geist_Mono } from "next/font/google";
  3 | import { config } from '@fortawesome/fontawesome-svg-core';
> 4 | import '@fortawesome/fontawesome-svg-core/styles.css';
    | ^^^^^^^^^^^^^^^^^^^^^^^^^^^^^^^^^^^^^^^^^^^^^^^^^^^^^^
  5 | import "./globals.css";
  6 | import { Header } from "@/components/layout/Header";
  7 | import { Footer } from "@/components/layout/Footer";

https://nextjs.org/docs/messages/module-not-found @ http://localhost:3000/_next/static/chunks/5f34d_next_dist_253e5923._.js:1920
[  521424ms] [ERROR] ./app/page.tsx:8:1
Module not found: Can't resolve '@fortawesome/free-solid-svg-icons'
   6 | import { LogoScroller } from '@/components/home/LogoScroller';
   7 | import { FontAwesomeIcon } from '@fortawesome/react-fontawesome';
>  8 | import {
     | ^^^^^^^^
>  9 |   faBolt,
     | ^^^^^^^^^
> 10 |   faNetworkWired,
     | ^^^^^^^^^
> 11 |   faCode,
     | ^^^^^^^^^
> 12 |   faArrowRight,
     | ^^^^^^^^^
> 13 |   faCircleCheck,
     | ^^^^^^^^^
> 14 |   faChevronDown,
     | ^^^^^^^^^
> 15 | } from '@fortawesome/free-solid-svg-icons';
     | ^^^^^^^^^^^^^^^^^^^^^^^^^^^^^^^^^^^^^^^^^^^^
  16 | import { ImageWithFallback } from '@/components/shared/ImageWithFallback';
  17 | import { RFQForm } from '@/components/forms/rfq';
  18 |

Import traces:
  Client Component Browser:
    ./app/page.tsx [Client Component Browser]
    ./app/page.tsx [Server Component]

  Client Component SSR:
    ./app/page.tsx [Client Component SSR]
    ./app/page.tsx [Server Component]

https://nextjs.org/docs/messages/module-not-found @ http://localhost:3000/_next/static/chunks/5f34d_next_dist_253e5923._.js:1920
[  521424ms] [ERROR] ./app/page.tsx:7:1
Module not found: Can't resolve '@fortawesome/react-fontawesome'
   5 | import { HeroSlider } from '@/components/home/HeroSlider';
   6 | import { LogoScroller } from '@/components/home/LogoScroller';
>  7 | import { FontAwesomeIcon } from '@fortawesome/react-fontawesome';
     | ^^^^^^^^^^^^^^^^^^^^^^^^^^^^^^^^^^^^^^^^^^^^^^^^^^^^^^^^^^^^^^^^^
   8 | import {
   9 |   faBolt,
  10 |   faNetworkWired,

Import traces:
  Client Component Browser:
    ./app/page.tsx [Client Component Browser]
    ./app/page.tsx [Server Component]

  Client Component SSR:
    ./app/page.tsx [Client Component SSR]
    ./app/page.tsx [Server Component]

https://nextjs.org/docs/messages/module-not-found @ http://localhost:3000/_next/static/chunks/5f34d_next_dist_253e5923._.js:1920
[  521425ms] [ERROR] ./components/forms/rfq/RFQForm.tsx:5:1
Module not found: Can't resolve '@hookform/resolvers/zod'
  3 | import { useEffect, useRef } from 'react';
  4 | import { useForm } from 'react-hook-form';
> 5 | import { zodResolver } from '@hookform/resolvers/zod';
    | ^^^^^^^^^^^^^^^^^^^^^^^^^^^^^^^^^^^^^^^^^^^^^^^^^^^^^^
  6 | import { CheckCircle } from 'lucide-react';
  7 | import { rfqSchema, rfqPresetSchema, type RFQFormData, type RFQPresetFormData } from '@/lib/forms/schemas';
  8 | import { useFormSubmit } from '@/hooks/useFormSubmit';

Import traces:
  Client Component Browser:
    ./components/forms/rfq/RFQForm.tsx [Client Component Browser]
    ./app/page.tsx [Client Component Browser]
    ./app/page.tsx [Server Component]

  Client Component SSR:
    ./components/forms/rfq/RFQForm.tsx [Client Component SSR]
    ./app/page.tsx [Client Component SSR]
    ./app/page.tsx [Server Component]

https://nextjs.org/docs/messages/module-not-found @ http://localhost:3000/_next/static/chunks/5f34d_next_dist_253e5923._.js:1920
[  521425ms] [ERROR] ./lib/forms/schemas.ts:1:1
Module not found: Can't resolve 'zod'
> 1 | import { z } from 'zod';
    | ^^^^^^^^^^^^^^^^^^^^^^^^
  2 |
  3 | const baseFields = {
  4 |   firstName: z.string().min(1, 'First name is required'),

Import traces:
  Client Component Browser:
    ./lib/forms/schemas.ts [Client Component Browser]
    ./components/forms/rfq/RFQForm.tsx [Client Component Browser]
    ./app/page.tsx [Client Component Browser]
    ./app/page.tsx [Server Component]

  Client Component SSR:
    ./lib/forms/schemas.ts [Client Component SSR]
    ./components/forms/rfq/RFQForm.tsx [Client Component SSR]
    ./app/page.tsx [Client Component SSR]
    ./app/page.tsx [Server Component]

https://nextjs.org/docs/messages/module-not-found @ http://localhost:3000/_next/static/chunks/5f34d_next_dist_253e5923._.js:1920
[  521500ms] [ERROR] ./app/layout.tsx:3:1
Module not found: Can't resolve '@fortawesome/fontawesome-svg-core'
  1 | import type { Metadata } from "next";
  2 | import { Geist, Geist_Mono } from "next/font/google";
> 3 | import { config } from '@fortawesome/fontawesome-svg-core';
    | ^^^^^^^^^^^^^^^^^^^^^^^^^^^^^^^^^^^^^^^^^^^^^^^^^^^^^^^^^^^
  4 | import '@fortawesome/fontawesome-svg-core/styles.css';
  5 | import "./globals.css";
  6 | import { Header } from "@/components/layout/Header";

https://nextjs.org/docs/messages/module-not-found @ http://localhost:3000/_next/static/chunks/5f34d_next_dist_253e5923._.js:1920
[  521500ms] [ERROR] ./app/layout.tsx:4:1
Module not found: Can't resolve '@fortawesome/fontawesome-svg-core/styles.css'
  2 | import { Geist, Geist_Mono } from "next/font/google";
  3 | import { config } from '@fortawesome/fontawesome-svg-core';
> 4 | import '@fortawesome/fontawesome-svg-core/styles.css';
    | ^^^^^^^^^^^^^^^^^^^^^^^^^^^^^^^^^^^^^^^^^^^^^^^^^^^^^^
  5 | import "./globals.css";
  6 | import { Header } from "@/components/layout/Header";
  7 | import { Footer } from "@/components/layout/Footer";

https://nextjs.org/docs/messages/module-not-found @ http://localhost:3000/_next/static/chunks/5f34d_next_dist_253e5923._.js:1920
[  521500ms] [ERROR] ./app/page.tsx:8:1
Module not found: Can't resolve '@fortawesome/free-solid-svg-icons'
   6 | import { LogoScroller } from '@/components/home/LogoScroller';
   7 | import { FontAwesomeIcon } from '@fortawesome/react-fontawesome';
>  8 | import {
     | ^^^^^^^^
>  9 |   faBolt,
     | ^^^^^^^^^
> 10 |   faNetworkWired,
     | ^^^^^^^^^
> 11 |   faCode,
     | ^^^^^^^^^
> 12 |   faArrowRight,
     | ^^^^^^^^^
> 13 |   faCircleCheck,
     | ^^^^^^^^^
> 14 |   faChevronDown,
     | ^^^^^^^^^
> 15 | } from '@fortawesome/free-solid-svg-icons';
     | ^^^^^^^^^^^^^^^^^^^^^^^^^^^^^^^^^^^^^^^^^^^^
  16 | import { ImageWithFallback } from '@/components/shared/ImageWithFallback';
  17 | import { RFQForm } from '@/components/forms/rfq';
  18 |

Import traces:
  Client Component Browser:
    ./app/page.tsx [Client Component Browser]
    ./app/page.tsx [Server Component]

  Client Component SSR:
    ./app/page.tsx [Client Component SSR]
    ./app/page.tsx [Server Component]

https://nextjs.org/docs/messages/module-not-found @ http://localhost:3000/_next/static/chunks/5f34d_next_dist_253e5923._.js:1920
[  521500ms] [ERROR] ./app/page.tsx:7:1
Module not found: Can't resolve '@fortawesome/react-fontawesome'
   5 | import { HeroSlider } from '@/components/home/HeroSlider';
   6 | import { LogoScroller } from '@/components/home/LogoScroller';
>  7 | import { FontAwesomeIcon } from '@fortawesome/react-fontawesome';
     | ^^^^^^^^^^^^^^^^^^^^^^^^^^^^^^^^^^^^^^^^^^^^^^^^^^^^^^^^^^^^^^^^^
   8 | import {
   9 |   faBolt,
  10 |   faNetworkWired,

Import traces:
  Client Component Browser:
    ./app/page.tsx [Client Component Browser]
    ./app/page.tsx [Server Component]

  Client Component SSR:
    ./app/page.tsx [Client Component SSR]
    ./app/page.tsx [Server Component]

https://nextjs.org/docs/messages/module-not-found @ http://localhost:3000/_next/static/chunks/5f34d_next_dist_253e5923._.js:1920
[  521500ms] [ERROR] ./components/forms/rfq/RFQForm.tsx:5:1
Module not found: Can't resolve '@hookform/resolvers/zod'
  3 | import { useEffect, useRef } from 'react';
  4 | import { useForm } from 'react-hook-form';
> 5 | import { zodResolver } from '@hookform/resolvers/zod';
    | ^^^^^^^^^^^^^^^^^^^^^^^^^^^^^^^^^^^^^^^^^^^^^^^^^^^^^^
  6 | import { CheckCircle } from 'lucide-react';
  7 | import { rfqSchema, rfqPresetSchema, type RFQFormData, type RFQPresetFormData } from '@/lib/forms/schemas';
  8 | import { useFormSubmit } from '@/hooks/useFormSubmit';

Import traces:
  Client Component Browser:
    ./components/forms/rfq/RFQForm.tsx [Client Component Browser]
    ./app/page.tsx [Client Component Browser]
    ./app/page.tsx [Server Component]

  Client Component SSR:
    ./components/forms/rfq/RFQForm.tsx [Client Component SSR]
    ./app/page.tsx [Client Component SSR]
    ./app/page.tsx [Server Component]

https://nextjs.org/docs/messages/module-not-found @ http://localhost:3000/_next/static/chunks/5f34d_next_dist_253e5923._.js:1920
[  521500ms] [ERROR] ./lib/forms/schemas.ts:1:1
Module not found: Can't resolve 'zod'
> 1 | import { z } from 'zod';
    | ^^^^^^^^^^^^^^^^^^^^^^^^
  2 |
  3 | const baseFields = {
  4 |   firstName: z.string().min(1, 'First name is required'),

Import traces:
  Client Component Browser:
    ./lib/forms/schemas.ts [Client Component Browser]
    ./components/forms/rfq/RFQForm.tsx [Client Component Browser]
    ./app/page.tsx [Client Component Browser]
    ./app/page.tsx [Server Component]

  Client Component SSR:
    ./lib/forms/schemas.ts [Client Component SSR]
    ./components/forms/rfq/RFQForm.tsx [Client Component SSR]
    ./app/page.tsx [Client Component SSR]
    ./app/page.tsx [Server Component]

https://nextjs.org/docs/messages/module-not-found @ http://localhost:3000/_next/static/chunks/5f34d_next_dist_253e5923._.js:1920
[  521585ms] [ERROR] ./app/layout.tsx:3:1
Module not found: Can't resolve '@fortawesome/fontawesome-svg-core'
  1 | import type { Metadata } from "next";
  2 | import { Geist, Geist_Mono } from "next/font/google";
> 3 | import { config } from '@fortawesome/fontawesome-svg-core';
    | ^^^^^^^^^^^^^^^^^^^^^^^^^^^^^^^^^^^^^^^^^^^^^^^^^^^^^^^^^^^
  4 | import '@fortawesome/fontawesome-svg-core/styles.css';
  5 | import "./globals.css";
  6 | import { Header } from "@/components/layout/Header";

https://nextjs.org/docs/messages/module-not-found @ http://localhost:3000/_next/static/chunks/5f34d_next_dist_253e5923._.js:1920
[  521585ms] [ERROR] ./app/layout.tsx:4:1
Module not found: Can't resolve '@fortawesome/fontawesome-svg-core/styles.css'
  2 | import { Geist, Geist_Mono } from "next/font/google";
  3 | import { config } from '@fortawesome/fontawesome-svg-core';
> 4 | import '@fortawesome/fontawesome-svg-core/styles.css';
    | ^^^^^^^^^^^^^^^^^^^^^^^^^^^^^^^^^^^^^^^^^^^^^^^^^^^^^^
  5 | import "./globals.css";
  6 | import { Header } from "@/components/layout/Header";
  7 | import { Footer } from "@/components/layout/Footer";

https://nextjs.org/docs/messages/module-not-found @ http://localhost:3000/_next/static/chunks/5f34d_next_dist_253e5923._.js:1920
[  521585ms] [ERROR] ./app/page.tsx:8:1
Module not found: Can't resolve '@fortawesome/free-solid-svg-icons'
   6 | import { LogoScroller } from '@/components/home/LogoScroller';
   7 | import { FontAwesomeIcon } from '@fortawesome/react-fontawesome';
>  8 | import {
     | ^^^^^^^^
>  9 |   faBolt,
     | ^^^^^^^^^
> 10 |   faNetworkWired,
     | ^^^^^^^^^
> 11 |   faCode,
     | ^^^^^^^^^
> 12 |   faArrowRight,
     | ^^^^^^^^^
> 13 |   faCircleCheck,
     | ^^^^^^^^^
> 14 |   faChevronDown,
     | ^^^^^^^^^
> 15 | } from '@fortawesome/free-solid-svg-icons';
     | ^^^^^^^^^^^^^^^^^^^^^^^^^^^^^^^^^^^^^^^^^^^^
  16 | import { ImageWithFallback } from '@/components/shared/ImageWithFallback';
  17 | import { RFQForm } from '@/components/forms/rfq';
  18 |

Import traces:
  Client Component Browser:
    ./app/page.tsx [Client Component Browser]
    ./app/page.tsx [Server Component]

  Client Component SSR:
    ./app/page.tsx [Client Component SSR]
    ./app/page.tsx [Server Component]

https://nextjs.org/docs/messages/module-not-found @ http://localhost:3000/_next/static/chunks/5f34d_next_dist_253e5923._.js:1920
[  521585ms] [ERROR] ./app/page.tsx:7:1
Module not found: Can't resolve '@fortawesome/react-fontawesome'
   5 | import { HeroSlider } from '@/components/home/HeroSlider';
   6 | import { LogoScroller } from '@/components/home/LogoScroller';
>  7 | import { FontAwesomeIcon } from '@fortawesome/react-fontawesome';
     | ^^^^^^^^^^^^^^^^^^^^^^^^^^^^^^^^^^^^^^^^^^^^^^^^^^^^^^^^^^^^^^^^^
   8 | import {
   9 |   faBolt,
  10 |   faNetworkWired,

Import traces:
  Client Component Browser:
    ./app/page.tsx [Client Component Browser]
    ./app/page.tsx [Server Component]

  Client Component SSR:
    ./app/page.tsx [Client Component SSR]
    ./app/page.tsx [Server Component]

https://nextjs.org/docs/messages/module-not-found @ http://localhost:3000/_next/static/chunks/5f34d_next_dist_253e5923._.js:1920
[  521585ms] [ERROR] ./components/forms/rfq/RFQForm.tsx:5:1
Module not found: Can't resolve '@hookform/resolvers/zod'
  3 | import { useEffect, useRef } from 'react';
  4 | import { useForm } from 'react-hook-form';
> 5 | import { zodResolver } from '@hookform/resolvers/zod';
    | ^^^^^^^^^^^^^^^^^^^^^^^^^^^^^^^^^^^^^^^^^^^^^^^^^^^^^^
  6 | import { CheckCircle } from 'lucide-react';
  7 | import { rfqSchema, rfqPresetSchema, type RFQFormData, type RFQPresetFormData } from '@/lib/forms/schemas';
  8 | import { useFormSubmit } from '@/hooks/useFormSubmit';

Import traces:
  Client Component Browser:
    ./components/forms/rfq/RFQForm.tsx [Client Component Browser]
    ./app/page.tsx [Client Component Browser]
    ./app/page.tsx [Server Component]

  Client Component SSR:
    ./components/forms/rfq/RFQForm.tsx [Client Component SSR]
    ./app/page.tsx [Client Component SSR]
    ./app/page.tsx [Server Component]

https://nextjs.org/docs/messages/module-not-found @ http://localhost:3000/_next/static/chunks/5f34d_next_dist_253e5923._.js:1920
[  521585ms] [ERROR] ./lib/forms/schemas.ts:1:1
Module not found: Can't resolve 'zod'
> 1 | import { z } from 'zod';
    | ^^^^^^^^^^^^^^^^^^^^^^^^
  2 |
  3 | const baseFields = {
  4 |   firstName: z.string().min(1, 'First name is required'),

Import traces:
  Client Component Browser:
    ./lib/forms/schemas.ts [Client Component Browser]
    ./components/forms/rfq/RFQForm.tsx [Client Component Browser]
    ./app/page.tsx [Client Component Browser]
    ./app/page.tsx [Server Component]

  Client Component SSR:
    ./lib/forms/schemas.ts [Client Component SSR]
    ./components/forms/rfq/RFQForm.tsx [Client Component SSR]
    ./app/page.tsx [Client Component SSR]
    ./app/page.tsx [Server Component]

https://nextjs.org/docs/messages/module-not-found @ http://localhost:3000/_next/static/chunks/5f34d_next_dist_253e5923._.js:1920
[  521664ms] [ERROR] ./app/layout.tsx:3:1
Module not found: Can't resolve '@fortawesome/fontawesome-svg-core'
  1 | import type { Metadata } from "next";
  2 | import { Geist, Geist_Mono } from "next/font/google";
> 3 | import { config } from '@fortawesome/fontawesome-svg-core';
    | ^^^^^^^^^^^^^^^^^^^^^^^^^^^^^^^^^^^^^^^^^^^^^^^^^^^^^^^^^^^
  4 | import '@fortawesome/fontawesome-svg-core/styles.css';
  5 | import "./globals.css";
  6 | import { Header } from "@/components/layout/Header";

https://nextjs.org/docs/messages/module-not-found @ http://localhost:3000/_next/static/chunks/5f34d_next_dist_253e5923._.js:1920
[  521664ms] [ERROR] ./app/layout.tsx:4:1
Module not found: Can't resolve '@fortawesome/fontawesome-svg-core/styles.css'
  2 | import { Geist, Geist_Mono } from "next/font/google";
  3 | import { config } from '@fortawesome/fontawesome-svg-core';
> 4 | import '@fortawesome/fontawesome-svg-core/styles.css';
    | ^^^^^^^^^^^^^^^^^^^^^^^^^^^^^^^^^^^^^^^^^^^^^^^^^^^^^^
  5 | import "./globals.css";
  6 | import { Header } from "@/components/layout/Header";
  7 | import { Footer } from "@/components/layout/Footer";

https://nextjs.org/docs/messages/module-not-found @ http://localhost:3000/_next/static/chunks/5f34d_next_dist_253e5923._.js:1920
[  521664ms] [ERROR] ./app/page.tsx:8:1
Module not found: Can't resolve '@fortawesome/free-solid-svg-icons'
   6 | import { LogoScroller } from '@/components/home/LogoScroller';
   7 | import { FontAwesomeIcon } from '@fortawesome/react-fontawesome';
>  8 | import {
     | ^^^^^^^^
>  9 |   faBolt,
     | ^^^^^^^^^
> 10 |   faNetworkWired,
     | ^^^^^^^^^
> 11 |   faCode,
     | ^^^^^^^^^
> 12 |   faArrowRight,
     | ^^^^^^^^^
> 13 |   faCircleCheck,
     | ^^^^^^^^^
> 14 |   faChevronDown,
     | ^^^^^^^^^
> 15 | } from '@fortawesome/free-solid-svg-icons';
     | ^^^^^^^^^^^^^^^^^^^^^^^^^^^^^^^^^^^^^^^^^^^^
  16 | import { ImageWithFallback } from '@/components/shared/ImageWithFallback';
  17 | import { RFQForm } from '@/components/forms/rfq';
  18 |

Import traces:
  Client Component Browser:
    ./app/page.tsx [Client Component Browser]
    ./app/page.tsx [Server Component]

  Client Component SSR:
    ./app/page.tsx [Client Component SSR]
    ./app/page.tsx [Server Component]

https://nextjs.org/docs/messages/module-not-found @ http://localhost:3000/_next/static/chunks/5f34d_next_dist_253e5923._.js:1920
[  521664ms] [ERROR] ./app/page.tsx:7:1
Module not found: Can't resolve '@fortawesome/react-fontawesome'
   5 | import { HeroSlider } from '@/components/home/HeroSlider';
   6 | import { LogoScroller } from '@/components/home/LogoScroller';
>  7 | import { FontAwesomeIcon } from '@fortawesome/react-fontawesome';
     | ^^^^^^^^^^^^^^^^^^^^^^^^^^^^^^^^^^^^^^^^^^^^^^^^^^^^^^^^^^^^^^^^^
   8 | import {
   9 |   faBolt,
  10 |   faNetworkWired,

Import traces:
  Client Component Browser:
    ./app/page.tsx [Client Component Browser]
    ./app/page.tsx [Server Component]

  Client Component SSR:
    ./app/page.tsx [Client Component SSR]
    ./app/page.tsx [Server Component]

https://nextjs.org/docs/messages/module-not-found @ http://localhost:3000/_next/static/chunks/5f34d_next_dist_253e5923._.js:1920
[  521664ms] [ERROR] ./components/forms/rfq/RFQForm.tsx:5:1
Module not found: Can't resolve '@hookform/resolvers/zod'
  3 | import { useEffect, useRef } from 'react';
  4 | import { useForm } from 'react-hook-form';
> 5 | import { zodResolver } from '@hookform/resolvers/zod';
    | ^^^^^^^^^^^^^^^^^^^^^^^^^^^^^^^^^^^^^^^^^^^^^^^^^^^^^^
  6 | import { CheckCircle } from 'lucide-react';
  7 | import { rfqSchema, rfqPresetSchema, type RFQFormData, type RFQPresetFormData } from '@/lib/forms/schemas';
  8 | import { useFormSubmit } from '@/hooks/useFormSubmit';

Import traces:
  Client Component Browser:
    ./components/forms/rfq/RFQForm.tsx [Client Component Browser]
    ./app/page.tsx [Client Component Browser]
    ./app/page.tsx [Server Component]

  Client Component SSR:
    ./components/forms/rfq/RFQForm.tsx [Client Component SSR]
    ./app/page.tsx [Client Component SSR]
    ./app/page.tsx [Server Component]

https://nextjs.org/docs/messages/module-not-found @ http://localhost:3000/_next/static/chunks/5f34d_next_dist_253e5923._.js:1920
[  521664ms] [ERROR] ./lib/forms/schemas.ts:1:1
Module not found: Can't resolve 'zod'
> 1 | import { z } from 'zod';
    | ^^^^^^^^^^^^^^^^^^^^^^^^
  2 |
  3 | const baseFields = {
  4 |   firstName: z.string().min(1, 'First name is required'),

Import traces:
  Client Component Browser:
    ./lib/forms/schemas.ts [Client Component Browser]
    ./components/forms/rfq/RFQForm.tsx [Client Component Browser]
    ./app/page.tsx [Client Component Browser]
    ./app/page.tsx [Server Component]

  Client Component SSR:
    ./lib/forms/schemas.ts [Client Component SSR]
    ./components/forms/rfq/RFQForm.tsx [Client Component SSR]
    ./app/page.tsx [Client Component SSR]
    ./app/page.tsx [Server Component]

https://nextjs.org/docs/messages/module-not-found @ http://localhost:3000/_next/static/chunks/5f34d_next_dist_253e5923._.js:1920
[  521744ms] [ERROR] ./app/layout.tsx:3:1
Module not found: Can't resolve '@fortawesome/fontawesome-svg-core'
  1 | import type { Metadata } from "next";
  2 | import { Geist, Geist_Mono } from "next/font/google";
> 3 | import { config } from '@fortawesome/fontawesome-svg-core';
    | ^^^^^^^^^^^^^^^^^^^^^^^^^^^^^^^^^^^^^^^^^^^^^^^^^^^^^^^^^^^
  4 | import '@fortawesome/fontawesome-svg-core/styles.css';
  5 | import "./globals.css";
  6 | import { Header } from "@/components/layout/Header";

https://nextjs.org/docs/messages/module-not-found @ http://localhost:3000/_next/static/chunks/5f34d_next_dist_253e5923._.js:1920
[  521744ms] [ERROR] ./app/layout.tsx:4:1
Module not found: Can't resolve '@fortawesome/fontawesome-svg-core/styles.css'
  2 | import { Geist, Geist_Mono } from "next/font/google";
  3 | import { config } from '@fortawesome/fontawesome-svg-core';
> 4 | import '@fortawesome/fontawesome-svg-core/styles.css';
    | ^^^^^^^^^^^^^^^^^^^^^^^^^^^^^^^^^^^^^^^^^^^^^^^^^^^^^^
  5 | import "./globals.css";
  6 | import { Header } from "@/components/layout/Header";
  7 | import { Footer } from "@/components/layout/Footer";

https://nextjs.org/docs/messages/module-not-found @ http://localhost:3000/_next/static/chunks/5f34d_next_dist_253e5923._.js:1920
[  521744ms] [ERROR] ./app/page.tsx:8:1
Module not found: Can't resolve '@fortawesome/free-solid-svg-icons'
   6 | import { LogoScroller } from '@/components/home/LogoScroller';
   7 | import { FontAwesomeIcon } from '@fortawesome/react-fontawesome';
>  8 | import {
     | ^^^^^^^^
>  9 |   faBolt,
     | ^^^^^^^^^
> 10 |   faNetworkWired,
     | ^^^^^^^^^
> 11 |   faCode,
     | ^^^^^^^^^
> 12 |   faArrowRight,
     | ^^^^^^^^^
> 13 |   faCircleCheck,
     | ^^^^^^^^^
> 14 |   faChevronDown,
     | ^^^^^^^^^
> 15 | } from '@fortawesome/free-solid-svg-icons';
     | ^^^^^^^^^^^^^^^^^^^^^^^^^^^^^^^^^^^^^^^^^^^^
  16 | import { ImageWithFallback } from '@/components/shared/ImageWithFallback';
  17 | import { RFQForm } from '@/components/forms/rfq';
  18 |

Import traces:
  Client Component Browser:
    ./app/page.tsx [Client Component Browser]
    ./app/page.tsx [Server Component]

  Client Component SSR:
    ./app/page.tsx [Client Component SSR]
    ./app/page.tsx [Server Component]

https://nextjs.org/docs/messages/module-not-found @ http://localhost:3000/_next/static/chunks/5f34d_next_dist_253e5923._.js:1920
[  521744ms] [ERROR] ./app/page.tsx:7:1
Module not found: Can't resolve '@fortawesome/react-fontawesome'
   5 | import { HeroSlider } from '@/components/home/HeroSlider';
   6 | import { LogoScroller } from '@/components/home/LogoScroller';
>  7 | import { FontAwesomeIcon } from '@fortawesome/react-fontawesome';
     | ^^^^^^^^^^^^^^^^^^^^^^^^^^^^^^^^^^^^^^^^^^^^^^^^^^^^^^^^^^^^^^^^^
   8 | import {
   9 |   faBolt,
  10 |   faNetworkWired,

Import traces:
  Client Component Browser:
    ./app/page.tsx [Client Component Browser]
    ./app/page.tsx [Server Component]

  Client Component SSR:
    ./app/page.tsx [Client Component SSR]
    ./app/page.tsx [Server Component]

https://nextjs.org/docs/messages/module-not-found @ http://localhost:3000/_next/static/chunks/5f34d_next_dist_253e5923._.js:1920
[  521745ms] [ERROR] ./components/forms/rfq/RFQForm.tsx:5:1
Module not found: Can't resolve '@hookform/resolvers/zod'
  3 | import { useEffect, useRef } from 'react';
  4 | import { useForm } from 'react-hook-form';
> 5 | import { zodResolver } from '@hookform/resolvers/zod';
    | ^^^^^^^^^^^^^^^^^^^^^^^^^^^^^^^^^^^^^^^^^^^^^^^^^^^^^^
  6 | import { CheckCircle } from 'lucide-react';
  7 | import { rfqSchema, rfqPresetSchema, type RFQFormData, type RFQPresetFormData } from '@/lib/forms/schemas';
  8 | import { useFormSubmit } from '@/hooks/useFormSubmit';

Import traces:
  Client Component Browser:
    ./components/forms/rfq/RFQForm.tsx [Client Component Browser]
    ./app/page.tsx [Client Component Browser]
    ./app/page.tsx [Server Component]

  Client Component SSR:
    ./components/forms/rfq/RFQForm.tsx [Client Component SSR]
    ./app/page.tsx [Client Component SSR]
    ./app/page.tsx [Server Component]

https://nextjs.org/docs/messages/module-not-found @ http://localhost:3000/_next/static/chunks/5f34d_next_dist_253e5923._.js:1920
[  521745ms] [ERROR] ./lib/forms/schemas.ts:1:1
Module not found: Can't resolve 'zod'
> 1 | import { z } from 'zod';
    | ^^^^^^^^^^^^^^^^^^^^^^^^
  2 |
  3 | const baseFields = {
  4 |   firstName: z.string().min(1, 'First name is required'),

Import traces:
  Client Component Browser:
    ./lib/forms/schemas.ts [Client Component Browser]
    ./components/forms/rfq/RFQForm.tsx [Client Component Browser]
    ./app/page.tsx [Client Component Browser]
    ./app/page.tsx [Server Component]

  Client Component SSR:
    ./lib/forms/schemas.ts [Client Component SSR]
    ./components/forms/rfq/RFQForm.tsx [Client Component SSR]
    ./app/page.tsx [Client Component SSR]
    ./app/page.tsx [Server Component]

https://nextjs.org/docs/messages/module-not-found @ http://localhost:3000/_next/static/chunks/5f34d_next_dist_253e5923._.js:1920
[  521818ms] [ERROR] ./app/layout.tsx:3:1
Module not found: Can't resolve '@fortawesome/fontawesome-svg-core'
  1 | import type { Metadata } from "next";
  2 | import { Geist, Geist_Mono } from "next/font/google";
> 3 | import { config } from '@fortawesome/fontawesome-svg-core';
    | ^^^^^^^^^^^^^^^^^^^^^^^^^^^^^^^^^^^^^^^^^^^^^^^^^^^^^^^^^^^
  4 | import '@fortawesome/fontawesome-svg-core/styles.css';
  5 | import "./globals.css";
  6 | import { Header } from "@/components/layout/Header";

https://nextjs.org/docs/messages/module-not-found @ http://localhost:3000/_next/static/chunks/5f34d_next_dist_253e5923._.js:1920
[  521818ms] [ERROR] ./app/layout.tsx:4:1
Module not found: Can't resolve '@fortawesome/fontawesome-svg-core/styles.css'
  2 | import { Geist, Geist_Mono } from "next/font/google";
  3 | import { config } from '@fortawesome/fontawesome-svg-core';
> 4 | import '@fortawesome/fontawesome-svg-core/styles.css';
    | ^^^^^^^^^^^^^^^^^^^^^^^^^^^^^^^^^^^^^^^^^^^^^^^^^^^^^^
  5 | import "./globals.css";
  6 | import { Header } from "@/components/layout/Header";
  7 | import { Footer } from "@/components/layout/Footer";

https://nextjs.org/docs/messages/module-not-found @ http://localhost:3000/_next/static/chunks/5f34d_next_dist_253e5923._.js:1920
[  521818ms] [ERROR] ./app/page.tsx:8:1
Module not found: Can't resolve '@fortawesome/free-solid-svg-icons'
   6 | import { LogoScroller } from '@/components/home/LogoScroller';
   7 | import { FontAwesomeIcon } from '@fortawesome/react-fontawesome';
>  8 | import {
     | ^^^^^^^^
>  9 |   faBolt,
     | ^^^^^^^^^
> 10 |   faNetworkWired,
     | ^^^^^^^^^
> 11 |   faCode,
     | ^^^^^^^^^
> 12 |   faArrowRight,
     | ^^^^^^^^^
> 13 |   faCircleCheck,
     | ^^^^^^^^^
> 14 |   faChevronDown,
     | ^^^^^^^^^
> 15 | } from '@fortawesome/free-solid-svg-icons';
     | ^^^^^^^^^^^^^^^^^^^^^^^^^^^^^^^^^^^^^^^^^^^^
  16 | import { ImageWithFallback } from '@/components/shared/ImageWithFallback';
  17 | import { RFQForm } from '@/components/forms/rfq';
  18 |

Import traces:
  Client Component Browser:
    ./app/page.tsx [Client Component Browser]
    ./app/page.tsx [Server Component]

  Client Component SSR:
    ./app/page.tsx [Client Component SSR]
    ./app/page.tsx [Server Component]

https://nextjs.org/docs/messages/module-not-found @ http://localhost:3000/_next/static/chunks/5f34d_next_dist_253e5923._.js:1920
[  521818ms] [ERROR] ./app/page.tsx:7:1
Module not found: Can't resolve '@fortawesome/react-fontawesome'
   5 | import { HeroSlider } from '@/components/home/HeroSlider';
   6 | import { LogoScroller } from '@/components/home/LogoScroller';
>  7 | import { FontAwesomeIcon } from '@fortawesome/react-fontawesome';
     | ^^^^^^^^^^^^^^^^^^^^^^^^^^^^^^^^^^^^^^^^^^^^^^^^^^^^^^^^^^^^^^^^^
   8 | import {
   9 |   faBolt,
  10 |   faNetworkWired,

Import traces:
  Client Component Browser:
    ./app/page.tsx [Client Component Browser]
    ./app/page.tsx [Server Component]

  Client Component SSR:
    ./app/page.tsx [Client Component SSR]
    ./app/page.tsx [Server Component]

https://nextjs.org/docs/messages/module-not-found @ http://localhost:3000/_next/static/chunks/5f34d_next_dist_253e5923._.js:1920
[  521819ms] [ERROR] ./components/forms/rfq/RFQForm.tsx:5:1
Module not found: Can't resolve '@hookform/resolvers/zod'
  3 | import { useEffect, useRef } from 'react';
  4 | import { useForm } from 'react-hook-form';
> 5 | import { zodResolver } from '@hookform/resolvers/zod';
    | ^^^^^^^^^^^^^^^^^^^^^^^^^^^^^^^^^^^^^^^^^^^^^^^^^^^^^^
  6 | import { CheckCircle } from 'lucide-react';
  7 | import { rfqSchema, rfqPresetSchema, type RFQFormData, type RFQPresetFormData } from '@/lib/forms/schemas';
  8 | import { useFormSubmit } from '@/hooks/useFormSubmit';

Import traces:
  Client Component Browser:
    ./components/forms/rfq/RFQForm.tsx [Client Component Browser]
    ./app/page.tsx [Client Component Browser]
    ./app/page.tsx [Server Component]

  Client Component SSR:
    ./components/forms/rfq/RFQForm.tsx [Client Component SSR]
    ./app/page.tsx [Client Component SSR]
    ./app/page.tsx [Server Component]

https://nextjs.org/docs/messages/module-not-found @ http://localhost:3000/_next/static/chunks/5f34d_next_dist_253e5923._.js:1920
[  521819ms] [ERROR] ./lib/forms/schemas.ts:1:1
Module not found: Can't resolve 'zod'
> 1 | import { z } from 'zod';
    | ^^^^^^^^^^^^^^^^^^^^^^^^
  2 |
  3 | const baseFields = {
  4 |   firstName: z.string().min(1, 'First name is required'),

Import traces:
  Client Component Browser:
    ./lib/forms/schemas.ts [Client Component Browser]
    ./components/forms/rfq/RFQForm.tsx [Client Component Browser]
    ./app/page.tsx [Client Component Browser]
    ./app/page.tsx [Server Component]

  Client Component SSR:
    ./lib/forms/schemas.ts [Client Component SSR]
    ./components/forms/rfq/RFQForm.tsx [Client Component SSR]
    ./app/page.tsx [Client Component SSR]
    ./app/page.tsx [Server Component]

https://nextjs.org/docs/messages/module-not-found @ http://localhost:3000/_next/static/chunks/5f34d_next_dist_253e5923._.js:1920
[  521897ms] [ERROR] ./app/layout.tsx:3:1
Module not found: Can't resolve '@fortawesome/fontawesome-svg-core'
  1 | import type { Metadata } from "next";
  2 | import { Geist, Geist_Mono } from "next/font/google";
> 3 | import { config } from '@fortawesome/fontawesome-svg-core';
    | ^^^^^^^^^^^^^^^^^^^^^^^^^^^^^^^^^^^^^^^^^^^^^^^^^^^^^^^^^^^
  4 | import '@fortawesome/fontawesome-svg-core/styles.css';
  5 | import "./globals.css";
  6 | import { Header } from "@/components/layout/Header";

https://nextjs.org/docs/messages/module-not-found @ http://localhost:3000/_next/static/chunks/5f34d_next_dist_253e5923._.js:1920
[  521897ms] [ERROR] ./app/layout.tsx:4:1
Module not found: Can't resolve '@fortawesome/fontawesome-svg-core/styles.css'
  2 | import { Geist, Geist_Mono } from "next/font/google";
  3 | import { config } from '@fortawesome/fontawesome-svg-core';
> 4 | import '@fortawesome/fontawesome-svg-core/styles.css';
    | ^^^^^^^^^^^^^^^^^^^^^^^^^^^^^^^^^^^^^^^^^^^^^^^^^^^^^^
  5 | import "./globals.css";
  6 | import { Header } from "@/components/layout/Header";
  7 | import { Footer } from "@/components/layout/Footer";

https://nextjs.org/docs/messages/module-not-found @ http://localhost:3000/_next/static/chunks/5f34d_next_dist_253e5923._.js:1920
[  521897ms] [ERROR] ./app/page.tsx:8:1
Module not found: Can't resolve '@fortawesome/free-solid-svg-icons'
   6 | import { LogoScroller } from '@/components/home/LogoScroller';
   7 | import { FontAwesomeIcon } from '@fortawesome/react-fontawesome';
>  8 | import {
     | ^^^^^^^^
>  9 |   faBolt,
     | ^^^^^^^^^
> 10 |   faNetworkWired,
     | ^^^^^^^^^
> 11 |   faCode,
     | ^^^^^^^^^
> 12 |   faArrowRight,
     | ^^^^^^^^^
> 13 |   faCircleCheck,
     | ^^^^^^^^^
> 14 |   faChevronDown,
     | ^^^^^^^^^
> 15 | } from '@fortawesome/free-solid-svg-icons';
     | ^^^^^^^^^^^^^^^^^^^^^^^^^^^^^^^^^^^^^^^^^^^^
  16 | import { ImageWithFallback } from '@/components/shared/ImageWithFallback';
  17 | import { RFQForm } from '@/components/forms/rfq';
  18 |

Import traces:
  Client Component Browser:
    ./app/page.tsx [Client Component Browser]
    ./app/page.tsx [Server Component]

  Client Component SSR:
    ./app/page.tsx [Client Component SSR]
    ./app/page.tsx [Server Component]

https://nextjs.org/docs/messages/module-not-found @ http://localhost:3000/_next/static/chunks/5f34d_next_dist_253e5923._.js:1920
[  521897ms] [ERROR] ./app/page.tsx:7:1
Module not found: Can't resolve '@fortawesome/react-fontawesome'
   5 | import { HeroSlider } from '@/components/home/HeroSlider';
   6 | import { LogoScroller } from '@/components/home/LogoScroller';
>  7 | import { FontAwesomeIcon } from '@fortawesome/react-fontawesome';
     | ^^^^^^^^^^^^^^^^^^^^^^^^^^^^^^^^^^^^^^^^^^^^^^^^^^^^^^^^^^^^^^^^^
   8 | import {
   9 |   faBolt,
  10 |   faNetworkWired,

Import traces:
  Client Component Browser:
    ./app/page.tsx [Client Component Browser]
    ./app/page.tsx [Server Component]

  Client Component SSR:
    ./app/page.tsx [Client Component SSR]
    ./app/page.tsx [Server Component]

https://nextjs.org/docs/messages/module-not-found @ http://localhost:3000/_next/static/chunks/5f34d_next_dist_253e5923._.js:1920
[  521897ms] [ERROR] ./components/forms/rfq/RFQForm.tsx:5:1
Module not found: Can't resolve '@hookform/resolvers/zod'
  3 | import { useEffect, useRef } from 'react';
  4 | import { useForm } from 'react-hook-form';
> 5 | import { zodResolver } from '@hookform/resolvers/zod';
    | ^^^^^^^^^^^^^^^^^^^^^^^^^^^^^^^^^^^^^^^^^^^^^^^^^^^^^^
  6 | import { CheckCircle } from 'lucide-react';
  7 | import { rfqSchema, rfqPresetSchema, type RFQFormData, type RFQPresetFormData } from '@/lib/forms/schemas';
  8 | import { useFormSubmit } from '@/hooks/useFormSubmit';

Import traces:
  Client Component Browser:
    ./components/forms/rfq/RFQForm.tsx [Client Component Browser]
    ./app/page.tsx [Client Component Browser]
    ./app/page.tsx [Server Component]

  Client Component SSR:
    ./components/forms/rfq/RFQForm.tsx [Client Component SSR]
    ./app/page.tsx [Client Component SSR]
    ./app/page.tsx [Server Component]

https://nextjs.org/docs/messages/module-not-found @ http://localhost:3000/_next/static/chunks/5f34d_next_dist_253e5923._.js:1920
[  521898ms] [ERROR] ./lib/forms/schemas.ts:1:1
Module not found: Can't resolve 'zod'
> 1 | import { z } from 'zod';
    | ^^^^^^^^^^^^^^^^^^^^^^^^
  2 |
  3 | const baseFields = {
  4 |   firstName: z.string().min(1, 'First name is required'),

Import traces:
  Client Component Browser:
    ./lib/forms/schemas.ts [Client Component Browser]
    ./components/forms/rfq/RFQForm.tsx [Client Component Browser]
    ./app/page.tsx [Client Component Browser]
    ./app/page.tsx [Server Component]

  Client Component SSR:
    ./lib/forms/schemas.ts [Client Component SSR]
    ./components/forms/rfq/RFQForm.tsx [Client Component SSR]
    ./app/page.tsx [Client Component SSR]
    ./app/page.tsx [Server Component]

https://nextjs.org/docs/messages/module-not-found @ http://localhost:3000/_next/static/chunks/5f34d_next_dist_253e5923._.js:1920
[  521977ms] [ERROR] ./app/layout.tsx:3:1
Module not found: Can't resolve '@fortawesome/fontawesome-svg-core'
  1 | import type { Metadata } from "next";
  2 | import { Geist, Geist_Mono } from "next/font/google";
> 3 | import { config } from '@fortawesome/fontawesome-svg-core';
    | ^^^^^^^^^^^^^^^^^^^^^^^^^^^^^^^^^^^^^^^^^^^^^^^^^^^^^^^^^^^
  4 | import '@fortawesome/fontawesome-svg-core/styles.css';
  5 | import "./globals.css";
  6 | import { Header } from "@/components/layout/Header";

https://nextjs.org/docs/messages/module-not-found @ http://localhost:3000/_next/static/chunks/5f34d_next_dist_253e5923._.js:1920
[  521977ms] [ERROR] ./app/layout.tsx:4:1
Module not found: Can't resolve '@fortawesome/fontawesome-svg-core/styles.css'
  2 | import { Geist, Geist_Mono } from "next/font/google";
  3 | import { config } from '@fortawesome/fontawesome-svg-core';
> 4 | import '@fortawesome/fontawesome-svg-core/styles.css';
    | ^^^^^^^^^^^^^^^^^^^^^^^^^^^^^^^^^^^^^^^^^^^^^^^^^^^^^^
  5 | import "./globals.css";
  6 | import { Header } from "@/components/layout/Header";
  7 | import { Footer } from "@/components/layout/Footer";

https://nextjs.org/docs/messages/module-not-found @ http://localhost:3000/_next/static/chunks/5f34d_next_dist_253e5923._.js:1920
[  521977ms] [ERROR] ./app/page.tsx:8:1
Module not found: Can't resolve '@fortawesome/free-solid-svg-icons'
   6 | import { LogoScroller } from '@/components/home/LogoScroller';
   7 | import { FontAwesomeIcon } from '@fortawesome/react-fontawesome';
>  8 | import {
     | ^^^^^^^^
>  9 |   faBolt,
     | ^^^^^^^^^
> 10 |   faNetworkWired,
     | ^^^^^^^^^
> 11 |   faCode,
     | ^^^^^^^^^
> 12 |   faArrowRight,
     | ^^^^^^^^^
> 13 |   faCircleCheck,
     | ^^^^^^^^^
> 14 |   faChevronDown,
     | ^^^^^^^^^
> 15 | } from '@fortawesome/free-solid-svg-icons';
     | ^^^^^^^^^^^^^^^^^^^^^^^^^^^^^^^^^^^^^^^^^^^^
  16 | import { ImageWithFallback } from '@/components/shared/ImageWithFallback';
  17 | import { RFQForm } from '@/components/forms/rfq';
  18 |

Import traces:
  Client Component Browser:
    ./app/page.tsx [Client Component Browser]
    ./app/page.tsx [Server Component]

  Client Component SSR:
    ./app/page.tsx [Client Component SSR]
    ./app/page.tsx [Server Component]

https://nextjs.org/docs/messages/module-not-found @ http://localhost:3000/_next/static/chunks/5f34d_next_dist_253e5923._.js:1920
[  521977ms] [ERROR] ./app/page.tsx:7:1
Module not found: Can't resolve '@fortawesome/react-fontawesome'
   5 | import { HeroSlider } from '@/components/home/HeroSlider';
   6 | import { LogoScroller } from '@/components/home/LogoScroller';
>  7 | import { FontAwesomeIcon } from '@fortawesome/react-fontawesome';
     | ^^^^^^^^^^^^^^^^^^^^^^^^^^^^^^^^^^^^^^^^^^^^^^^^^^^^^^^^^^^^^^^^^
   8 | import {
   9 |   faBolt,
  10 |   faNetworkWired,

Import traces:
  Client Component Browser:
    ./app/page.tsx [Client Component Browser]
    ./app/page.tsx [Server Component]

  Client Component SSR:
    ./app/page.tsx [Client Component SSR]
    ./app/page.tsx [Server Component]

https://nextjs.org/docs/messages/module-not-found @ http://localhost:3000/_next/static/chunks/5f34d_next_dist_253e5923._.js:1920
[  521977ms] [ERROR] ./components/forms/rfq/RFQForm.tsx:5:1
Module not found: Can't resolve '@hookform/resolvers/zod'
  3 | import { useEffect, useRef } from 'react';
  4 | import { useForm } from 'react-hook-form';
> 5 | import { zodResolver } from '@hookform/resolvers/zod';
    | ^^^^^^^^^^^^^^^^^^^^^^^^^^^^^^^^^^^^^^^^^^^^^^^^^^^^^^
  6 | import { CheckCircle } from 'lucide-react';
  7 | import { rfqSchema, rfqPresetSchema, type RFQFormData, type RFQPresetFormData } from '@/lib/forms/schemas';
  8 | import { useFormSubmit } from '@/hooks/useFormSubmit';

Import traces:
  Client Component Browser:
    ./components/forms/rfq/RFQForm.tsx [Client Component Browser]
    ./app/page.tsx [Client Component Browser]
    ./app/page.tsx [Server Component]

  Client Component SSR:
    ./components/forms/rfq/RFQForm.tsx [Client Component SSR]
    ./app/page.tsx [Client Component SSR]
    ./app/page.tsx [Server Component]

https://nextjs.org/docs/messages/module-not-found @ http://localhost:3000/_next/static/chunks/5f34d_next_dist_253e5923._.js:1920
[  521977ms] [ERROR] ./lib/forms/schemas.ts:1:1
Module not found: Can't resolve 'zod'
> 1 | import { z } from 'zod';
    | ^^^^^^^^^^^^^^^^^^^^^^^^
  2 |
  3 | const baseFields = {
  4 |   firstName: z.string().min(1, 'First name is required'),

Import traces:
  Client Component Browser:
    ./lib/forms/schemas.ts [Client Component Browser]
    ./components/forms/rfq/RFQForm.tsx [Client Component Browser]
    ./app/page.tsx [Client Component Browser]
    ./app/page.tsx [Server Component]

  Client Component SSR:
    ./lib/forms/schemas.ts [Client Component SSR]
    ./components/forms/rfq/RFQForm.tsx [Client Component SSR]
    ./app/page.tsx [Client Component SSR]
    ./app/page.tsx [Server Component]

https://nextjs.org/docs/messages/module-not-found @ http://localhost:3000/_next/static/chunks/5f34d_next_dist_253e5923._.js:1920
[  522053ms] [ERROR] ./app/layout.tsx:3:1
Module not found: Can't resolve '@fortawesome/fontawesome-svg-core'
  1 | import type { Metadata } from "next";
  2 | import { Geist, Geist_Mono } from "next/font/google";
> 3 | import { config } from '@fortawesome/fontawesome-svg-core';
    | ^^^^^^^^^^^^^^^^^^^^^^^^^^^^^^^^^^^^^^^^^^^^^^^^^^^^^^^^^^^
  4 | import '@fortawesome/fontawesome-svg-core/styles.css';
  5 | import "./globals.css";
  6 | import { Header } from "@/components/layout/Header";

https://nextjs.org/docs/messages/module-not-found @ http://localhost:3000/_next/static/chunks/5f34d_next_dist_253e5923._.js:1920
[  522053ms] [ERROR] ./app/layout.tsx:4:1
Module not found: Can't resolve '@fortawesome/fontawesome-svg-core/styles.css'
  2 | import { Geist, Geist_Mono } from "next/font/google";
  3 | import { config } from '@fortawesome/fontawesome-svg-core';
> 4 | import '@fortawesome/fontawesome-svg-core/styles.css';
    | ^^^^^^^^^^^^^^^^^^^^^^^^^^^^^^^^^^^^^^^^^^^^^^^^^^^^^^
  5 | import "./globals.css";
  6 | import { Header } from "@/components/layout/Header";
  7 | import { Footer } from "@/components/layout/Footer";

https://nextjs.org/docs/messages/module-not-found @ http://localhost:3000/_next/static/chunks/5f34d_next_dist_253e5923._.js:1920
[  522053ms] [ERROR] ./app/page.tsx:8:1
Module not found: Can't resolve '@fortawesome/free-solid-svg-icons'
   6 | import { LogoScroller } from '@/components/home/LogoScroller';
   7 | import { FontAwesomeIcon } from '@fortawesome/react-fontawesome';
>  8 | import {
     | ^^^^^^^^
>  9 |   faBolt,
     | ^^^^^^^^^
> 10 |   faNetworkWired,
     | ^^^^^^^^^
> 11 |   faCode,
     | ^^^^^^^^^
> 12 |   faArrowRight,
     | ^^^^^^^^^
> 13 |   faCircleCheck,
     | ^^^^^^^^^
> 14 |   faChevronDown,
     | ^^^^^^^^^
> 15 | } from '@fortawesome/free-solid-svg-icons';
     | ^^^^^^^^^^^^^^^^^^^^^^^^^^^^^^^^^^^^^^^^^^^^
  16 | import { ImageWithFallback } from '@/components/shared/ImageWithFallback';
  17 | import { RFQForm } from '@/components/forms/rfq';
  18 |

Import traces:
  Client Component Browser:
    ./app/page.tsx [Client Component Browser]
    ./app/page.tsx [Server Component]

  Client Component SSR:
    ./app/page.tsx [Client Component SSR]
    ./app/page.tsx [Server Component]

https://nextjs.org/docs/messages/module-not-found @ http://localhost:3000/_next/static/chunks/5f34d_next_dist_253e5923._.js:1920
[  522053ms] [ERROR] ./app/page.tsx:7:1
Module not found: Can't resolve '@fortawesome/react-fontawesome'
   5 | import { HeroSlider } from '@/components/home/HeroSlider';
   6 | import { LogoScroller } from '@/components/home/LogoScroller';
>  7 | import { FontAwesomeIcon } from '@fortawesome/react-fontawesome';
     | ^^^^^^^^^^^^^^^^^^^^^^^^^^^^^^^^^^^^^^^^^^^^^^^^^^^^^^^^^^^^^^^^^
   8 | import {
   9 |   faBolt,
  10 |   faNetworkWired,

Import traces:
  Client Component Browser:
    ./app/page.tsx [Client Component Browser]
    ./app/page.tsx [Server Component]

  Client Component SSR:
    ./app/page.tsx [Client Component SSR]
    ./app/page.tsx [Server Component]

https://nextjs.org/docs/messages/module-not-found @ http://localhost:3000/_next/static/chunks/5f34d_next_dist_253e5923._.js:1920
[  522054ms] [ERROR] ./components/forms/rfq/RFQForm.tsx:5:1
Module not found: Can't resolve '@hookform/resolvers/zod'
  3 | import { useEffect, useRef } from 'react';
  4 | import { useForm } from 'react-hook-form';
> 5 | import { zodResolver } from '@hookform/resolvers/zod';
    | ^^^^^^^^^^^^^^^^^^^^^^^^^^^^^^^^^^^^^^^^^^^^^^^^^^^^^^
  6 | import { CheckCircle } from 'lucide-react';
  7 | import { rfqSchema, rfqPresetSchema, type RFQFormData, type RFQPresetFormData } from '@/lib/forms/schemas';
  8 | import { useFormSubmit } from '@/hooks/useFormSubmit';

Import traces:
  Client Component Browser:
    ./components/forms/rfq/RFQForm.tsx [Client Component Browser]
    ./app/page.tsx [Client Component Browser]
    ./app/page.tsx [Server Component]

  Client Component SSR:
    ./components/forms/rfq/RFQForm.tsx [Client Component SSR]
    ./app/page.tsx [Client Component SSR]
    ./app/page.tsx [Server Component]

https://nextjs.org/docs/messages/module-not-found @ http://localhost:3000/_next/static/chunks/5f34d_next_dist_253e5923._.js:1920
[  522054ms] [ERROR] ./lib/forms/schemas.ts:1:1
Module not found: Can't resolve 'zod'
> 1 | import { z } from 'zod';
    | ^^^^^^^^^^^^^^^^^^^^^^^^
  2 |
  3 | const baseFields = {
  4 |   firstName: z.string().min(1, 'First name is required'),

Import traces:
  Client Component Browser:
    ./lib/forms/schemas.ts [Client Component Browser]
    ./components/forms/rfq/RFQForm.tsx [Client Component Browser]
    ./app/page.tsx [Client Component Browser]
    ./app/page.tsx [Server Component]

  Client Component SSR:
    ./lib/forms/schemas.ts [Client Component SSR]
    ./components/forms/rfq/RFQForm.tsx [Client Component SSR]
    ./app/page.tsx [Client Component SSR]
    ./app/page.tsx [Server Component]

https://nextjs.org/docs/messages/module-not-found @ http://localhost:3000/_next/static/chunks/5f34d_next_dist_253e5923._.js:1920
[  522132ms] [ERROR] ./app/layout.tsx:3:1
Module not found: Can't resolve '@fortawesome/fontawesome-svg-core'
  1 | import type { Metadata } from "next";
  2 | import { Geist, Geist_Mono } from "next/font/google";
> 3 | import { config } from '@fortawesome/fontawesome-svg-core';
    | ^^^^^^^^^^^^^^^^^^^^^^^^^^^^^^^^^^^^^^^^^^^^^^^^^^^^^^^^^^^
  4 | import '@fortawesome/fontawesome-svg-core/styles.css';
  5 | import "./globals.css";
  6 | import { Header } from "@/components/layout/Header";

https://nextjs.org/docs/messages/module-not-found @ http://localhost:3000/_next/static/chunks/5f34d_next_dist_253e5923._.js:1920
[  522132ms] [ERROR] ./app/layout.tsx:4:1
Module not found: Can't resolve '@fortawesome/fontawesome-svg-core/styles.css'
  2 | import { Geist, Geist_Mono } from "next/font/google";
  3 | import { config } from '@fortawesome/fontawesome-svg-core';
> 4 | import '@fortawesome/fontawesome-svg-core/styles.css';
    | ^^^^^^^^^^^^^^^^^^^^^^^^^^^^^^^^^^^^^^^^^^^^^^^^^^^^^^
  5 | import "./globals.css";
  6 | import { Header } from "@/components/layout/Header";
  7 | import { Footer } from "@/components/layout/Footer";

https://nextjs.org/docs/messages/module-not-found @ http://localhost:3000/_next/static/chunks/5f34d_next_dist_253e5923._.js:1920
[  522132ms] [ERROR] ./app/page.tsx:8:1
Module not found: Can't resolve '@fortawesome/free-solid-svg-icons'
   6 | import { LogoScroller } from '@/components/home/LogoScroller';
   7 | import { FontAwesomeIcon } from '@fortawesome/react-fontawesome';
>  8 | import {
     | ^^^^^^^^
>  9 |   faBolt,
     | ^^^^^^^^^
> 10 |   faNetworkWired,
     | ^^^^^^^^^
> 11 |   faCode,
     | ^^^^^^^^^
> 12 |   faArrowRight,
     | ^^^^^^^^^
> 13 |   faCircleCheck,
     | ^^^^^^^^^
> 14 |   faChevronDown,
     | ^^^^^^^^^
> 15 | } from '@fortawesome/free-solid-svg-icons';
     | ^^^^^^^^^^^^^^^^^^^^^^^^^^^^^^^^^^^^^^^^^^^^
  16 | import { ImageWithFallback } from '@/components/shared/ImageWithFallback';
  17 | import { RFQForm } from '@/components/forms/rfq';
  18 |

Import traces:
  Client Component Browser:
    ./app/page.tsx [Client Component Browser]
    ./app/page.tsx [Server Component]

  Client Component SSR:
    ./app/page.tsx [Client Component SSR]
    ./app/page.tsx [Server Component]

https://nextjs.org/docs/messages/module-not-found @ http://localhost:3000/_next/static/chunks/5f34d_next_dist_253e5923._.js:1920
[  522132ms] [ERROR] ./app/page.tsx:7:1
Module not found: Can't resolve '@fortawesome/react-fontawesome'
   5 | import { HeroSlider } from '@/components/home/HeroSlider';
   6 | import { LogoScroller } from '@/components/home/LogoScroller';
>  7 | import { FontAwesomeIcon } from '@fortawesome/react-fontawesome';
     | ^^^^^^^^^^^^^^^^^^^^^^^^^^^^^^^^^^^^^^^^^^^^^^^^^^^^^^^^^^^^^^^^^
   8 | import {
   9 |   faBolt,
  10 |   faNetworkWired,

Import traces:
  Client Component Browser:
    ./app/page.tsx [Client Component Browser]
    ./app/page.tsx [Server Component]

  Client Component SSR:
    ./app/page.tsx [Client Component SSR]
    ./app/page.tsx [Server Component]

https://nextjs.org/docs/messages/module-not-found @ http://localhost:3000/_next/static/chunks/5f34d_next_dist_253e5923._.js:1920
[  522132ms] [ERROR] ./components/forms/rfq/RFQForm.tsx:5:1
Module not found: Can't resolve '@hookform/resolvers/zod'
  3 | import { useEffect, useRef } from 'react';
  4 | import { useForm } from 'react-hook-form';
> 5 | import { zodResolver } from '@hookform/resolvers/zod';
    | ^^^^^^^^^^^^^^^^^^^^^^^^^^^^^^^^^^^^^^^^^^^^^^^^^^^^^^
  6 | import { CheckCircle } from 'lucide-react';
  7 | import { rfqSchema, rfqPresetSchema, type RFQFormData, type RFQPresetFormData } from '@/lib/forms/schemas';
  8 | import { useFormSubmit } from '@/hooks/useFormSubmit';

Import traces:
  Client Component Browser:
    ./components/forms/rfq/RFQForm.tsx [Client Component Browser]
    ./app/page.tsx [Client Component Browser]
    ./app/page.tsx [Server Component]

  Client Component SSR:
    ./components/forms/rfq/RFQForm.tsx [Client Component SSR]
    ./app/page.tsx [Client Component SSR]
    ./app/page.tsx [Server Component]

https://nextjs.org/docs/messages/module-not-found @ http://localhost:3000/_next/static/chunks/5f34d_next_dist_253e5923._.js:1920
[  522133ms] [ERROR] ./lib/forms/schemas.ts:1:1
Module not found: Can't resolve 'zod'
> 1 | import { z } from 'zod';
    | ^^^^^^^^^^^^^^^^^^^^^^^^
  2 |
  3 | const baseFields = {
  4 |   firstName: z.string().min(1, 'First name is required'),

Import traces:
  Client Component Browser:
    ./lib/forms/schemas.ts [Client Component Browser]
    ./components/forms/rfq/RFQForm.tsx [Client Component Browser]
    ./app/page.tsx [Client Component Browser]
    ./app/page.tsx [Server Component]

  Client Component SSR:
    ./lib/forms/schemas.ts [Client Component SSR]
    ./components/forms/rfq/RFQForm.tsx [Client Component SSR]
    ./app/page.tsx [Client Component SSR]
    ./app/page.tsx [Server Component]

https://nextjs.org/docs/messages/module-not-found @ http://localhost:3000/_next/static/chunks/5f34d_next_dist_253e5923._.js:1920
[  522204ms] [ERROR] ./app/layout.tsx:3:1
Module not found: Can't resolve '@fortawesome/fontawesome-svg-core'
  1 | import type { Metadata } from "next";
  2 | import { Geist, Geist_Mono } from "next/font/google";
> 3 | import { config } from '@fortawesome/fontawesome-svg-core';
    | ^^^^^^^^^^^^^^^^^^^^^^^^^^^^^^^^^^^^^^^^^^^^^^^^^^^^^^^^^^^
  4 | import '@fortawesome/fontawesome-svg-core/styles.css';
  5 | import "./globals.css";
  6 | import { Header } from "@/components/layout/Header";

https://nextjs.org/docs/messages/module-not-found @ http://localhost:3000/_next/static/chunks/5f34d_next_dist_253e5923._.js:1920
[  522204ms] [ERROR] ./app/layout.tsx:4:1
Module not found: Can't resolve '@fortawesome/fontawesome-svg-core/styles.css'
  2 | import { Geist, Geist_Mono } from "next/font/google";
  3 | import { config } from '@fortawesome/fontawesome-svg-core';
> 4 | import '@fortawesome/fontawesome-svg-core/styles.css';
    | ^^^^^^^^^^^^^^^^^^^^^^^^^^^^^^^^^^^^^^^^^^^^^^^^^^^^^^
  5 | import "./globals.css";
  6 | import { Header } from "@/components/layout/Header";
  7 | import { Footer } from "@/components/layout/Footer";

https://nextjs.org/docs/messages/module-not-found @ http://localhost:3000/_next/static/chunks/5f34d_next_dist_253e5923._.js:1920
[  522204ms] [ERROR] ./app/page.tsx:8:1
Module not found: Can't resolve '@fortawesome/free-solid-svg-icons'
   6 | import { LogoScroller } from '@/components/home/LogoScroller';
   7 | import { FontAwesomeIcon } from '@fortawesome/react-fontawesome';
>  8 | import {
     | ^^^^^^^^
>  9 |   faBolt,
     | ^^^^^^^^^
> 10 |   faNetworkWired,
     | ^^^^^^^^^
> 11 |   faCode,
     | ^^^^^^^^^
> 12 |   faArrowRight,
     | ^^^^^^^^^
> 13 |   faCircleCheck,
     | ^^^^^^^^^
> 14 |   faChevronDown,
     | ^^^^^^^^^
> 15 | } from '@fortawesome/free-solid-svg-icons';
     | ^^^^^^^^^^^^^^^^^^^^^^^^^^^^^^^^^^^^^^^^^^^^
  16 | import { ImageWithFallback } from '@/components/shared/ImageWithFallback';
  17 | import { RFQForm } from '@/components/forms/rfq';
  18 |

Import traces:
  Client Component Browser:
    ./app/page.tsx [Client Component Browser]
    ./app/page.tsx [Server Component]

  Client Component SSR:
    ./app/page.tsx [Client Component SSR]
    ./app/page.tsx [Server Component]

https://nextjs.org/docs/messages/module-not-found @ http://localhost:3000/_next/static/chunks/5f34d_next_dist_253e5923._.js:1920
[  522204ms] [ERROR] ./app/page.tsx:7:1
Module not found: Can't resolve '@fortawesome/react-fontawesome'
   5 | import { HeroSlider } from '@/components/home/HeroSlider';
   6 | import { LogoScroller } from '@/components/home/LogoScroller';
>  7 | import { FontAwesomeIcon } from '@fortawesome/react-fontawesome';
     | ^^^^^^^^^^^^^^^^^^^^^^^^^^^^^^^^^^^^^^^^^^^^^^^^^^^^^^^^^^^^^^^^^
   8 | import {
   9 |   faBolt,
  10 |   faNetworkWired,

Import traces:
  Client Component Browser:
    ./app/page.tsx [Client Component Browser]
    ./app/page.tsx [Server Component]

  Client Component SSR:
    ./app/page.tsx [Client Component SSR]
    ./app/page.tsx [Server Component]

https://nextjs.org/docs/messages/module-not-found @ http://localhost:3000/_next/static/chunks/5f34d_next_dist_253e5923._.js:1920
[  522204ms] [ERROR] ./components/forms/rfq/RFQForm.tsx:5:1
Module not found: Can't resolve '@hookform/resolvers/zod'
  3 | import { useEffect, useRef } from 'react';
  4 | import { useForm } from 'react-hook-form';
> 5 | import { zodResolver } from '@hookform/resolvers/zod';
    | ^^^^^^^^^^^^^^^^^^^^^^^^^^^^^^^^^^^^^^^^^^^^^^^^^^^^^^
  6 | import { CheckCircle } from 'lucide-react';
  7 | import { rfqSchema, rfqPresetSchema, type RFQFormData, type RFQPresetFormData } from '@/lib/forms/schemas';
  8 | import { useFormSubmit } from '@/hooks/useFormSubmit';

Import traces:
  Client Component Browser:
    ./components/forms/rfq/RFQForm.tsx [Client Component Browser]
    ./app/page.tsx [Client Component Browser]
    ./app/page.tsx [Server Component]

  Client Component SSR:
    ./components/forms/rfq/RFQForm.tsx [Client Component SSR]
    ./app/page.tsx [Client Component SSR]
    ./app/page.tsx [Server Component]

https://nextjs.org/docs/messages/module-not-found @ http://localhost:3000/_next/static/chunks/5f34d_next_dist_253e5923._.js:1920
[  522204ms] [ERROR] ./lib/forms/schemas.ts:1:1
Module not found: Can't resolve 'zod'
> 1 | import { z } from 'zod';
    | ^^^^^^^^^^^^^^^^^^^^^^^^
  2 |
  3 | const baseFields = {
  4 |   firstName: z.string().min(1, 'First name is required'),

Import traces:
  Client Component Browser:
    ./lib/forms/schemas.ts [Client Component Browser]
    ./components/forms/rfq/RFQForm.tsx [Client Component Browser]
    ./app/page.tsx [Client Component Browser]
    ./app/page.tsx [Server Component]

  Client Component SSR:
    ./lib/forms/schemas.ts [Client Component SSR]
    ./components/forms/rfq/RFQForm.tsx [Client Component SSR]
    ./app/page.tsx [Client Component SSR]
    ./app/page.tsx [Server Component]

https://nextjs.org/docs/messages/module-not-found @ http://localhost:3000/_next/static/chunks/5f34d_next_dist_253e5923._.js:1920
[  522283ms] [ERROR] ./app/layout.tsx:3:1
Module not found: Can't resolve '@fortawesome/fontawesome-svg-core'
  1 | import type { Metadata } from "next";
  2 | import { Geist, Geist_Mono } from "next/font/google";
> 3 | import { config } from '@fortawesome/fontawesome-svg-core';
    | ^^^^^^^^^^^^^^^^^^^^^^^^^^^^^^^^^^^^^^^^^^^^^^^^^^^^^^^^^^^
  4 | import '@fortawesome/fontawesome-svg-core/styles.css';
  5 | import "./globals.css";
  6 | import { Header } from "@/components/layout/Header";

https://nextjs.org/docs/messages/module-not-found @ http://localhost:3000/_next/static/chunks/5f34d_next_dist_253e5923._.js:1920
[  522283ms] [ERROR] ./app/layout.tsx:4:1
Module not found: Can't resolve '@fortawesome/fontawesome-svg-core/styles.css'
  2 | import { Geist, Geist_Mono } from "next/font/google";
  3 | import { config } from '@fortawesome/fontawesome-svg-core';
> 4 | import '@fortawesome/fontawesome-svg-core/styles.css';
    | ^^^^^^^^^^^^^^^^^^^^^^^^^^^^^^^^^^^^^^^^^^^^^^^^^^^^^^
  5 | import "./globals.css";
  6 | import { Header } from "@/components/layout/Header";
  7 | import { Footer } from "@/components/layout/Footer";

https://nextjs.org/docs/messages/module-not-found @ http://localhost:3000/_next/static/chunks/5f34d_next_dist_253e5923._.js:1920
[  522283ms] [ERROR] ./app/page.tsx:8:1
Module not found: Can't resolve '@fortawesome/free-solid-svg-icons'
   6 | import { LogoScroller } from '@/components/home/LogoScroller';
   7 | import { FontAwesomeIcon } from '@fortawesome/react-fontawesome';
>  8 | import {
     | ^^^^^^^^
>  9 |   faBolt,
     | ^^^^^^^^^
> 10 |   faNetworkWired,
     | ^^^^^^^^^
> 11 |   faCode,
     | ^^^^^^^^^
> 12 |   faArrowRight,
     | ^^^^^^^^^
> 13 |   faCircleCheck,
     | ^^^^^^^^^
> 14 |   faChevronDown,
     | ^^^^^^^^^
> 15 | } from '@fortawesome/free-solid-svg-icons';
     | ^^^^^^^^^^^^^^^^^^^^^^^^^^^^^^^^^^^^^^^^^^^^
  16 | import { ImageWithFallback } from '@/components/shared/ImageWithFallback';
  17 | import { RFQForm } from '@/components/forms/rfq';
  18 |

Import traces:
  Client Component Browser:
    ./app/page.tsx [Client Component Browser]
    ./app/page.tsx [Server Component]

  Client Component SSR:
    ./app/page.tsx [Client Component SSR]
    ./app/page.tsx [Server Component]

https://nextjs.org/docs/messages/module-not-found @ http://localhost:3000/_next/static/chunks/5f34d_next_dist_253e5923._.js:1920
[  522283ms] [ERROR] ./app/page.tsx:7:1
Module not found: Can't resolve '@fortawesome/react-fontawesome'
   5 | import { HeroSlider } from '@/components/home/HeroSlider';
   6 | import { LogoScroller } from '@/components/home/LogoScroller';
>  7 | import { FontAwesomeIcon } from '@fortawesome/react-fontawesome';
     | ^^^^^^^^^^^^^^^^^^^^^^^^^^^^^^^^^^^^^^^^^^^^^^^^^^^^^^^^^^^^^^^^^
   8 | import {
   9 |   faBolt,
  10 |   faNetworkWired,

Import traces:
  Client Component Browser:
    ./app/page.tsx [Client Component Browser]
    ./app/page.tsx [Server Component]

  Client Component SSR:
    ./app/page.tsx [Client Component SSR]
    ./app/page.tsx [Server Component]

https://nextjs.org/docs/messages/module-not-found @ http://localhost:3000/_next/static/chunks/5f34d_next_dist_253e5923._.js:1920
[  522284ms] [ERROR] ./components/forms/rfq/RFQForm.tsx:5:1
Module not found: Can't resolve '@hookform/resolvers/zod'
  3 | import { useEffect, useRef } from 'react';
  4 | import { useForm } from 'react-hook-form';
> 5 | import { zodResolver } from '@hookform/resolvers/zod';
    | ^^^^^^^^^^^^^^^^^^^^^^^^^^^^^^^^^^^^^^^^^^^^^^^^^^^^^^
  6 | import { CheckCircle } from 'lucide-react';
  7 | import { rfqSchema, rfqPresetSchema, type RFQFormData, type RFQPresetFormData } from '@/lib/forms/schemas';
  8 | import { useFormSubmit } from '@/hooks/useFormSubmit';

Import traces:
  Client Component Browser:
    ./components/forms/rfq/RFQForm.tsx [Client Component Browser]
    ./app/page.tsx [Client Component Browser]
    ./app/page.tsx [Server Component]

  Client Component SSR:
    ./components/forms/rfq/RFQForm.tsx [Client Component SSR]
    ./app/page.tsx [Client Component SSR]
    ./app/page.tsx [Server Component]

https://nextjs.org/docs/messages/module-not-found @ http://localhost:3000/_next/static/chunks/5f34d_next_dist_253e5923._.js:1920
[  522284ms] [ERROR] ./lib/forms/schemas.ts:1:1
Module not found: Can't resolve 'zod'
> 1 | import { z } from 'zod';
    | ^^^^^^^^^^^^^^^^^^^^^^^^
  2 |
  3 | const baseFields = {
  4 |   firstName: z.string().min(1, 'First name is required'),

Import traces:
  Client Component Browser:
    ./lib/forms/schemas.ts [Client Component Browser]
    ./components/forms/rfq/RFQForm.tsx [Client Component Browser]
    ./app/page.tsx [Client Component Browser]
    ./app/page.tsx [Server Component]

  Client Component SSR:
    ./lib/forms/schemas.ts [Client Component SSR]
    ./components/forms/rfq/RFQForm.tsx [Client Component SSR]
    ./app/page.tsx [Client Component SSR]
    ./app/page.tsx [Server Component]

https://nextjs.org/docs/messages/module-not-found @ http://localhost:3000/_next/static/chunks/5f34d_next_dist_253e5923._.js:1920
[  522349ms] [ERROR] ./app/layout.tsx:3:1
Module not found: Can't resolve '@fortawesome/fontawesome-svg-core'
  1 | import type { Metadata } from "next";
  2 | import { Geist, Geist_Mono } from "next/font/google";
> 3 | import { config } from '@fortawesome/fontawesome-svg-core';
    | ^^^^^^^^^^^^^^^^^^^^^^^^^^^^^^^^^^^^^^^^^^^^^^^^^^^^^^^^^^^
  4 | import '@fortawesome/fontawesome-svg-core/styles.css';
  5 | import "./globals.css";
  6 | import { Header } from "@/components/layout/Header";

https://nextjs.org/docs/messages/module-not-found @ http://localhost:3000/_next/static/chunks/5f34d_next_dist_253e5923._.js:1920
[  522350ms] [ERROR] ./app/layout.tsx:4:1
Module not found: Can't resolve '@fortawesome/fontawesome-svg-core/styles.css'
  2 | import { Geist, Geist_Mono } from "next/font/google";
  3 | import { config } from '@fortawesome/fontawesome-svg-core';
> 4 | import '@fortawesome/fontawesome-svg-core/styles.css';
    | ^^^^^^^^^^^^^^^^^^^^^^^^^^^^^^^^^^^^^^^^^^^^^^^^^^^^^^
  5 | import "./globals.css";
  6 | import { Header } from "@/components/layout/Header";
  7 | import { Footer } from "@/components/layout/Footer";

https://nextjs.org/docs/messages/module-not-found @ http://localhost:3000/_next/static/chunks/5f34d_next_dist_253e5923._.js:1920
[  522350ms] [ERROR] ./app/page.tsx:8:1
Module not found: Can't resolve '@fortawesome/free-solid-svg-icons'
   6 | import { LogoScroller } from '@/components/home/LogoScroller';
   7 | import { FontAwesomeIcon } from '@fortawesome/react-fontawesome';
>  8 | import {
     | ^^^^^^^^
>  9 |   faBolt,
     | ^^^^^^^^^
> 10 |   faNetworkWired,
     | ^^^^^^^^^
> 11 |   faCode,
     | ^^^^^^^^^
> 12 |   faArrowRight,
     | ^^^^^^^^^
> 13 |   faCircleCheck,
     | ^^^^^^^^^
> 14 |   faChevronDown,
     | ^^^^^^^^^
> 15 | } from '@fortawesome/free-solid-svg-icons';
     | ^^^^^^^^^^^^^^^^^^^^^^^^^^^^^^^^^^^^^^^^^^^^
  16 | import { ImageWithFallback } from '@/components/shared/ImageWithFallback';
  17 | import { RFQForm } from '@/components/forms/rfq';
  18 |

Import traces:
  Client Component Browser:
    ./app/page.tsx [Client Component Browser]
    ./app/page.tsx [Server Component]

  Client Component SSR:
    ./app/page.tsx [Client Component SSR]
    ./app/page.tsx [Server Component]

https://nextjs.org/docs/messages/module-not-found @ http://localhost:3000/_next/static/chunks/5f34d_next_dist_253e5923._.js:1920
[  522350ms] [ERROR] ./app/page.tsx:7:1
Module not found: Can't resolve '@fortawesome/react-fontawesome'
   5 | import { HeroSlider } from '@/components/home/HeroSlider';
   6 | import { LogoScroller } from '@/components/home/LogoScroller';
>  7 | import { FontAwesomeIcon } from '@fortawesome/react-fontawesome';
     | ^^^^^^^^^^^^^^^^^^^^^^^^^^^^^^^^^^^^^^^^^^^^^^^^^^^^^^^^^^^^^^^^^
   8 | import {
   9 |   faBolt,
  10 |   faNetworkWired,

Import traces:
  Client Component Browser:
    ./app/page.tsx [Client Component Browser]
    ./app/page.tsx [Server Component]

  Client Component SSR:
    ./app/page.tsx [Client Component SSR]
    ./app/page.tsx [Server Component]

https://nextjs.org/docs/messages/module-not-found @ http://localhost:3000/_next/static/chunks/5f34d_next_dist_253e5923._.js:1920
[  522350ms] [ERROR] ./components/forms/rfq/RFQForm.tsx:5:1
Module not found: Can't resolve '@hookform/resolvers/zod'
  3 | import { useEffect, useRef } from 'react';
  4 | import { useForm } from 'react-hook-form';
> 5 | import { zodResolver } from '@hookform/resolvers/zod';
    | ^^^^^^^^^^^^^^^^^^^^^^^^^^^^^^^^^^^^^^^^^^^^^^^^^^^^^^
  6 | import { CheckCircle } from 'lucide-react';
  7 | import { rfqSchema, rfqPresetSchema, type RFQFormData, type RFQPresetFormData } from '@/lib/forms/schemas';
  8 | import { useFormSubmit } from '@/hooks/useFormSubmit';

Import traces:
  Client Component Browser:
    ./components/forms/rfq/RFQForm.tsx [Client Component Browser]
    ./app/page.tsx [Client Component Browser]
    ./app/page.tsx [Server Component]

  Client Component SSR:
    ./components/forms/rfq/RFQForm.tsx [Client Component SSR]
    ./app/page.tsx [Client Component SSR]
    ./app/page.tsx [Server Component]

https://nextjs.org/docs/messages/module-not-found @ http://localhost:3000/_next/static/chunks/5f34d_next_dist_253e5923._.js:1920
[  522350ms] [ERROR] ./lib/forms/schemas.ts:1:1
Module not found: Can't resolve 'zod'
> 1 | import { z } from 'zod';
    | ^^^^^^^^^^^^^^^^^^^^^^^^
  2 |
  3 | const baseFields = {
  4 |   firstName: z.string().min(1, 'First name is required'),

Import traces:
  Client Component Browser:
    ./lib/forms/schemas.ts [Client Component Browser]
    ./components/forms/rfq/RFQForm.tsx [Client Component Browser]
    ./app/page.tsx [Client Component Browser]
    ./app/page.tsx [Server Component]

  Client Component SSR:
    ./lib/forms/schemas.ts [Client Component SSR]
    ./components/forms/rfq/RFQForm.tsx [Client Component SSR]
    ./app/page.tsx [Client Component SSR]
    ./app/page.tsx [Server Component]

https://nextjs.org/docs/messages/module-not-found @ http://localhost:3000/_next/static/chunks/5f34d_next_dist_253e5923._.js:1920
[  522429ms] [ERROR] ./app/layout.tsx:3:1
Module not found: Can't resolve '@fortawesome/fontawesome-svg-core'
  1 | import type { Metadata } from "next";
  2 | import { Geist, Geist_Mono } from "next/font/google";
> 3 | import { config } from '@fortawesome/fontawesome-svg-core';
    | ^^^^^^^^^^^^^^^^^^^^^^^^^^^^^^^^^^^^^^^^^^^^^^^^^^^^^^^^^^^
  4 | import '@fortawesome/fontawesome-svg-core/styles.css';
  5 | import "./globals.css";
  6 | import { Header } from "@/components/layout/Header";

https://nextjs.org/docs/messages/module-not-found @ http://localhost:3000/_next/static/chunks/5f34d_next_dist_253e5923._.js:1920
[  522429ms] [ERROR] ./app/layout.tsx:4:1
Module not found: Can't resolve '@fortawesome/fontawesome-svg-core/styles.css'
  2 | import { Geist, Geist_Mono } from "next/font/google";
  3 | import { config } from '@fortawesome/fontawesome-svg-core';
> 4 | import '@fortawesome/fontawesome-svg-core/styles.css';
    | ^^^^^^^^^^^^^^^^^^^^^^^^^^^^^^^^^^^^^^^^^^^^^^^^^^^^^^
  5 | import "./globals.css";
  6 | import { Header } from "@/components/layout/Header";
  7 | import { Footer } from "@/components/layout/Footer";

https://nextjs.org/docs/messages/module-not-found @ http://localhost:3000/_next/static/chunks/5f34d_next_dist_253e5923._.js:1920
[  522429ms] [ERROR] ./app/page.tsx:8:1
Module not found: Can't resolve '@fortawesome/free-solid-svg-icons'
   6 | import { LogoScroller } from '@/components/home/LogoScroller';
   7 | import { FontAwesomeIcon } from '@fortawesome/react-fontawesome';
>  8 | import {
     | ^^^^^^^^
>  9 |   faBolt,
     | ^^^^^^^^^
> 10 |   faNetworkWired,
     | ^^^^^^^^^
> 11 |   faCode,
     | ^^^^^^^^^
> 12 |   faArrowRight,
     | ^^^^^^^^^
> 13 |   faCircleCheck,
     | ^^^^^^^^^
> 14 |   faChevronDown,
     | ^^^^^^^^^
> 15 | } from '@fortawesome/free-solid-svg-icons';
     | ^^^^^^^^^^^^^^^^^^^^^^^^^^^^^^^^^^^^^^^^^^^^
  16 | import { ImageWithFallback } from '@/components/shared/ImageWithFallback';
  17 | import { RFQForm } from '@/components/forms/rfq';
  18 |

Import traces:
  Client Component Browser:
    ./app/page.tsx [Client Component Browser]
    ./app/page.tsx [Server Component]

  Client Component SSR:
    ./app/page.tsx [Client Component SSR]
    ./app/page.tsx [Server Component]

https://nextjs.org/docs/messages/module-not-found @ http://localhost:3000/_next/static/chunks/5f34d_next_dist_253e5923._.js:1920
[  522429ms] [ERROR] ./app/page.tsx:7:1
Module not found: Can't resolve '@fortawesome/react-fontawesome'
   5 | import { HeroSlider } from '@/components/home/HeroSlider';
   6 | import { LogoScroller } from '@/components/home/LogoScroller';
>  7 | import { FontAwesomeIcon } from '@fortawesome/react-fontawesome';
     | ^^^^^^^^^^^^^^^^^^^^^^^^^^^^^^^^^^^^^^^^^^^^^^^^^^^^^^^^^^^^^^^^^
   8 | import {
   9 |   faBolt,
  10 |   faNetworkWired,

Import traces:
  Client Component Browser:
    ./app/page.tsx [Client Component Browser]
    ./app/page.tsx [Server Component]

  Client Component SSR:
    ./app/page.tsx [Client Component SSR]
    ./app/page.tsx [Server Component]

https://nextjs.org/docs/messages/module-not-found @ http://localhost:3000/_next/static/chunks/5f34d_next_dist_253e5923._.js:1920
[  522430ms] [ERROR] ./components/forms/rfq/RFQForm.tsx:5:1
Module not found: Can't resolve '@hookform/resolvers/zod'
  3 | import { useEffect, useRef } from 'react';
  4 | import { useForm } from 'react-hook-form';
> 5 | import { zodResolver } from '@hookform/resolvers/zod';
    | ^^^^^^^^^^^^^^^^^^^^^^^^^^^^^^^^^^^^^^^^^^^^^^^^^^^^^^
  6 | import { CheckCircle } from 'lucide-react';
  7 | import { rfqSchema, rfqPresetSchema, type RFQFormData, type RFQPresetFormData } from '@/lib/forms/schemas';
  8 | import { useFormSubmit } from '@/hooks/useFormSubmit';

Import traces:
  Client Component Browser:
    ./components/forms/rfq/RFQForm.tsx [Client Component Browser]
    ./app/page.tsx [Client Component Browser]
    ./app/page.tsx [Server Component]

  Client Component SSR:
    ./components/forms/rfq/RFQForm.tsx [Client Component SSR]
    ./app/page.tsx [Client Component SSR]
    ./app/page.tsx [Server Component]

https://nextjs.org/docs/messages/module-not-found @ http://localhost:3000/_next/static/chunks/5f34d_next_dist_253e5923._.js:1920
[  522430ms] [ERROR] ./lib/forms/schemas.ts:1:1
Module not found: Can't resolve 'zod'
> 1 | import { z } from 'zod';
    | ^^^^^^^^^^^^^^^^^^^^^^^^
  2 |
  3 | const baseFields = {
  4 |   firstName: z.string().min(1, 'First name is required'),

Import traces:
  Client Component Browser:
    ./lib/forms/schemas.ts [Client Component Browser]
    ./components/forms/rfq/RFQForm.tsx [Client Component Browser]
    ./app/page.tsx [Client Component Browser]
    ./app/page.tsx [Server Component]

  Client Component SSR:
    ./lib/forms/schemas.ts [Client Component SSR]
    ./components/forms/rfq/RFQForm.tsx [Client Component SSR]
    ./app/page.tsx [Client Component SSR]
    ./app/page.tsx [Server Component]

https://nextjs.org/docs/messages/module-not-found @ http://localhost:3000/_next/static/chunks/5f34d_next_dist_253e5923._.js:1920
[  522514ms] [ERROR] ./app/layout.tsx:3:1
Module not found: Can't resolve '@fortawesome/fontawesome-svg-core'
  1 | import type { Metadata } from "next";
  2 | import { Geist, Geist_Mono } from "next/font/google";
> 3 | import { config } from '@fortawesome/fontawesome-svg-core';
    | ^^^^^^^^^^^^^^^^^^^^^^^^^^^^^^^^^^^^^^^^^^^^^^^^^^^^^^^^^^^
  4 | import '@fortawesome/fontawesome-svg-core/styles.css';
  5 | import "./globals.css";
  6 | import { Header } from "@/components/layout/Header";

https://nextjs.org/docs/messages/module-not-found @ http://localhost:3000/_next/static/chunks/5f34d_next_dist_253e5923._.js:1920
[  522514ms] [ERROR] ./app/layout.tsx:4:1
Module not found: Can't resolve '@fortawesome/fontawesome-svg-core/styles.css'
  2 | import { Geist, Geist_Mono } from "next/font/google";
  3 | import { config } from '@fortawesome/fontawesome-svg-core';
> 4 | import '@fortawesome/fontawesome-svg-core/styles.css';
    | ^^^^^^^^^^^^^^^^^^^^^^^^^^^^^^^^^^^^^^^^^^^^^^^^^^^^^^
  5 | import "./globals.css";
  6 | import { Header } from "@/components/layout/Header";
  7 | import { Footer } from "@/components/layout/Footer";

https://nextjs.org/docs/messages/module-not-found @ http://localhost:3000/_next/static/chunks/5f34d_next_dist_253e5923._.js:1920
[  522514ms] [ERROR] ./app/page.tsx:8:1
Module not found: Can't resolve '@fortawesome/free-solid-svg-icons'
   6 | import { LogoScroller } from '@/components/home/LogoScroller';
   7 | import { FontAwesomeIcon } from '@fortawesome/react-fontawesome';
>  8 | import {
     | ^^^^^^^^
>  9 |   faBolt,
     | ^^^^^^^^^
> 10 |   faNetworkWired,
     | ^^^^^^^^^
> 11 |   faCode,
     | ^^^^^^^^^
> 12 |   faArrowRight,
     | ^^^^^^^^^
> 13 |   faCircleCheck,
     | ^^^^^^^^^
> 14 |   faChevronDown,
     | ^^^^^^^^^
> 15 | } from '@fortawesome/free-solid-svg-icons';
     | ^^^^^^^^^^^^^^^^^^^^^^^^^^^^^^^^^^^^^^^^^^^^
  16 | import { ImageWithFallback } from '@/components/shared/ImageWithFallback';
  17 | import { RFQForm } from '@/components/forms/rfq';
  18 |

Import traces:
  Client Component Browser:
    ./app/page.tsx [Client Component Browser]
    ./app/page.tsx [Server Component]

  Client Component SSR:
    ./app/page.tsx [Client Component SSR]
    ./app/page.tsx [Server Component]

https://nextjs.org/docs/messages/module-not-found @ http://localhost:3000/_next/static/chunks/5f34d_next_dist_253e5923._.js:1920
[  522515ms] [ERROR] ./app/page.tsx:7:1
Module not found: Can't resolve '@fortawesome/react-fontawesome'
   5 | import { HeroSlider } from '@/components/home/HeroSlider';
   6 | import { LogoScroller } from '@/components/home/LogoScroller';
>  7 | import { FontAwesomeIcon } from '@fortawesome/react-fontawesome';
     | ^^^^^^^^^^^^^^^^^^^^^^^^^^^^^^^^^^^^^^^^^^^^^^^^^^^^^^^^^^^^^^^^^
   8 | import {
   9 |   faBolt,
  10 |   faNetworkWired,

Import traces:
  Client Component Browser:
    ./app/page.tsx [Client Component Browser]
    ./app/page.tsx [Server Component]

  Client Component SSR:
    ./app/page.tsx [Client Component SSR]
    ./app/page.tsx [Server Component]

https://nextjs.org/docs/messages/module-not-found @ http://localhost:3000/_next/static/chunks/5f34d_next_dist_253e5923._.js:1920
[  522515ms] [ERROR] ./components/forms/rfq/RFQForm.tsx:5:1
Module not found: Can't resolve '@hookform/resolvers/zod'
  3 | import { useEffect, useRef } from 'react';
  4 | import { useForm } from 'react-hook-form';
> 5 | import { zodResolver } from '@hookform/resolvers/zod';
    | ^^^^^^^^^^^^^^^^^^^^^^^^^^^^^^^^^^^^^^^^^^^^^^^^^^^^^^
  6 | import { CheckCircle } from 'lucide-react';
  7 | import { rfqSchema, rfqPresetSchema, type RFQFormData, type RFQPresetFormData } from '@/lib/forms/schemas';
  8 | import { useFormSubmit } from '@/hooks/useFormSubmit';

Import traces:
  Client Component Browser:
    ./components/forms/rfq/RFQForm.tsx [Client Component Browser]
    ./app/page.tsx [Client Component Browser]
    ./app/page.tsx [Server Component]

  Client Component SSR:
    ./components/forms/rfq/RFQForm.tsx [Client Component SSR]
    ./app/page.tsx [Client Component SSR]
    ./app/page.tsx [Server Component]

https://nextjs.org/docs/messages/module-not-found @ http://localhost:3000/_next/static/chunks/5f34d_next_dist_253e5923._.js:1920
[  522515ms] [ERROR] ./lib/forms/schemas.ts:1:1
Module not found: Can't resolve 'zod'
> 1 | import { z } from 'zod';
    | ^^^^^^^^^^^^^^^^^^^^^^^^
  2 |
  3 | const baseFields = {
  4 |   firstName: z.string().min(1, 'First name is required'),

Import traces:
  Client Component Browser:
    ./lib/forms/schemas.ts [Client Component Browser]
    ./components/forms/rfq/RFQForm.tsx [Client Component Browser]
    ./app/page.tsx [Client Component Browser]
    ./app/page.tsx [Server Component]

  Client Component SSR:
    ./lib/forms/schemas.ts [Client Component SSR]
    ./components/forms/rfq/RFQForm.tsx [Client Component SSR]
    ./app/page.tsx [Client Component SSR]
    ./app/page.tsx [Server Component]

https://nextjs.org/docs/messages/module-not-found @ http://localhost:3000/_next/static/chunks/5f34d_next_dist_253e5923._.js:1920
[  522586ms] [ERROR] ./app/layout.tsx:3:1
Module not found: Can't resolve '@fortawesome/fontawesome-svg-core'
  1 | import type { Metadata } from "next";
  2 | import { Geist, Geist_Mono } from "next/font/google";
> 3 | import { config } from '@fortawesome/fontawesome-svg-core';
    | ^^^^^^^^^^^^^^^^^^^^^^^^^^^^^^^^^^^^^^^^^^^^^^^^^^^^^^^^^^^
  4 | import '@fortawesome/fontawesome-svg-core/styles.css';
  5 | import "./globals.css";
  6 | import { Header } from "@/components/layout/Header";

https://nextjs.org/docs/messages/module-not-found @ http://localhost:3000/_next/static/chunks/5f34d_next_dist_253e5923._.js:1920
[  522586ms] [ERROR] ./app/layout.tsx:4:1
Module not found: Can't resolve '@fortawesome/fontawesome-svg-core/styles.css'
  2 | import { Geist, Geist_Mono } from "next/font/google";
  3 | import { config } from '@fortawesome/fontawesome-svg-core';
> 4 | import '@fortawesome/fontawesome-svg-core/styles.css';
    | ^^^^^^^^^^^^^^^^^^^^^^^^^^^^^^^^^^^^^^^^^^^^^^^^^^^^^^
  5 | import "./globals.css";
  6 | import { Header } from "@/components/layout/Header";
  7 | import { Footer } from "@/components/layout/Footer";

https://nextjs.org/docs/messages/module-not-found @ http://localhost:3000/_next/static/chunks/5f34d_next_dist_253e5923._.js:1920
[  522586ms] [ERROR] ./app/page.tsx:8:1
Module not found: Can't resolve '@fortawesome/free-solid-svg-icons'
   6 | import { LogoScroller } from '@/components/home/LogoScroller';
   7 | import { FontAwesomeIcon } from '@fortawesome/react-fontawesome';
>  8 | import {
     | ^^^^^^^^
>  9 |   faBolt,
     | ^^^^^^^^^
> 10 |   faNetworkWired,
     | ^^^^^^^^^
> 11 |   faCode,
     | ^^^^^^^^^
> 12 |   faArrowRight,
     | ^^^^^^^^^
> 13 |   faCircleCheck,
     | ^^^^^^^^^
> 14 |   faChevronDown,
     | ^^^^^^^^^
> 15 | } from '@fortawesome/free-solid-svg-icons';
     | ^^^^^^^^^^^^^^^^^^^^^^^^^^^^^^^^^^^^^^^^^^^^
  16 | import { ImageWithFallback } from '@/components/shared/ImageWithFallback';
  17 | import { RFQForm } from '@/components/forms/rfq';
  18 |

Import traces:
  Client Component Browser:
    ./app/page.tsx [Client Component Browser]
    ./app/page.tsx [Server Component]

  Client Component SSR:
    ./app/page.tsx [Client Component SSR]
    ./app/page.tsx [Server Component]

https://nextjs.org/docs/messages/module-not-found @ http://localhost:3000/_next/static/chunks/5f34d_next_dist_253e5923._.js:1920
[  522586ms] [ERROR] ./app/page.tsx:7:1
Module not found: Can't resolve '@fortawesome/react-fontawesome'
   5 | import { HeroSlider } from '@/components/home/HeroSlider';
   6 | import { LogoScroller } from '@/components/home/LogoScroller';
>  7 | import { FontAwesomeIcon } from '@fortawesome/react-fontawesome';
     | ^^^^^^^^^^^^^^^^^^^^^^^^^^^^^^^^^^^^^^^^^^^^^^^^^^^^^^^^^^^^^^^^^
   8 | import {
   9 |   faBolt,
  10 |   faNetworkWired,

Import traces:
  Client Component Browser:
    ./app/page.tsx [Client Component Browser]
    ./app/page.tsx [Server Component]

  Client Component SSR:
    ./app/page.tsx [Client Component SSR]
    ./app/page.tsx [Server Component]

https://nextjs.org/docs/messages/module-not-found @ http://localhost:3000/_next/static/chunks/5f34d_next_dist_253e5923._.js:1920
[  522587ms] [ERROR] ./components/forms/rfq/RFQForm.tsx:5:1
Module not found: Can't resolve '@hookform/resolvers/zod'
  3 | import { useEffect, useRef } from 'react';
  4 | import { useForm } from 'react-hook-form';
> 5 | import { zodResolver } from '@hookform/resolvers/zod';
    | ^^^^^^^^^^^^^^^^^^^^^^^^^^^^^^^^^^^^^^^^^^^^^^^^^^^^^^
  6 | import { CheckCircle } from 'lucide-react';
  7 | import { rfqSchema, rfqPresetSchema, type RFQFormData, type RFQPresetFormData } from '@/lib/forms/schemas';
  8 | import { useFormSubmit } from '@/hooks/useFormSubmit';

Import traces:
  Client Component Browser:
    ./components/forms/rfq/RFQForm.tsx [Client Component Browser]
    ./app/page.tsx [Client Component Browser]
    ./app/page.tsx [Server Component]

  Client Component SSR:
    ./components/forms/rfq/RFQForm.tsx [Client Component SSR]
    ./app/page.tsx [Client Component SSR]
    ./app/page.tsx [Server Component]

https://nextjs.org/docs/messages/module-not-found @ http://localhost:3000/_next/static/chunks/5f34d_next_dist_253e5923._.js:1920
[  522587ms] [ERROR] ./lib/forms/schemas.ts:1:1
Module not found: Can't resolve 'zod'
> 1 | import { z } from 'zod';
    | ^^^^^^^^^^^^^^^^^^^^^^^^
  2 |
  3 | const baseFields = {
  4 |   firstName: z.string().min(1, 'First name is required'),

Import traces:
  Client Component Browser:
    ./lib/forms/schemas.ts [Client Component Browser]
    ./components/forms/rfq/RFQForm.tsx [Client Component Browser]
    ./app/page.tsx [Client Component Browser]
    ./app/page.tsx [Server Component]

  Client Component SSR:
    ./lib/forms/schemas.ts [Client Component SSR]
    ./components/forms/rfq/RFQForm.tsx [Client Component SSR]
    ./app/page.tsx [Client Component SSR]
    ./app/page.tsx [Server Component]

https://nextjs.org/docs/messages/module-not-found @ http://localhost:3000/_next/static/chunks/5f34d_next_dist_253e5923._.js:1920
[  522664ms] [ERROR] ./app/layout.tsx:3:1
Module not found: Can't resolve '@fortawesome/fontawesome-svg-core'
  1 | import type { Metadata } from "next";
  2 | import { Geist, Geist_Mono } from "next/font/google";
> 3 | import { config } from '@fortawesome/fontawesome-svg-core';
    | ^^^^^^^^^^^^^^^^^^^^^^^^^^^^^^^^^^^^^^^^^^^^^^^^^^^^^^^^^^^
  4 | import '@fortawesome/fontawesome-svg-core/styles.css';
  5 | import "./globals.css";
  6 | import { Header } from "@/components/layout/Header";

https://nextjs.org/docs/messages/module-not-found @ http://localhost:3000/_next/static/chunks/5f34d_next_dist_253e5923._.js:1920
[  522664ms] [ERROR] ./app/layout.tsx:4:1
Module not found: Can't resolve '@fortawesome/fontawesome-svg-core/styles.css'
  2 | import { Geist, Geist_Mono } from "next/font/google";
  3 | import { config } from '@fortawesome/fontawesome-svg-core';
> 4 | import '@fortawesome/fontawesome-svg-core/styles.css';
    | ^^^^^^^^^^^^^^^^^^^^^^^^^^^^^^^^^^^^^^^^^^^^^^^^^^^^^^
  5 | import "./globals.css";
  6 | import { Header } from "@/components/layout/Header";
  7 | import { Footer } from "@/components/layout/Footer";

https://nextjs.org/docs/messages/module-not-found @ http://localhost:3000/_next/static/chunks/5f34d_next_dist_253e5923._.js:1920
[  522664ms] [ERROR] ./app/page.tsx:8:1
Module not found: Can't resolve '@fortawesome/free-solid-svg-icons'
   6 | import { LogoScroller } from '@/components/home/LogoScroller';
   7 | import { FontAwesomeIcon } from '@fortawesome/react-fontawesome';
>  8 | import {
     | ^^^^^^^^
>  9 |   faBolt,
     | ^^^^^^^^^
> 10 |   faNetworkWired,
     | ^^^^^^^^^
> 11 |   faCode,
     | ^^^^^^^^^
> 12 |   faArrowRight,
     | ^^^^^^^^^
> 13 |   faCircleCheck,
     | ^^^^^^^^^
> 14 |   faChevronDown,
     | ^^^^^^^^^
> 15 | } from '@fortawesome/free-solid-svg-icons';
     | ^^^^^^^^^^^^^^^^^^^^^^^^^^^^^^^^^^^^^^^^^^^^
  16 | import { ImageWithFallback } from '@/components/shared/ImageWithFallback';
  17 | import { RFQForm } from '@/components/forms/rfq';
  18 |

Import traces:
  Client Component Browser:
    ./app/page.tsx [Client Component Browser]
    ./app/page.tsx [Server Component]

  Client Component SSR:
    ./app/page.tsx [Client Component SSR]
    ./app/page.tsx [Server Component]

https://nextjs.org/docs/messages/module-not-found @ http://localhost:3000/_next/static/chunks/5f34d_next_dist_253e5923._.js:1920
[  522664ms] [ERROR] ./app/page.tsx:7:1
Module not found: Can't resolve '@fortawesome/react-fontawesome'
   5 | import { HeroSlider } from '@/components/home/HeroSlider';
   6 | import { LogoScroller } from '@/components/home/LogoScroller';
>  7 | import { FontAwesomeIcon } from '@fortawesome/react-fontawesome';
     | ^^^^^^^^^^^^^^^^^^^^^^^^^^^^^^^^^^^^^^^^^^^^^^^^^^^^^^^^^^^^^^^^^
   8 | import {
   9 |   faBolt,
  10 |   faNetworkWired,

Import traces:
  Client Component Browser:
    ./app/page.tsx [Client Component Browser]
    ./app/page.tsx [Server Component]

  Client Component SSR:
    ./app/page.tsx [Client Component SSR]
    ./app/page.tsx [Server Component]

https://nextjs.org/docs/messages/module-not-found @ http://localhost:3000/_next/static/chunks/5f34d_next_dist_253e5923._.js:1920
[  522665ms] [ERROR] ./components/forms/rfq/RFQForm.tsx:5:1
Module not found: Can't resolve '@hookform/resolvers/zod'
  3 | import { useEffect, useRef } from 'react';
  4 | import { useForm } from 'react-hook-form';
> 5 | import { zodResolver } from '@hookform/resolvers/zod';
    | ^^^^^^^^^^^^^^^^^^^^^^^^^^^^^^^^^^^^^^^^^^^^^^^^^^^^^^
  6 | import { CheckCircle } from 'lucide-react';
  7 | import { rfqSchema, rfqPresetSchema, type RFQFormData, type RFQPresetFormData } from '@/lib/forms/schemas';
  8 | import { useFormSubmit } from '@/hooks/useFormSubmit';

Import traces:
  Client Component Browser:
    ./components/forms/rfq/RFQForm.tsx [Client Component Browser]
    ./app/page.tsx [Client Component Browser]
    ./app/page.tsx [Server Component]

  Client Component SSR:
    ./components/forms/rfq/RFQForm.tsx [Client Component SSR]
    ./app/page.tsx [Client Component SSR]
    ./app/page.tsx [Server Component]

https://nextjs.org/docs/messages/module-not-found @ http://localhost:3000/_next/static/chunks/5f34d_next_dist_253e5923._.js:1920
[  522665ms] [ERROR] ./lib/forms/schemas.ts:1:1
Module not found: Can't resolve 'zod'
> 1 | import { z } from 'zod';
    | ^^^^^^^^^^^^^^^^^^^^^^^^
  2 |
  3 | const baseFields = {
  4 |   firstName: z.string().min(1, 'First name is required'),

Import traces:
  Client Component Browser:
    ./lib/forms/schemas.ts [Client Component Browser]
    ./components/forms/rfq/RFQForm.tsx [Client Component Browser]
    ./app/page.tsx [Client Component Browser]
    ./app/page.tsx [Server Component]

  Client Component SSR:
    ./lib/forms/schemas.ts [Client Component SSR]
    ./components/forms/rfq/RFQForm.tsx [Client Component SSR]
    ./app/page.tsx [Client Component SSR]
    ./app/page.tsx [Server Component]

https://nextjs.org/docs/messages/module-not-found @ http://localhost:3000/_next/static/chunks/5f34d_next_dist_253e5923._.js:1920
[  522738ms] [ERROR] ./app/layout.tsx:3:1
Module not found: Can't resolve '@fortawesome/fontawesome-svg-core'
  1 | import type { Metadata } from "next";
  2 | import { Geist, Geist_Mono } from "next/font/google";
> 3 | import { config } from '@fortawesome/fontawesome-svg-core';
    | ^^^^^^^^^^^^^^^^^^^^^^^^^^^^^^^^^^^^^^^^^^^^^^^^^^^^^^^^^^^
  4 | import '@fortawesome/fontawesome-svg-core/styles.css';
  5 | import "./globals.css";
  6 | import { Header } from "@/components/layout/Header";

https://nextjs.org/docs/messages/module-not-found @ http://localhost:3000/_next/static/chunks/5f34d_next_dist_253e5923._.js:1920
[  522738ms] [ERROR] ./app/layout.tsx:4:1
Module not found: Can't resolve '@fortawesome/fontawesome-svg-core/styles.css'
  2 | import { Geist, Geist_Mono } from "next/font/google";
  3 | import { config } from '@fortawesome/fontawesome-svg-core';
> 4 | import '@fortawesome/fontawesome-svg-core/styles.css';
    | ^^^^^^^^^^^^^^^^^^^^^^^^^^^^^^^^^^^^^^^^^^^^^^^^^^^^^^
  5 | import "./globals.css";
  6 | import { Header } from "@/components/layout/Header";
  7 | import { Footer } from "@/components/layout/Footer";

https://nextjs.org/docs/messages/module-not-found @ http://localhost:3000/_next/static/chunks/5f34d_next_dist_253e5923._.js:1920
[  522738ms] [ERROR] ./app/page.tsx:8:1
Module not found: Can't resolve '@fortawesome/free-solid-svg-icons'
   6 | import { LogoScroller } from '@/components/home/LogoScroller';
   7 | import { FontAwesomeIcon } from '@fortawesome/react-fontawesome';
>  8 | import {
     | ^^^^^^^^
>  9 |   faBolt,
     | ^^^^^^^^^
> 10 |   faNetworkWired,
     | ^^^^^^^^^
> 11 |   faCode,
     | ^^^^^^^^^
> 12 |   faArrowRight,
     | ^^^^^^^^^
> 13 |   faCircleCheck,
     | ^^^^^^^^^
> 14 |   faChevronDown,
     | ^^^^^^^^^
> 15 | } from '@fortawesome/free-solid-svg-icons';
     | ^^^^^^^^^^^^^^^^^^^^^^^^^^^^^^^^^^^^^^^^^^^^
  16 | import { ImageWithFallback } from '@/components/shared/ImageWithFallback';
  17 | import { RFQForm } from '@/components/forms/rfq';
  18 |

Import traces:
  Client Component Browser:
    ./app/page.tsx [Client Component Browser]
    ./app/page.tsx [Server Component]

  Client Component SSR:
    ./app/page.tsx [Client Component SSR]
    ./app/page.tsx [Server Component]

https://nextjs.org/docs/messages/module-not-found @ http://localhost:3000/_next/static/chunks/5f34d_next_dist_253e5923._.js:1920
[  522739ms] [ERROR] ./app/page.tsx:7:1
Module not found: Can't resolve '@fortawesome/react-fontawesome'
   5 | import { HeroSlider } from '@/components/home/HeroSlider';
   6 | import { LogoScroller } from '@/components/home/LogoScroller';
>  7 | import { FontAwesomeIcon } from '@fortawesome/react-fontawesome';
     | ^^^^^^^^^^^^^^^^^^^^^^^^^^^^^^^^^^^^^^^^^^^^^^^^^^^^^^^^^^^^^^^^^
   8 | import {
   9 |   faBolt,
  10 |   faNetworkWired,

Import traces:
  Client Component Browser:
    ./app/page.tsx [Client Component Browser]
    ./app/page.tsx [Server Component]

  Client Component SSR:
    ./app/page.tsx [Client Component SSR]
    ./app/page.tsx [Server Component]

https://nextjs.org/docs/messages/module-not-found @ http://localhost:3000/_next/static/chunks/5f34d_next_dist_253e5923._.js:1920
[  522740ms] [ERROR] ./components/forms/rfq/RFQForm.tsx:5:1
Module not found: Can't resolve '@hookform/resolvers/zod'
  3 | import { useEffect, useRef } from 'react';
  4 | import { useForm } from 'react-hook-form';
> 5 | import { zodResolver } from '@hookform/resolvers/zod';
    | ^^^^^^^^^^^^^^^^^^^^^^^^^^^^^^^^^^^^^^^^^^^^^^^^^^^^^^
  6 | import { CheckCircle } from 'lucide-react';
  7 | import { rfqSchema, rfqPresetSchema, type RFQFormData, type RFQPresetFormData } from '@/lib/forms/schemas';
  8 | import { useFormSubmit } from '@/hooks/useFormSubmit';

Import traces:
  Client Component Browser:
    ./components/forms/rfq/RFQForm.tsx [Client Component Browser]
    ./app/page.tsx [Client Component Browser]
    ./app/page.tsx [Server Component]

  Client Component SSR:
    ./components/forms/rfq/RFQForm.tsx [Client Component SSR]
    ./app/page.tsx [Client Component SSR]
    ./app/page.tsx [Server Component]

https://nextjs.org/docs/messages/module-not-found @ http://localhost:3000/_next/static/chunks/5f34d_next_dist_253e5923._.js:1920
[  522740ms] [ERROR] ./lib/forms/schemas.ts:1:1
Module not found: Can't resolve 'zod'
> 1 | import { z } from 'zod';
    | ^^^^^^^^^^^^^^^^^^^^^^^^
  2 |
  3 | const baseFields = {
  4 |   firstName: z.string().min(1, 'First name is required'),

Import traces:
  Client Component Browser:
    ./lib/forms/schemas.ts [Client Component Browser]
    ./components/forms/rfq/RFQForm.tsx [Client Component Browser]
    ./app/page.tsx [Client Component Browser]
    ./app/page.tsx [Server Component]

  Client Component SSR:
    ./lib/forms/schemas.ts [Client Component SSR]
    ./components/forms/rfq/RFQForm.tsx [Client Component SSR]
    ./app/page.tsx [Client Component SSR]
    ./app/page.tsx [Server Component]

https://nextjs.org/docs/messages/module-not-found @ http://localhost:3000/_next/static/chunks/5f34d_next_dist_253e5923._.js:1920
[  522817ms] [ERROR] ./app/layout.tsx:3:1
Module not found: Can't resolve '@fortawesome/fontawesome-svg-core'
  1 | import type { Metadata } from "next";
  2 | import { Geist, Geist_Mono } from "next/font/google";
> 3 | import { config } from '@fortawesome/fontawesome-svg-core';
    | ^^^^^^^^^^^^^^^^^^^^^^^^^^^^^^^^^^^^^^^^^^^^^^^^^^^^^^^^^^^
  4 | import '@fortawesome/fontawesome-svg-core/styles.css';
  5 | import "./globals.css";
  6 | import { Header } from "@/components/layout/Header";

https://nextjs.org/docs/messages/module-not-found @ http://localhost:3000/_next/static/chunks/5f34d_next_dist_253e5923._.js:1920
[  522817ms] [ERROR] ./app/layout.tsx:4:1
Module not found: Can't resolve '@fortawesome/fontawesome-svg-core/styles.css'
  2 | import { Geist, Geist_Mono } from "next/font/google";
  3 | import { config } from '@fortawesome/fontawesome-svg-core';
> 4 | import '@fortawesome/fontawesome-svg-core/styles.css';
    | ^^^^^^^^^^^^^^^^^^^^^^^^^^^^^^^^^^^^^^^^^^^^^^^^^^^^^^
  5 | import "./globals.css";
  6 | import { Header } from "@/components/layout/Header";
  7 | import { Footer } from "@/components/layout/Footer";

https://nextjs.org/docs/messages/module-not-found @ http://localhost:3000/_next/static/chunks/5f34d_next_dist_253e5923._.js:1920
[  522818ms] [ERROR] ./app/page.tsx:8:1
Module not found: Can't resolve '@fortawesome/free-solid-svg-icons'
   6 | import { LogoScroller } from '@/components/home/LogoScroller';
   7 | import { FontAwesomeIcon } from '@fortawesome/react-fontawesome';
>  8 | import {
     | ^^^^^^^^
>  9 |   faBolt,
     | ^^^^^^^^^
> 10 |   faNetworkWired,
     | ^^^^^^^^^
> 11 |   faCode,
     | ^^^^^^^^^
> 12 |   faArrowRight,
     | ^^^^^^^^^
> 13 |   faCircleCheck,
     | ^^^^^^^^^
> 14 |   faChevronDown,
     | ^^^^^^^^^
> 15 | } from '@fortawesome/free-solid-svg-icons';
     | ^^^^^^^^^^^^^^^^^^^^^^^^^^^^^^^^^^^^^^^^^^^^
  16 | import { ImageWithFallback } from '@/components/shared/ImageWithFallback';
  17 | import { RFQForm } from '@/components/forms/rfq';
  18 |

Import traces:
  Client Component Browser:
    ./app/page.tsx [Client Component Browser]
    ./app/page.tsx [Server Component]

  Client Component SSR:
    ./app/page.tsx [Client Component SSR]
    ./app/page.tsx [Server Component]

https://nextjs.org/docs/messages/module-not-found @ http://localhost:3000/_next/static/chunks/5f34d_next_dist_253e5923._.js:1920
[  522818ms] [ERROR] ./app/page.tsx:7:1
Module not found: Can't resolve '@fortawesome/react-fontawesome'
   5 | import { HeroSlider } from '@/components/home/HeroSlider';
   6 | import { LogoScroller } from '@/components/home/LogoScroller';
>  7 | import { FontAwesomeIcon } from '@fortawesome/react-fontawesome';
     | ^^^^^^^^^^^^^^^^^^^^^^^^^^^^^^^^^^^^^^^^^^^^^^^^^^^^^^^^^^^^^^^^^
   8 | import {
   9 |   faBolt,
  10 |   faNetworkWired,

Import traces:
  Client Component Browser:
    ./app/page.tsx [Client Component Browser]
    ./app/page.tsx [Server Component]

  Client Component SSR:
    ./app/page.tsx [Client Component SSR]
    ./app/page.tsx [Server Component]

https://nextjs.org/docs/messages/module-not-found @ http://localhost:3000/_next/static/chunks/5f34d_next_dist_253e5923._.js:1920
[  522818ms] [ERROR] ./components/forms/rfq/RFQForm.tsx:5:1
Module not found: Can't resolve '@hookform/resolvers/zod'
  3 | import { useEffect, useRef } from 'react';
  4 | import { useForm } from 'react-hook-form';
> 5 | import { zodResolver } from '@hookform/resolvers/zod';
    | ^^^^^^^^^^^^^^^^^^^^^^^^^^^^^^^^^^^^^^^^^^^^^^^^^^^^^^
  6 | import { CheckCircle } from 'lucide-react';
  7 | import { rfqSchema, rfqPresetSchema, type RFQFormData, type RFQPresetFormData } from '@/lib/forms/schemas';
  8 | import { useFormSubmit } from '@/hooks/useFormSubmit';

Import traces:
  Client Component Browser:
    ./components/forms/rfq/RFQForm.tsx [Client Component Browser]
    ./app/page.tsx [Client Component Browser]
    ./app/page.tsx [Server Component]

  Client Component SSR:
    ./components/forms/rfq/RFQForm.tsx [Client Component SSR]
    ./app/page.tsx [Client Component SSR]
    ./app/page.tsx [Server Component]

https://nextjs.org/docs/messages/module-not-found @ http://localhost:3000/_next/static/chunks/5f34d_next_dist_253e5923._.js:1920
[  522818ms] [ERROR] ./lib/forms/schemas.ts:1:1
Module not found: Can't resolve 'zod'
> 1 | import { z } from 'zod';
    | ^^^^^^^^^^^^^^^^^^^^^^^^
  2 |
  3 | const baseFields = {
  4 |   firstName: z.string().min(1, 'First name is required'),

Import traces:
  Client Component Browser:
    ./lib/forms/schemas.ts [Client Component Browser]
    ./components/forms/rfq/RFQForm.tsx [Client Component Browser]
    ./app/page.tsx [Client Component Browser]
    ./app/page.tsx [Server Component]

  Client Component SSR:
    ./lib/forms/schemas.ts [Client Component SSR]
    ./components/forms/rfq/RFQForm.tsx [Client Component SSR]
    ./app/page.tsx [Client Component SSR]
    ./app/page.tsx [Server Component]

https://nextjs.org/docs/messages/module-not-found @ http://localhost:3000/_next/static/chunks/5f34d_next_dist_253e5923._.js:1920
[  522899ms] [ERROR] ./app/layout.tsx:3:1
Module not found: Can't resolve '@fortawesome/fontawesome-svg-core'
  1 | import type { Metadata } from "next";
  2 | import { Geist, Geist_Mono } from "next/font/google";
> 3 | import { config } from '@fortawesome/fontawesome-svg-core';
    | ^^^^^^^^^^^^^^^^^^^^^^^^^^^^^^^^^^^^^^^^^^^^^^^^^^^^^^^^^^^
  4 | import '@fortawesome/fontawesome-svg-core/styles.css';
  5 | import "./globals.css";
  6 | import { Header } from "@/components/layout/Header";

https://nextjs.org/docs/messages/module-not-found @ http://localhost:3000/_next/static/chunks/5f34d_next_dist_253e5923._.js:1920
[  522899ms] [ERROR] ./app/layout.tsx:4:1
Module not found: Can't resolve '@fortawesome/fontawesome-svg-core/styles.css'
  2 | import { Geist, Geist_Mono } from "next/font/google";
  3 | import { config } from '@fortawesome/fontawesome-svg-core';
> 4 | import '@fortawesome/fontawesome-svg-core/styles.css';
    | ^^^^^^^^^^^^^^^^^^^^^^^^^^^^^^^^^^^^^^^^^^^^^^^^^^^^^^
  5 | import "./globals.css";
  6 | import { Header } from "@/components/layout/Header";
  7 | import { Footer } from "@/components/layout/Footer";

https://nextjs.org/docs/messages/module-not-found @ http://localhost:3000/_next/static/chunks/5f34d_next_dist_253e5923._.js:1920
[  522900ms] [ERROR] ./app/page.tsx:8:1
Module not found: Can't resolve '@fortawesome/free-solid-svg-icons'
   6 | import { LogoScroller } from '@/components/home/LogoScroller';
   7 | import { FontAwesomeIcon } from '@fortawesome/react-fontawesome';
>  8 | import {
     | ^^^^^^^^
>  9 |   faBolt,
     | ^^^^^^^^^
> 10 |   faNetworkWired,
     | ^^^^^^^^^
> 11 |   faCode,
     | ^^^^^^^^^
> 12 |   faArrowRight,
     | ^^^^^^^^^
> 13 |   faCircleCheck,
     | ^^^^^^^^^
> 14 |   faChevronDown,
     | ^^^^^^^^^
> 15 | } from '@fortawesome/free-solid-svg-icons';
     | ^^^^^^^^^^^^^^^^^^^^^^^^^^^^^^^^^^^^^^^^^^^^
  16 | import { ImageWithFallback } from '@/components/shared/ImageWithFallback';
  17 | import { RFQForm } from '@/components/forms/rfq';
  18 |

Import traces:
  Client Component Browser:
    ./app/page.tsx [Client Component Browser]
    ./app/page.tsx [Server Component]

  Client Component SSR:
    ./app/page.tsx [Client Component SSR]
    ./app/page.tsx [Server Component]

https://nextjs.org/docs/messages/module-not-found @ http://localhost:3000/_next/static/chunks/5f34d_next_dist_253e5923._.js:1920
[  522900ms] [ERROR] ./app/page.tsx:7:1
Module not found: Can't resolve '@fortawesome/react-fontawesome'
   5 | import { HeroSlider } from '@/components/home/HeroSlider';
   6 | import { LogoScroller } from '@/components/home/LogoScroller';
>  7 | import { FontAwesomeIcon } from '@fortawesome/react-fontawesome';
     | ^^^^^^^^^^^^^^^^^^^^^^^^^^^^^^^^^^^^^^^^^^^^^^^^^^^^^^^^^^^^^^^^^
   8 | import {
   9 |   faBolt,
  10 |   faNetworkWired,

Import traces:
  Client Component Browser:
    ./app/page.tsx [Client Component Browser]
    ./app/page.tsx [Server Component]

  Client Component SSR:
    ./app/page.tsx [Client Component SSR]
    ./app/page.tsx [Server Component]

https://nextjs.org/docs/messages/module-not-found @ http://localhost:3000/_next/static/chunks/5f34d_next_dist_253e5923._.js:1920
[  522900ms] [ERROR] ./components/forms/rfq/RFQForm.tsx:5:1
Module not found: Can't resolve '@hookform/resolvers/zod'
  3 | import { useEffect, useRef } from 'react';
  4 | import { useForm } from 'react-hook-form';
> 5 | import { zodResolver } from '@hookform/resolvers/zod';
    | ^^^^^^^^^^^^^^^^^^^^^^^^^^^^^^^^^^^^^^^^^^^^^^^^^^^^^^
  6 | import { CheckCircle } from 'lucide-react';
  7 | import { rfqSchema, rfqPresetSchema, type RFQFormData, type RFQPresetFormData } from '@/lib/forms/schemas';
  8 | import { useFormSubmit } from '@/hooks/useFormSubmit';

Import traces:
  Client Component Browser:
    ./components/forms/rfq/RFQForm.tsx [Client Component Browser]
    ./app/page.tsx [Client Component Browser]
    ./app/page.tsx [Server Component]

  Client Component SSR:
    ./components/forms/rfq/RFQForm.tsx [Client Component SSR]
    ./app/page.tsx [Client Component SSR]
    ./app/page.tsx [Server Component]

https://nextjs.org/docs/messages/module-not-found @ http://localhost:3000/_next/static/chunks/5f34d_next_dist_253e5923._.js:1920
[  522900ms] [ERROR] ./lib/forms/schemas.ts:1:1
Module not found: Can't resolve 'zod'
> 1 | import { z } from 'zod';
    | ^^^^^^^^^^^^^^^^^^^^^^^^
  2 |
  3 | const baseFields = {
  4 |   firstName: z.string().min(1, 'First name is required'),

Import traces:
  Client Component Browser:
    ./lib/forms/schemas.ts [Client Component Browser]
    ./components/forms/rfq/RFQForm.tsx [Client Component Browser]
    ./app/page.tsx [Client Component Browser]
    ./app/page.tsx [Server Component]

  Client Component SSR:
    ./lib/forms/schemas.ts [Client Component SSR]
    ./components/forms/rfq/RFQForm.tsx [Client Component SSR]
    ./app/page.tsx [Client Component SSR]
    ./app/page.tsx [Server Component]

https://nextjs.org/docs/messages/module-not-found @ http://localhost:3000/_next/static/chunks/5f34d_next_dist_253e5923._.js:1920
[  522963ms] [ERROR] ./app/layout.tsx:3:1
Module not found: Can't resolve '@fortawesome/fontawesome-svg-core'
  1 | import type { Metadata } from "next";
  2 | import { Geist, Geist_Mono } from "next/font/google";
> 3 | import { config } from '@fortawesome/fontawesome-svg-core';
    | ^^^^^^^^^^^^^^^^^^^^^^^^^^^^^^^^^^^^^^^^^^^^^^^^^^^^^^^^^^^
  4 | import '@fortawesome/fontawesome-svg-core/styles.css';
  5 | import "./globals.css";
  6 | import { Header } from "@/components/layout/Header";

https://nextjs.org/docs/messages/module-not-found @ http://localhost:3000/_next/static/chunks/5f34d_next_dist_253e5923._.js:1920
[  522964ms] [ERROR] ./app/layout.tsx:4:1
Module not found: Can't resolve '@fortawesome/fontawesome-svg-core/styles.css'
  2 | import { Geist, Geist_Mono } from "next/font/google";
  3 | import { config } from '@fortawesome/fontawesome-svg-core';
> 4 | import '@fortawesome/fontawesome-svg-core/styles.css';
    | ^^^^^^^^^^^^^^^^^^^^^^^^^^^^^^^^^^^^^^^^^^^^^^^^^^^^^^
  5 | import "./globals.css";
  6 | import { Header } from "@/components/layout/Header";
  7 | import { Footer } from "@/components/layout/Footer";

https://nextjs.org/docs/messages/module-not-found @ http://localhost:3000/_next/static/chunks/5f34d_next_dist_253e5923._.js:1920
[  522964ms] [ERROR] ./app/page.tsx:8:1
Module not found: Can't resolve '@fortawesome/free-solid-svg-icons'
   6 | import { LogoScroller } from '@/components/home/LogoScroller';
   7 | import { FontAwesomeIcon } from '@fortawesome/react-fontawesome';
>  8 | import {
     | ^^^^^^^^
>  9 |   faBolt,
     | ^^^^^^^^^
> 10 |   faNetworkWired,
     | ^^^^^^^^^
> 11 |   faCode,
     | ^^^^^^^^^
> 12 |   faArrowRight,
     | ^^^^^^^^^
> 13 |   faCircleCheck,
     | ^^^^^^^^^
> 14 |   faChevronDown,
     | ^^^^^^^^^
> 15 | } from '@fortawesome/free-solid-svg-icons';
     | ^^^^^^^^^^^^^^^^^^^^^^^^^^^^^^^^^^^^^^^^^^^^
  16 | import { ImageWithFallback } from '@/components/shared/ImageWithFallback';
  17 | import { RFQForm } from '@/components/forms/rfq';
  18 |

Import traces:
  Client Component Browser:
    ./app/page.tsx [Client Component Browser]
    ./app/page.tsx [Server Component]

  Client Component SSR:
    ./app/page.tsx [Client Component SSR]
    ./app/page.tsx [Server Component]

https://nextjs.org/docs/messages/module-not-found @ http://localhost:3000/_next/static/chunks/5f34d_next_dist_253e5923._.js:1920
[  522964ms] [ERROR] ./app/page.tsx:7:1
Module not found: Can't resolve '@fortawesome/react-fontawesome'
   5 | import { HeroSlider } from '@/components/home/HeroSlider';
   6 | import { LogoScroller } from '@/components/home/LogoScroller';
>  7 | import { FontAwesomeIcon } from '@fortawesome/react-fontawesome';
     | ^^^^^^^^^^^^^^^^^^^^^^^^^^^^^^^^^^^^^^^^^^^^^^^^^^^^^^^^^^^^^^^^^
   8 | import {
   9 |   faBolt,
  10 |   faNetworkWired,

Import traces:
  Client Component Browser:
    ./app/page.tsx [Client Component Browser]
    ./app/page.tsx [Server Component]

  Client Component SSR:
    ./app/page.tsx [Client Component SSR]
    ./app/page.tsx [Server Component]

https://nextjs.org/docs/messages/module-not-found @ http://localhost:3000/_next/static/chunks/5f34d_next_dist_253e5923._.js:1920
[  522964ms] [ERROR] ./components/forms/rfq/RFQForm.tsx:5:1
Module not found: Can't resolve '@hookform/resolvers/zod'
  3 | import { useEffect, useRef } from 'react';
  4 | import { useForm } from 'react-hook-form';
> 5 | import { zodResolver } from '@hookform/resolvers/zod';
    | ^^^^^^^^^^^^^^^^^^^^^^^^^^^^^^^^^^^^^^^^^^^^^^^^^^^^^^
  6 | import { CheckCircle } from 'lucide-react';
  7 | import { rfqSchema, rfqPresetSchema, type RFQFormData, type RFQPresetFormData } from '@/lib/forms/schemas';
  8 | import { useFormSubmit } from '@/hooks/useFormSubmit';

Import traces:
  Client Component Browser:
    ./components/forms/rfq/RFQForm.tsx [Client Component Browser]
    ./app/page.tsx [Client Component Browser]
    ./app/page.tsx [Server Component]

  Client Component SSR:
    ./components/forms/rfq/RFQForm.tsx [Client Component SSR]
    ./app/page.tsx [Client Component SSR]
    ./app/page.tsx [Server Component]

https://nextjs.org/docs/messages/module-not-found @ http://localhost:3000/_next/static/chunks/5f34d_next_dist_253e5923._.js:1920
[  522964ms] [ERROR] ./lib/forms/schemas.ts:1:1
Module not found: Can't resolve 'zod'
> 1 | import { z } from 'zod';
    | ^^^^^^^^^^^^^^^^^^^^^^^^
  2 |
  3 | const baseFields = {
  4 |   firstName: z.string().min(1, 'First name is required'),

Import traces:
  Client Component Browser:
    ./lib/forms/schemas.ts [Client Component Browser]
    ./components/forms/rfq/RFQForm.tsx [Client Component Browser]
    ./app/page.tsx [Client Component Browser]
    ./app/page.tsx [Server Component]

  Client Component SSR:
    ./lib/forms/schemas.ts [Client Component SSR]
    ./components/forms/rfq/RFQForm.tsx [Client Component SSR]
    ./app/page.tsx [Client Component SSR]
    ./app/page.tsx [Server Component]

https://nextjs.org/docs/messages/module-not-found @ http://localhost:3000/_next/static/chunks/5f34d_next_dist_253e5923._.js:1920
[  523028ms] [ERROR] ./app/layout.tsx:3:1
Module not found: Can't resolve '@fortawesome/fontawesome-svg-core'
  1 | import type { Metadata } from "next";
  2 | import { Geist, Geist_Mono } from "next/font/google";
> 3 | import { config } from '@fortawesome/fontawesome-svg-core';
    | ^^^^^^^^^^^^^^^^^^^^^^^^^^^^^^^^^^^^^^^^^^^^^^^^^^^^^^^^^^^
  4 | import '@fortawesome/fontawesome-svg-core/styles.css';
  5 | import "./globals.css";
  6 | import { Header } from "@/components/layout/Header";

https://nextjs.org/docs/messages/module-not-found @ http://localhost:3000/_next/static/chunks/5f34d_next_dist_253e5923._.js:1920
[  523028ms] [ERROR] ./app/layout.tsx:4:1
Module not found: Can't resolve '@fortawesome/fontawesome-svg-core/styles.css'
  2 | import { Geist, Geist_Mono } from "next/font/google";
  3 | import { config } from '@fortawesome/fontawesome-svg-core';
> 4 | import '@fortawesome/fontawesome-svg-core/styles.css';
    | ^^^^^^^^^^^^^^^^^^^^^^^^^^^^^^^^^^^^^^^^^^^^^^^^^^^^^^
  5 | import "./globals.css";
  6 | import { Header } from "@/components/layout/Header";
  7 | import { Footer } from "@/components/layout/Footer";

https://nextjs.org/docs/messages/module-not-found @ http://localhost:3000/_next/static/chunks/5f34d_next_dist_253e5923._.js:1920
[  523028ms] [ERROR] ./app/page.tsx:8:1
Module not found: Can't resolve '@fortawesome/free-solid-svg-icons'
   6 | import { LogoScroller } from '@/components/home/LogoScroller';
   7 | import { FontAwesomeIcon } from '@fortawesome/react-fontawesome';
>  8 | import {
     | ^^^^^^^^
>  9 |   faBolt,
     | ^^^^^^^^^
> 10 |   faNetworkWired,
     | ^^^^^^^^^
> 11 |   faCode,
     | ^^^^^^^^^
> 12 |   faArrowRight,
     | ^^^^^^^^^
> 13 |   faCircleCheck,
     | ^^^^^^^^^
> 14 |   faChevronDown,
     | ^^^^^^^^^
> 15 | } from '@fortawesome/free-solid-svg-icons';
     | ^^^^^^^^^^^^^^^^^^^^^^^^^^^^^^^^^^^^^^^^^^^^
  16 | import { ImageWithFallback } from '@/components/shared/ImageWithFallback';
  17 | import { RFQForm } from '@/components/forms/rfq';
  18 |

Import traces:
  Client Component Browser:
    ./app/page.tsx [Client Component Browser]
    ./app/page.tsx [Server Component]

  Client Component SSR:
    ./app/page.tsx [Client Component SSR]
    ./app/page.tsx [Server Component]

https://nextjs.org/docs/messages/module-not-found @ http://localhost:3000/_next/static/chunks/5f34d_next_dist_253e5923._.js:1920
[  523028ms] [ERROR] ./app/page.tsx:7:1
Module not found: Can't resolve '@fortawesome/react-fontawesome'
   5 | import { HeroSlider } from '@/components/home/HeroSlider';
   6 | import { LogoScroller } from '@/components/home/LogoScroller';
>  7 | import { FontAwesomeIcon } from '@fortawesome/react-fontawesome';
     | ^^^^^^^^^^^^^^^^^^^^^^^^^^^^^^^^^^^^^^^^^^^^^^^^^^^^^^^^^^^^^^^^^
   8 | import {
   9 |   faBolt,
  10 |   faNetworkWired,

Import traces:
  Client Component Browser:
    ./app/page.tsx [Client Component Browser]
    ./app/page.tsx [Server Component]

  Client Component SSR:
    ./app/page.tsx [Client Component SSR]
    ./app/page.tsx [Server Component]

https://nextjs.org/docs/messages/module-not-found @ http://localhost:3000/_next/static/chunks/5f34d_next_dist_253e5923._.js:1920
[  523028ms] [ERROR] ./components/forms/rfq/RFQForm.tsx:5:1
Module not found: Can't resolve '@hookform/resolvers/zod'
  3 | import { useEffect, useRef } from 'react';
  4 | import { useForm } from 'react-hook-form';
> 5 | import { zodResolver } from '@hookform/resolvers/zod';
    | ^^^^^^^^^^^^^^^^^^^^^^^^^^^^^^^^^^^^^^^^^^^^^^^^^^^^^^
  6 | import { CheckCircle } from 'lucide-react';
  7 | import { rfqSchema, rfqPresetSchema, type RFQFormData, type RFQPresetFormData } from '@/lib/forms/schemas';
  8 | import { useFormSubmit } from '@/hooks/useFormSubmit';

Import traces:
  Client Component Browser:
    ./components/forms/rfq/RFQForm.tsx [Client Component Browser]
    ./app/page.tsx [Client Component Browser]
    ./app/page.tsx [Server Component]

  Client Component SSR:
    ./components/forms/rfq/RFQForm.tsx [Client Component SSR]
    ./app/page.tsx [Client Component SSR]
    ./app/page.tsx [Server Component]

https://nextjs.org/docs/messages/module-not-found @ http://localhost:3000/_next/static/chunks/5f34d_next_dist_253e5923._.js:1920
[  523028ms] [ERROR] ./lib/forms/schemas.ts:1:1
Module not found: Can't resolve 'zod'
> 1 | import { z } from 'zod';
    | ^^^^^^^^^^^^^^^^^^^^^^^^
  2 |
  3 | const baseFields = {
  4 |   firstName: z.string().min(1, 'First name is required'),

Import traces:
  Client Component Browser:
    ./lib/forms/schemas.ts [Client Component Browser]
    ./components/forms/rfq/RFQForm.tsx [Client Component Browser]
    ./app/page.tsx [Client Component Browser]
    ./app/page.tsx [Server Component]

  Client Component SSR:
    ./lib/forms/schemas.ts [Client Component SSR]
    ./components/forms/rfq/RFQForm.tsx [Client Component SSR]
    ./app/page.tsx [Client Component SSR]
    ./app/page.tsx [Server Component]

https://nextjs.org/docs/messages/module-not-found @ http://localhost:3000/_next/static/chunks/5f34d_next_dist_253e5923._.js:1920
[  523087ms] [ERROR] ./app/layout.tsx:3:1
Module not found: Can't resolve '@fortawesome/fontawesome-svg-core'
  1 | import type { Metadata } from "next";
  2 | import { Geist, Geist_Mono } from "next/font/google";
> 3 | import { config } from '@fortawesome/fontawesome-svg-core';
    | ^^^^^^^^^^^^^^^^^^^^^^^^^^^^^^^^^^^^^^^^^^^^^^^^^^^^^^^^^^^
  4 | import '@fortawesome/fontawesome-svg-core/styles.css';
  5 | import "./globals.css";
  6 | import { Header } from "@/components/layout/Header";

https://nextjs.org/docs/messages/module-not-found @ http://localhost:3000/_next/static/chunks/5f34d_next_dist_253e5923._.js:1920
[  523087ms] [ERROR] ./app/layout.tsx:4:1
Module not found: Can't resolve '@fortawesome/fontawesome-svg-core/styles.css'
  2 | import { Geist, Geist_Mono } from "next/font/google";
  3 | import { config } from '@fortawesome/fontawesome-svg-core';
> 4 | import '@fortawesome/fontawesome-svg-core/styles.css';
    | ^^^^^^^^^^^^^^^^^^^^^^^^^^^^^^^^^^^^^^^^^^^^^^^^^^^^^^
  5 | import "./globals.css";
  6 | import { Header } from "@/components/layout/Header";
  7 | import { Footer } from "@/components/layout/Footer";

https://nextjs.org/docs/messages/module-not-found @ http://localhost:3000/_next/static/chunks/5f34d_next_dist_253e5923._.js:1920
[  523087ms] [ERROR] ./app/page.tsx:8:1
Module not found: Can't resolve '@fortawesome/free-solid-svg-icons'
   6 | import { LogoScroller } from '@/components/home/LogoScroller';
   7 | import { FontAwesomeIcon } from '@fortawesome/react-fontawesome';
>  8 | import {
     | ^^^^^^^^
>  9 |   faBolt,
     | ^^^^^^^^^
> 10 |   faNetworkWired,
     | ^^^^^^^^^
> 11 |   faCode,
     | ^^^^^^^^^
> 12 |   faArrowRight,
     | ^^^^^^^^^
> 13 |   faCircleCheck,
     | ^^^^^^^^^
> 14 |   faChevronDown,
     | ^^^^^^^^^
> 15 | } from '@fortawesome/free-solid-svg-icons';
     | ^^^^^^^^^^^^^^^^^^^^^^^^^^^^^^^^^^^^^^^^^^^^
  16 | import { ImageWithFallback } from '@/components/shared/ImageWithFallback';
  17 | import { RFQForm } from '@/components/forms/rfq';
  18 |

Import traces:
  Client Component Browser:
    ./app/page.tsx [Client Component Browser]
    ./app/page.tsx [Server Component]

  Client Component SSR:
    ./app/page.tsx [Client Component SSR]
    ./app/page.tsx [Server Component]

https://nextjs.org/docs/messages/module-not-found @ http://localhost:3000/_next/static/chunks/5f34d_next_dist_253e5923._.js:1920
[  523087ms] [ERROR] ./app/page.tsx:7:1
Module not found: Can't resolve '@fortawesome/react-fontawesome'
   5 | import { HeroSlider } from '@/components/home/HeroSlider';
   6 | import { LogoScroller } from '@/components/home/LogoScroller';
>  7 | import { FontAwesomeIcon } from '@fortawesome/react-fontawesome';
     | ^^^^^^^^^^^^^^^^^^^^^^^^^^^^^^^^^^^^^^^^^^^^^^^^^^^^^^^^^^^^^^^^^
   8 | import {
   9 |   faBolt,
  10 |   faNetworkWired,

Import traces:
  Client Component Browser:
    ./app/page.tsx [Client Component Browser]
    ./app/page.tsx [Server Component]

  Client Component SSR:
    ./app/page.tsx [Client Component SSR]
    ./app/page.tsx [Server Component]

https://nextjs.org/docs/messages/module-not-found @ http://localhost:3000/_next/static/chunks/5f34d_next_dist_253e5923._.js:1920
[  523087ms] [ERROR] ./components/forms/rfq/RFQForm.tsx:5:1
Module not found: Can't resolve '@hookform/resolvers/zod'
  3 | import { useEffect, useRef } from 'react';
  4 | import { useForm } from 'react-hook-form';
> 5 | import { zodResolver } from '@hookform/resolvers/zod';
    | ^^^^^^^^^^^^^^^^^^^^^^^^^^^^^^^^^^^^^^^^^^^^^^^^^^^^^^
  6 | import { CheckCircle } from 'lucide-react';
  7 | import { rfqSchema, rfqPresetSchema, type RFQFormData, type RFQPresetFormData } from '@/lib/forms/schemas';
  8 | import { useFormSubmit } from '@/hooks/useFormSubmit';

Import traces:
  Client Component Browser:
    ./components/forms/rfq/RFQForm.tsx [Client Component Browser]
    ./app/page.tsx [Client Component Browser]
    ./app/page.tsx [Server Component]

  Client Component SSR:
    ./components/forms/rfq/RFQForm.tsx [Client Component SSR]
    ./app/page.tsx [Client Component SSR]
    ./app/page.tsx [Server Component]

https://nextjs.org/docs/messages/module-not-found @ http://localhost:3000/_next/static/chunks/5f34d_next_dist_253e5923._.js:1920
[  523088ms] [ERROR] ./lib/forms/schemas.ts:1:1
Module not found: Can't resolve 'zod'
> 1 | import { z } from 'zod';
    | ^^^^^^^^^^^^^^^^^^^^^^^^
  2 |
  3 | const baseFields = {
  4 |   firstName: z.string().min(1, 'First name is required'),

Import traces:
  Client Component Browser:
    ./lib/forms/schemas.ts [Client Component Browser]
    ./components/forms/rfq/RFQForm.tsx [Client Component Browser]
    ./app/page.tsx [Client Component Browser]
    ./app/page.tsx [Server Component]

  Client Component SSR:
    ./lib/forms/schemas.ts [Client Component SSR]
    ./components/forms/rfq/RFQForm.tsx [Client Component SSR]
    ./app/page.tsx [Client Component SSR]
    ./app/page.tsx [Server Component]

https://nextjs.org/docs/messages/module-not-found @ http://localhost:3000/_next/static/chunks/5f34d_next_dist_253e5923._.js:1920
[  523165ms] [ERROR] ./app/layout.tsx:3:1
Module not found: Can't resolve '@fortawesome/fontawesome-svg-core'
  1 | import type { Metadata } from "next";
  2 | import { Geist, Geist_Mono } from "next/font/google";
> 3 | import { config } from '@fortawesome/fontawesome-svg-core';
    | ^^^^^^^^^^^^^^^^^^^^^^^^^^^^^^^^^^^^^^^^^^^^^^^^^^^^^^^^^^^
  4 | import '@fortawesome/fontawesome-svg-core/styles.css';
  5 | import "./globals.css";
  6 | import { Header } from "@/components/layout/Header";

https://nextjs.org/docs/messages/module-not-found @ http://localhost:3000/_next/static/chunks/5f34d_next_dist_253e5923._.js:1920
[  523166ms] [ERROR] ./app/layout.tsx:4:1
Module not found: Can't resolve '@fortawesome/fontawesome-svg-core/styles.css'
  2 | import { Geist, Geist_Mono } from "next/font/google";
  3 | import { config } from '@fortawesome/fontawesome-svg-core';
> 4 | import '@fortawesome/fontawesome-svg-core/styles.css';
    | ^^^^^^^^^^^^^^^^^^^^^^^^^^^^^^^^^^^^^^^^^^^^^^^^^^^^^^
  5 | import "./globals.css";
  6 | import { Header } from "@/components/layout/Header";
  7 | import { Footer } from "@/components/layout/Footer";

https://nextjs.org/docs/messages/module-not-found @ http://localhost:3000/_next/static/chunks/5f34d_next_dist_253e5923._.js:1920
[  523166ms] [ERROR] ./app/page.tsx:8:1
Module not found: Can't resolve '@fortawesome/free-solid-svg-icons'
   6 | import { LogoScroller } from '@/components/home/LogoScroller';
   7 | import { FontAwesomeIcon } from '@fortawesome/react-fontawesome';
>  8 | import {
     | ^^^^^^^^
>  9 |   faBolt,
     | ^^^^^^^^^
> 10 |   faNetworkWired,
     | ^^^^^^^^^
> 11 |   faCode,
     | ^^^^^^^^^
> 12 |   faArrowRight,
     | ^^^^^^^^^
> 13 |   faCircleCheck,
     | ^^^^^^^^^
> 14 |   faChevronDown,
     | ^^^^^^^^^
> 15 | } from '@fortawesome/free-solid-svg-icons';
     | ^^^^^^^^^^^^^^^^^^^^^^^^^^^^^^^^^^^^^^^^^^^^
  16 | import { ImageWithFallback } from '@/components/shared/ImageWithFallback';
  17 | import { RFQForm } from '@/components/forms/rfq';
  18 |

Import traces:
  Client Component Browser:
    ./app/page.tsx [Client Component Browser]
    ./app/page.tsx [Server Component]

  Client Component SSR:
    ./app/page.tsx [Client Component SSR]
    ./app/page.tsx [Server Component]

https://nextjs.org/docs/messages/module-not-found @ http://localhost:3000/_next/static/chunks/5f34d_next_dist_253e5923._.js:1920
[  523166ms] [ERROR] ./app/page.tsx:7:1
Module not found: Can't resolve '@fortawesome/react-fontawesome'
   5 | import { HeroSlider } from '@/components/home/HeroSlider';
   6 | import { LogoScroller } from '@/components/home/LogoScroller';
>  7 | import { FontAwesomeIcon } from '@fortawesome/react-fontawesome';
     | ^^^^^^^^^^^^^^^^^^^^^^^^^^^^^^^^^^^^^^^^^^^^^^^^^^^^^^^^^^^^^^^^^
   8 | import {
   9 |   faBolt,
  10 |   faNetworkWired,

Import traces:
  Client Component Browser:
    ./app/page.tsx [Client Component Browser]
    ./app/page.tsx [Server Component]

  Client Component SSR:
    ./app/page.tsx [Client Component SSR]
    ./app/page.tsx [Server Component]

https://nextjs.org/docs/messages/module-not-found @ http://localhost:3000/_next/static/chunks/5f34d_next_dist_253e5923._.js:1920
[  523166ms] [ERROR] ./components/forms/rfq/RFQForm.tsx:5:1
Module not found: Can't resolve '@hookform/resolvers/zod'
  3 | import { useEffect, useRef } from 'react';
  4 | import { useForm } from 'react-hook-form';
> 5 | import { zodResolver } from '@hookform/resolvers/zod';
    | ^^^^^^^^^^^^^^^^^^^^^^^^^^^^^^^^^^^^^^^^^^^^^^^^^^^^^^
  6 | import { CheckCircle } from 'lucide-react';
  7 | import { rfqSchema, rfqPresetSchema, type RFQFormData, type RFQPresetFormData } from '@/lib/forms/schemas';
  8 | import { useFormSubmit } from '@/hooks/useFormSubmit';

Import traces:
  Client Component Browser:
    ./components/forms/rfq/RFQForm.tsx [Client Component Browser]
    ./app/page.tsx [Client Component Browser]
    ./app/page.tsx [Server Component]

  Client Component SSR:
    ./components/forms/rfq/RFQForm.tsx [Client Component SSR]
    ./app/page.tsx [Client Component SSR]
    ./app/page.tsx [Server Component]

https://nextjs.org/docs/messages/module-not-found @ http://localhost:3000/_next/static/chunks/5f34d_next_dist_253e5923._.js:1920
[  523166ms] [ERROR] ./lib/forms/schemas.ts:1:1
Module not found: Can't resolve 'zod'
> 1 | import { z } from 'zod';
    | ^^^^^^^^^^^^^^^^^^^^^^^^
  2 |
  3 | const baseFields = {
  4 |   firstName: z.string().min(1, 'First name is required'),

Import traces:
  Client Component Browser:
    ./lib/forms/schemas.ts [Client Component Browser]
    ./components/forms/rfq/RFQForm.tsx [Client Component Browser]
    ./app/page.tsx [Client Component Browser]
    ./app/page.tsx [Server Component]

  Client Component SSR:
    ./lib/forms/schemas.ts [Client Component SSR]
    ./components/forms/rfq/RFQForm.tsx [Client Component SSR]
    ./app/page.tsx [Client Component SSR]
    ./app/page.tsx [Server Component]

https://nextjs.org/docs/messages/module-not-found @ http://localhost:3000/_next/static/chunks/5f34d_next_dist_253e5923._.js:1920
[  523234ms] [ERROR] ./app/layout.tsx:3:1
Module not found: Can't resolve '@fortawesome/fontawesome-svg-core'
  1 | import type { Metadata } from "next";
  2 | import { Geist, Geist_Mono } from "next/font/google";
> 3 | import { config } from '@fortawesome/fontawesome-svg-core';
    | ^^^^^^^^^^^^^^^^^^^^^^^^^^^^^^^^^^^^^^^^^^^^^^^^^^^^^^^^^^^
  4 | import '@fortawesome/fontawesome-svg-core/styles.css';
  5 | import "./globals.css";
  6 | import { Header } from "@/components/layout/Header";

https://nextjs.org/docs/messages/module-not-found @ http://localhost:3000/_next/static/chunks/5f34d_next_dist_253e5923._.js:1920
[  523234ms] [ERROR] ./app/layout.tsx:4:1
Module not found: Can't resolve '@fortawesome/fontawesome-svg-core/styles.css'
  2 | import { Geist, Geist_Mono } from "next/font/google";
  3 | import { config } from '@fortawesome/fontawesome-svg-core';
> 4 | import '@fortawesome/fontawesome-svg-core/styles.css';
    | ^^^^^^^^^^^^^^^^^^^^^^^^^^^^^^^^^^^^^^^^^^^^^^^^^^^^^^
  5 | import "./globals.css";
  6 | import { Header } from "@/components/layout/Header";
  7 | import { Footer } from "@/components/layout/Footer";

https://nextjs.org/docs/messages/module-not-found @ http://localhost:3000/_next/static/chunks/5f34d_next_dist_253e5923._.js:1920
[  523234ms] [ERROR] ./app/page.tsx:8:1
Module not found: Can't resolve '@fortawesome/free-solid-svg-icons'
   6 | import { LogoScroller } from '@/components/home/LogoScroller';
   7 | import { FontAwesomeIcon } from '@fortawesome/react-fontawesome';
>  8 | import {
     | ^^^^^^^^
>  9 |   faBolt,
     | ^^^^^^^^^
> 10 |   faNetworkWired,
     | ^^^^^^^^^
> 11 |   faCode,
     | ^^^^^^^^^
> 12 |   faArrowRight,
     | ^^^^^^^^^
> 13 |   faCircleCheck,
     | ^^^^^^^^^
> 14 |   faChevronDown,
     | ^^^^^^^^^
> 15 | } from '@fortawesome/free-solid-svg-icons';
     | ^^^^^^^^^^^^^^^^^^^^^^^^^^^^^^^^^^^^^^^^^^^^
  16 | import { ImageWithFallback } from '@/components/shared/ImageWithFallback';
  17 | import { RFQForm } from '@/components/forms/rfq';
  18 |

Import traces:
  Client Component Browser:
    ./app/page.tsx [Client Component Browser]
    ./app/page.tsx [Server Component]

  Client Component SSR:
    ./app/page.tsx [Client Component SSR]
    ./app/page.tsx [Server Component]

https://nextjs.org/docs/messages/module-not-found @ http://localhost:3000/_next/static/chunks/5f34d_next_dist_253e5923._.js:1920
[  523234ms] [ERROR] ./app/page.tsx:7:1
Module not found: Can't resolve '@fortawesome/react-fontawesome'
   5 | import { HeroSlider } from '@/components/home/HeroSlider';
   6 | import { LogoScroller } from '@/components/home/LogoScroller';
>  7 | import { FontAwesomeIcon } from '@fortawesome/react-fontawesome';
     | ^^^^^^^^^^^^^^^^^^^^^^^^^^^^^^^^^^^^^^^^^^^^^^^^^^^^^^^^^^^^^^^^^
   8 | import {
   9 |   faBolt,
  10 |   faNetworkWired,

Import traces:
  Client Component Browser:
    ./app/page.tsx [Client Component Browser]
    ./app/page.tsx [Server Component]

  Client Component SSR:
    ./app/page.tsx [Client Component SSR]
    ./app/page.tsx [Server Component]

https://nextjs.org/docs/messages/module-not-found @ http://localhost:3000/_next/static/chunks/5f34d_next_dist_253e5923._.js:1920
[  523234ms] [ERROR] ./components/forms/rfq/RFQForm.tsx:5:1
Module not found: Can't resolve '@hookform/resolvers/zod'
  3 | import { useEffect, useRef } from 'react';
  4 | import { useForm } from 'react-hook-form';
> 5 | import { zodResolver } from '@hookform/resolvers/zod';
    | ^^^^^^^^^^^^^^^^^^^^^^^^^^^^^^^^^^^^^^^^^^^^^^^^^^^^^^
  6 | import { CheckCircle } from 'lucide-react';
  7 | import { rfqSchema, rfqPresetSchema, type RFQFormData, type RFQPresetFormData } from '@/lib/forms/schemas';
  8 | import { useFormSubmit } from '@/hooks/useFormSubmit';

Import traces:
  Client Component Browser:
    ./components/forms/rfq/RFQForm.tsx [Client Component Browser]
    ./app/page.tsx [Client Component Browser]
    ./app/page.tsx [Server Component]

  Client Component SSR:
    ./components/forms/rfq/RFQForm.tsx [Client Component SSR]
    ./app/page.tsx [Client Component SSR]
    ./app/page.tsx [Server Component]

https://nextjs.org/docs/messages/module-not-found @ http://localhost:3000/_next/static/chunks/5f34d_next_dist_253e5923._.js:1920
[  523234ms] [ERROR] ./lib/forms/schemas.ts:1:1
Module not found: Can't resolve 'zod'
> 1 | import { z } from 'zod';
    | ^^^^^^^^^^^^^^^^^^^^^^^^
  2 |
  3 | const baseFields = {
  4 |   firstName: z.string().min(1, 'First name is required'),

Import traces:
  Client Component Browser:
    ./lib/forms/schemas.ts [Client Component Browser]
    ./components/forms/rfq/RFQForm.tsx [Client Component Browser]
    ./app/page.tsx [Client Component Browser]
    ./app/page.tsx [Server Component]

  Client Component SSR:
    ./lib/forms/schemas.ts [Client Component SSR]
    ./components/forms/rfq/RFQForm.tsx [Client Component SSR]
    ./app/page.tsx [Client Component SSR]
    ./app/page.tsx [Server Component]

https://nextjs.org/docs/messages/module-not-found @ http://localhost:3000/_next/static/chunks/5f34d_next_dist_253e5923._.js:1920
[  523311ms] [ERROR] ./app/layout.tsx:3:1
Module not found: Can't resolve '@fortawesome/fontawesome-svg-core'
  1 | import type { Metadata } from "next";
  2 | import { Geist, Geist_Mono } from "next/font/google";
> 3 | import { config } from '@fortawesome/fontawesome-svg-core';
    | ^^^^^^^^^^^^^^^^^^^^^^^^^^^^^^^^^^^^^^^^^^^^^^^^^^^^^^^^^^^
  4 | import '@fortawesome/fontawesome-svg-core/styles.css';
  5 | import "./globals.css";
  6 | import { Header } from "@/components/layout/Header";

https://nextjs.org/docs/messages/module-not-found @ http://localhost:3000/_next/static/chunks/5f34d_next_dist_253e5923._.js:1920
[  523311ms] [ERROR] ./app/layout.tsx:4:1
Module not found: Can't resolve '@fortawesome/fontawesome-svg-core/styles.css'
  2 | import { Geist, Geist_Mono } from "next/font/google";
  3 | import { config } from '@fortawesome/fontawesome-svg-core';
> 4 | import '@fortawesome/fontawesome-svg-core/styles.css';
    | ^^^^^^^^^^^^^^^^^^^^^^^^^^^^^^^^^^^^^^^^^^^^^^^^^^^^^^
  5 | import "./globals.css";
  6 | import { Header } from "@/components/layout/Header";
  7 | import { Footer } from "@/components/layout/Footer";

https://nextjs.org/docs/messages/module-not-found @ http://localhost:3000/_next/static/chunks/5f34d_next_dist_253e5923._.js:1920
[  523311ms] [ERROR] ./app/page.tsx:8:1
Module not found: Can't resolve '@fortawesome/free-solid-svg-icons'
   6 | import { LogoScroller } from '@/components/home/LogoScroller';
   7 | import { FontAwesomeIcon } from '@fortawesome/react-fontawesome';
>  8 | import {
     | ^^^^^^^^
>  9 |   faBolt,
     | ^^^^^^^^^
> 10 |   faNetworkWired,
     | ^^^^^^^^^
> 11 |   faCode,
     | ^^^^^^^^^
> 12 |   faArrowRight,
     | ^^^^^^^^^
> 13 |   faCircleCheck,
     | ^^^^^^^^^
> 14 |   faChevronDown,
     | ^^^^^^^^^
> 15 | } from '@fortawesome/free-solid-svg-icons';
     | ^^^^^^^^^^^^^^^^^^^^^^^^^^^^^^^^^^^^^^^^^^^^
  16 | import { ImageWithFallback } from '@/components/shared/ImageWithFallback';
  17 | import { RFQForm } from '@/components/forms/rfq';
  18 |

Import traces:
  Client Component Browser:
    ./app/page.tsx [Client Component Browser]
    ./app/page.tsx [Server Component]

  Client Component SSR:
    ./app/page.tsx [Client Component SSR]
    ./app/page.tsx [Server Component]

https://nextjs.org/docs/messages/module-not-found @ http://localhost:3000/_next/static/chunks/5f34d_next_dist_253e5923._.js:1920
[  523311ms] [ERROR] ./app/page.tsx:7:1
Module not found: Can't resolve '@fortawesome/react-fontawesome'
   5 | import { HeroSlider } from '@/components/home/HeroSlider';
   6 | import { LogoScroller } from '@/components/home/LogoScroller';
>  7 | import { FontAwesomeIcon } from '@fortawesome/react-fontawesome';
     | ^^^^^^^^^^^^^^^^^^^^^^^^^^^^^^^^^^^^^^^^^^^^^^^^^^^^^^^^^^^^^^^^^
   8 | import {
   9 |   faBolt,
  10 |   faNetworkWired,

Import traces:
  Client Component Browser:
    ./app/page.tsx [Client Component Browser]
    ./app/page.tsx [Server Component]

  Client Component SSR:
    ./app/page.tsx [Client Component SSR]
    ./app/page.tsx [Server Component]

https://nextjs.org/docs/messages/module-not-found @ http://localhost:3000/_next/static/chunks/5f34d_next_dist_253e5923._.js:1920
[  523311ms] [ERROR] ./components/forms/rfq/RFQForm.tsx:5:1
Module not found: Can't resolve '@hookform/resolvers/zod'
  3 | import { useEffect, useRef } from 'react';
  4 | import { useForm } from 'react-hook-form';
> 5 | import { zodResolver } from '@hookform/resolvers/zod';
    | ^^^^^^^^^^^^^^^^^^^^^^^^^^^^^^^^^^^^^^^^^^^^^^^^^^^^^^
  6 | import { CheckCircle } from 'lucide-react';
  7 | import { rfqSchema, rfqPresetSchema, type RFQFormData, type RFQPresetFormData } from '@/lib/forms/schemas';
  8 | import { useFormSubmit } from '@/hooks/useFormSubmit';

Import traces:
  Client Component Browser:
    ./components/forms/rfq/RFQForm.tsx [Client Component Browser]
    ./app/page.tsx [Client Component Browser]
    ./app/page.tsx [Server Component]

  Client Component SSR:
    ./components/forms/rfq/RFQForm.tsx [Client Component SSR]
    ./app/page.tsx [Client Component SSR]
    ./app/page.tsx [Server Component]

https://nextjs.org/docs/messages/module-not-found @ http://localhost:3000/_next/static/chunks/5f34d_next_dist_253e5923._.js:1920
[  523311ms] [ERROR] ./lib/forms/schemas.ts:1:1
Module not found: Can't resolve 'zod'
> 1 | import { z } from 'zod';
    | ^^^^^^^^^^^^^^^^^^^^^^^^
  2 |
  3 | const baseFields = {
  4 |   firstName: z.string().min(1, 'First name is required'),

Import traces:
  Client Component Browser:
    ./lib/forms/schemas.ts [Client Component Browser]
    ./components/forms/rfq/RFQForm.tsx [Client Component Browser]
    ./app/page.tsx [Client Component Browser]
    ./app/page.tsx [Server Component]

  Client Component SSR:
    ./lib/forms/schemas.ts [Client Component SSR]
    ./components/forms/rfq/RFQForm.tsx [Client Component SSR]
    ./app/page.tsx [Client Component SSR]
    ./app/page.tsx [Server Component]

https://nextjs.org/docs/messages/module-not-found @ http://localhost:3000/_next/static/chunks/5f34d_next_dist_253e5923._.js:1920
[  523389ms] [ERROR] ./app/layout.tsx:3:1
Module not found: Can't resolve '@fortawesome/fontawesome-svg-core'
  1 | import type { Metadata } from "next";
  2 | import { Geist, Geist_Mono } from "next/font/google";
> 3 | import { config } from '@fortawesome/fontawesome-svg-core';
    | ^^^^^^^^^^^^^^^^^^^^^^^^^^^^^^^^^^^^^^^^^^^^^^^^^^^^^^^^^^^
  4 | import '@fortawesome/fontawesome-svg-core/styles.css';
  5 | import "./globals.css";
  6 | import { Header } from "@/components/layout/Header";

https://nextjs.org/docs/messages/module-not-found @ http://localhost:3000/_next/static/chunks/5f34d_next_dist_253e5923._.js:1920
[  523389ms] [ERROR] ./app/layout.tsx:4:1
Module not found: Can't resolve '@fortawesome/fontawesome-svg-core/styles.css'
  2 | import { Geist, Geist_Mono } from "next/font/google";
  3 | import { config } from '@fortawesome/fontawesome-svg-core';
> 4 | import '@fortawesome/fontawesome-svg-core/styles.css';
    | ^^^^^^^^^^^^^^^^^^^^^^^^^^^^^^^^^^^^^^^^^^^^^^^^^^^^^^
  5 | import "./globals.css";
  6 | import { Header } from "@/components/layout/Header";
  7 | import { Footer } from "@/components/layout/Footer";

https://nextjs.org/docs/messages/module-not-found @ http://localhost:3000/_next/static/chunks/5f34d_next_dist_253e5923._.js:1920
[  523389ms] [ERROR] ./app/page.tsx:8:1
Module not found: Can't resolve '@fortawesome/free-solid-svg-icons'
   6 | import { LogoScroller } from '@/components/home/LogoScroller';
   7 | import { FontAwesomeIcon } from '@fortawesome/react-fontawesome';
>  8 | import {
     | ^^^^^^^^
>  9 |   faBolt,
     | ^^^^^^^^^
> 10 |   faNetworkWired,
     | ^^^^^^^^^
> 11 |   faCode,
     | ^^^^^^^^^
> 12 |   faArrowRight,
     | ^^^^^^^^^
> 13 |   faCircleCheck,
     | ^^^^^^^^^
> 14 |   faChevronDown,
     | ^^^^^^^^^
> 15 | } from '@fortawesome/free-solid-svg-icons';
     | ^^^^^^^^^^^^^^^^^^^^^^^^^^^^^^^^^^^^^^^^^^^^
  16 | import { ImageWithFallback } from '@/components/shared/ImageWithFallback';
  17 | import { RFQForm } from '@/components/forms/rfq';
  18 |

Import traces:
  Client Component Browser:
    ./app/page.tsx [Client Component Browser]
    ./app/page.tsx [Server Component]

  Client Component SSR:
    ./app/page.tsx [Client Component SSR]
    ./app/page.tsx [Server Component]

https://nextjs.org/docs/messages/module-not-found @ http://localhost:3000/_next/static/chunks/5f34d_next_dist_253e5923._.js:1920
[  523389ms] [ERROR] ./app/page.tsx:7:1
Module not found: Can't resolve '@fortawesome/react-fontawesome'
   5 | import { HeroSlider } from '@/components/home/HeroSlider';
   6 | import { LogoScroller } from '@/components/home/LogoScroller';
>  7 | import { FontAwesomeIcon } from '@fortawesome/react-fontawesome';
     | ^^^^^^^^^^^^^^^^^^^^^^^^^^^^^^^^^^^^^^^^^^^^^^^^^^^^^^^^^^^^^^^^^
   8 | import {
   9 |   faBolt,
  10 |   faNetworkWired,

Import traces:
  Client Component Browser:
    ./app/page.tsx [Client Component Browser]
    ./app/page.tsx [Server Component]

  Client Component SSR:
    ./app/page.tsx [Client Component SSR]
    ./app/page.tsx [Server Component]

https://nextjs.org/docs/messages/module-not-found @ http://localhost:3000/_next/static/chunks/5f34d_next_dist_253e5923._.js:1920
[  523390ms] [ERROR] ./components/forms/rfq/RFQForm.tsx:5:1
Module not found: Can't resolve '@hookform/resolvers/zod'
  3 | import { useEffect, useRef } from 'react';
  4 | import { useForm } from 'react-hook-form';
> 5 | import { zodResolver } from '@hookform/resolvers/zod';
    | ^^^^^^^^^^^^^^^^^^^^^^^^^^^^^^^^^^^^^^^^^^^^^^^^^^^^^^
  6 | import { CheckCircle } from 'lucide-react';
  7 | import { rfqSchema, rfqPresetSchema, type RFQFormData, type RFQPresetFormData } from '@/lib/forms/schemas';
  8 | import { useFormSubmit } from '@/hooks/useFormSubmit';

Import traces:
  Client Component Browser:
    ./components/forms/rfq/RFQForm.tsx [Client Component Browser]
    ./app/page.tsx [Client Component Browser]
    ./app/page.tsx [Server Component]

  Client Component SSR:
    ./components/forms/rfq/RFQForm.tsx [Client Component SSR]
    ./app/page.tsx [Client Component SSR]
    ./app/page.tsx [Server Component]

https://nextjs.org/docs/messages/module-not-found @ http://localhost:3000/_next/static/chunks/5f34d_next_dist_253e5923._.js:1920
[  523390ms] [ERROR] ./lib/forms/schemas.ts:1:1
Module not found: Can't resolve 'zod'
> 1 | import { z } from 'zod';
    | ^^^^^^^^^^^^^^^^^^^^^^^^
  2 |
  3 | const baseFields = {
  4 |   firstName: z.string().min(1, 'First name is required'),

Import traces:
  Client Component Browser:
    ./lib/forms/schemas.ts [Client Component Browser]
    ./components/forms/rfq/RFQForm.tsx [Client Component Browser]
    ./app/page.tsx [Client Component Browser]
    ./app/page.tsx [Server Component]

  Client Component SSR:
    ./lib/forms/schemas.ts [Client Component SSR]
    ./components/forms/rfq/RFQForm.tsx [Client Component SSR]
    ./app/page.tsx [Client Component SSR]
    ./app/page.tsx [Server Component]

https://nextjs.org/docs/messages/module-not-found @ http://localhost:3000/_next/static/chunks/5f34d_next_dist_253e5923._.js:1920
[  523451ms] [ERROR] ./app/layout.tsx:3:1
Module not found: Can't resolve '@fortawesome/fontawesome-svg-core'
  1 | import type { Metadata } from "next";
  2 | import { Geist, Geist_Mono } from "next/font/google";
> 3 | import { config } from '@fortawesome/fontawesome-svg-core';
    | ^^^^^^^^^^^^^^^^^^^^^^^^^^^^^^^^^^^^^^^^^^^^^^^^^^^^^^^^^^^
  4 | import '@fortawesome/fontawesome-svg-core/styles.css';
  5 | import "./globals.css";
  6 | import { Header } from "@/components/layout/Header";

https://nextjs.org/docs/messages/module-not-found @ http://localhost:3000/_next/static/chunks/5f34d_next_dist_253e5923._.js:1920
[  523451ms] [ERROR] ./app/layout.tsx:4:1
Module not found: Can't resolve '@fortawesome/fontawesome-svg-core/styles.css'
  2 | import { Geist, Geist_Mono } from "next/font/google";
  3 | import { config } from '@fortawesome/fontawesome-svg-core';
> 4 | import '@fortawesome/fontawesome-svg-core/styles.css';
    | ^^^^^^^^^^^^^^^^^^^^^^^^^^^^^^^^^^^^^^^^^^^^^^^^^^^^^^
  5 | import "./globals.css";
  6 | import { Header } from "@/components/layout/Header";
  7 | import { Footer } from "@/components/layout/Footer";

https://nextjs.org/docs/messages/module-not-found @ http://localhost:3000/_next/static/chunks/5f34d_next_dist_253e5923._.js:1920
[  523451ms] [ERROR] ./app/page.tsx:8:1
Module not found: Can't resolve '@fortawesome/free-solid-svg-icons'
   6 | import { LogoScroller } from '@/components/home/LogoScroller';
   7 | import { FontAwesomeIcon } from '@fortawesome/react-fontawesome';
>  8 | import {
     | ^^^^^^^^
>  9 |   faBolt,
     | ^^^^^^^^^
> 10 |   faNetworkWired,
     | ^^^^^^^^^
> 11 |   faCode,
     | ^^^^^^^^^
> 12 |   faArrowRight,
     | ^^^^^^^^^
> 13 |   faCircleCheck,
     | ^^^^^^^^^
> 14 |   faChevronDown,
     | ^^^^^^^^^
> 15 | } from '@fortawesome/free-solid-svg-icons';
     | ^^^^^^^^^^^^^^^^^^^^^^^^^^^^^^^^^^^^^^^^^^^^
  16 | import { ImageWithFallback } from '@/components/shared/ImageWithFallback';
  17 | import { RFQForm } from '@/components/forms/rfq';
  18 |

Import traces:
  Client Component Browser:
    ./app/page.tsx [Client Component Browser]
    ./app/page.tsx [Server Component]

  Client Component SSR:
    ./app/page.tsx [Client Component SSR]
    ./app/page.tsx [Server Component]

https://nextjs.org/docs/messages/module-not-found @ http://localhost:3000/_next/static/chunks/5f34d_next_dist_253e5923._.js:1920
[  523452ms] [ERROR] ./app/page.tsx:7:1
Module not found: Can't resolve '@fortawesome/react-fontawesome'
   5 | import { HeroSlider } from '@/components/home/HeroSlider';
   6 | import { LogoScroller } from '@/components/home/LogoScroller';
>  7 | import { FontAwesomeIcon } from '@fortawesome/react-fontawesome';
     | ^^^^^^^^^^^^^^^^^^^^^^^^^^^^^^^^^^^^^^^^^^^^^^^^^^^^^^^^^^^^^^^^^
   8 | import {
   9 |   faBolt,
  10 |   faNetworkWired,

Import traces:
  Client Component Browser:
    ./app/page.tsx [Client Component Browser]
    ./app/page.tsx [Server Component]

  Client Component SSR:
    ./app/page.tsx [Client Component SSR]
    ./app/page.tsx [Server Component]

https://nextjs.org/docs/messages/module-not-found @ http://localhost:3000/_next/static/chunks/5f34d_next_dist_253e5923._.js:1920
[  523452ms] [ERROR] ./components/forms/rfq/RFQForm.tsx:5:1
Module not found: Can't resolve '@hookform/resolvers/zod'
  3 | import { useEffect, useRef } from 'react';
  4 | import { useForm } from 'react-hook-form';
> 5 | import { zodResolver } from '@hookform/resolvers/zod';
    | ^^^^^^^^^^^^^^^^^^^^^^^^^^^^^^^^^^^^^^^^^^^^^^^^^^^^^^
  6 | import { CheckCircle } from 'lucide-react';
  7 | import { rfqSchema, rfqPresetSchema, type RFQFormData, type RFQPresetFormData } from '@/lib/forms/schemas';
  8 | import { useFormSubmit } from '@/hooks/useFormSubmit';

Import traces:
  Client Component Browser:
    ./components/forms/rfq/RFQForm.tsx [Client Component Browser]
    ./app/page.tsx [Client Component Browser]
    ./app/page.tsx [Server Component]

  Client Component SSR:
    ./components/forms/rfq/RFQForm.tsx [Client Component SSR]
    ./app/page.tsx [Client Component SSR]
    ./app/page.tsx [Server Component]

https://nextjs.org/docs/messages/module-not-found @ http://localhost:3000/_next/static/chunks/5f34d_next_dist_253e5923._.js:1920
[  523452ms] [ERROR] ./lib/forms/schemas.ts:1:1
Module not found: Can't resolve 'zod'
> 1 | import { z } from 'zod';
    | ^^^^^^^^^^^^^^^^^^^^^^^^
  2 |
  3 | const baseFields = {
  4 |   firstName: z.string().min(1, 'First name is required'),

Import traces:
  Client Component Browser:
    ./lib/forms/schemas.ts [Client Component Browser]
    ./components/forms/rfq/RFQForm.tsx [Client Component Browser]
    ./app/page.tsx [Client Component Browser]
    ./app/page.tsx [Server Component]

  Client Component SSR:
    ./lib/forms/schemas.ts [Client Component SSR]
    ./components/forms/rfq/RFQForm.tsx [Client Component SSR]
    ./app/page.tsx [Client Component SSR]
    ./app/page.tsx [Server Component]

https://nextjs.org/docs/messages/module-not-found @ http://localhost:3000/_next/static/chunks/5f34d_next_dist_253e5923._.js:1920
[  523534ms] [ERROR] ./app/layout.tsx:3:1
Module not found: Can't resolve '@fortawesome/fontawesome-svg-core'
  1 | import type { Metadata } from "next";
  2 | import { Geist, Geist_Mono } from "next/font/google";
> 3 | import { config } from '@fortawesome/fontawesome-svg-core';
    | ^^^^^^^^^^^^^^^^^^^^^^^^^^^^^^^^^^^^^^^^^^^^^^^^^^^^^^^^^^^
  4 | import '@fortawesome/fontawesome-svg-core/styles.css';
  5 | import "./globals.css";
  6 | import { Header } from "@/components/layout/Header";

https://nextjs.org/docs/messages/module-not-found @ http://localhost:3000/_next/static/chunks/5f34d_next_dist_253e5923._.js:1920
[  523534ms] [ERROR] ./app/layout.tsx:4:1
Module not found: Can't resolve '@fortawesome/fontawesome-svg-core/styles.css'
  2 | import { Geist, Geist_Mono } from "next/font/google";
  3 | import { config } from '@fortawesome/fontawesome-svg-core';
> 4 | import '@fortawesome/fontawesome-svg-core/styles.css';
    | ^^^^^^^^^^^^^^^^^^^^^^^^^^^^^^^^^^^^^^^^^^^^^^^^^^^^^^
  5 | import "./globals.css";
  6 | import { Header } from "@/components/layout/Header";
  7 | import { Footer } from "@/components/layout/Footer";

https://nextjs.org/docs/messages/module-not-found @ http://localhost:3000/_next/static/chunks/5f34d_next_dist_253e5923._.js:1920
[  523534ms] [ERROR] ./app/page.tsx:8:1
Module not found: Can't resolve '@fortawesome/free-solid-svg-icons'
   6 | import { LogoScroller } from '@/components/home/LogoScroller';
   7 | import { FontAwesomeIcon } from '@fortawesome/react-fontawesome';
>  8 | import {
     | ^^^^^^^^
>  9 |   faBolt,
     | ^^^^^^^^^
> 10 |   faNetworkWired,
     | ^^^^^^^^^
> 11 |   faCode,
     | ^^^^^^^^^
> 12 |   faArrowRight,
     | ^^^^^^^^^
> 13 |   faCircleCheck,
     | ^^^^^^^^^
> 14 |   faChevronDown,
     | ^^^^^^^^^
> 15 | } from '@fortawesome/free-solid-svg-icons';
     | ^^^^^^^^^^^^^^^^^^^^^^^^^^^^^^^^^^^^^^^^^^^^
  16 | import { ImageWithFallback } from '@/components/shared/ImageWithFallback';
  17 | import { RFQForm } from '@/components/forms/rfq';
  18 |

Import traces:
  Client Component Browser:
    ./app/page.tsx [Client Component Browser]
    ./app/page.tsx [Server Component]

  Client Component SSR:
    ./app/page.tsx [Client Component SSR]
    ./app/page.tsx [Server Component]

https://nextjs.org/docs/messages/module-not-found @ http://localhost:3000/_next/static/chunks/5f34d_next_dist_253e5923._.js:1920
[  523534ms] [ERROR] ./app/page.tsx:7:1
Module not found: Can't resolve '@fortawesome/react-fontawesome'
   5 | import { HeroSlider } from '@/components/home/HeroSlider';
   6 | import { LogoScroller } from '@/components/home/LogoScroller';
>  7 | import { FontAwesomeIcon } from '@fortawesome/react-fontawesome';
     | ^^^^^^^^^^^^^^^^^^^^^^^^^^^^^^^^^^^^^^^^^^^^^^^^^^^^^^^^^^^^^^^^^
   8 | import {
   9 |   faBolt,
  10 |   faNetworkWired,

Import traces:
  Client Component Browser:
    ./app/page.tsx [Client Component Browser]
    ./app/page.tsx [Server Component]

  Client Component SSR:
    ./app/page.tsx [Client Component SSR]
    ./app/page.tsx [Server Component]

https://nextjs.org/docs/messages/module-not-found @ http://localhost:3000/_next/static/chunks/5f34d_next_dist_253e5923._.js:1920
[  523534ms] [ERROR] ./components/forms/rfq/RFQForm.tsx:5:1
Module not found: Can't resolve '@hookform/resolvers/zod'
  3 | import { useEffect, useRef } from 'react';
  4 | import { useForm } from 'react-hook-form';
> 5 | import { zodResolver } from '@hookform/resolvers/zod';
    | ^^^^^^^^^^^^^^^^^^^^^^^^^^^^^^^^^^^^^^^^^^^^^^^^^^^^^^
  6 | import { CheckCircle } from 'lucide-react';
  7 | import { rfqSchema, rfqPresetSchema, type RFQFormData, type RFQPresetFormData } from '@/lib/forms/schemas';
  8 | import { useFormSubmit } from '@/hooks/useFormSubmit';

Import traces:
  Client Component Browser:
    ./components/forms/rfq/RFQForm.tsx [Client Component Browser]
    ./app/page.tsx [Client Component Browser]
    ./app/page.tsx [Server Component]

  Client Component SSR:
    ./components/forms/rfq/RFQForm.tsx [Client Component SSR]
    ./app/page.tsx [Client Component SSR]
    ./app/page.tsx [Server Component]

https://nextjs.org/docs/messages/module-not-found @ http://localhost:3000/_next/static/chunks/5f34d_next_dist_253e5923._.js:1920
[  523534ms] [ERROR] ./lib/forms/schemas.ts:1:1
Module not found: Can't resolve 'zod'
> 1 | import { z } from 'zod';
    | ^^^^^^^^^^^^^^^^^^^^^^^^
  2 |
  3 | const baseFields = {
  4 |   firstName: z.string().min(1, 'First name is required'),

Import traces:
  Client Component Browser:
    ./lib/forms/schemas.ts [Client Component Browser]
    ./components/forms/rfq/RFQForm.tsx [Client Component Browser]
    ./app/page.tsx [Client Component Browser]
    ./app/page.tsx [Server Component]

  Client Component SSR:
    ./lib/forms/schemas.ts [Client Component SSR]
    ./components/forms/rfq/RFQForm.tsx [Client Component SSR]
    ./app/page.tsx [Client Component SSR]
    ./app/page.tsx [Server Component]

https://nextjs.org/docs/messages/module-not-found @ http://localhost:3000/_next/static/chunks/5f34d_next_dist_253e5923._.js:1920
[  523593ms] [ERROR] ./app/layout.tsx:3:1
Module not found: Can't resolve '@fortawesome/fontawesome-svg-core'
  1 | import type { Metadata } from "next";
  2 | import { Geist, Geist_Mono } from "next/font/google";
> 3 | import { config } from '@fortawesome/fontawesome-svg-core';
    | ^^^^^^^^^^^^^^^^^^^^^^^^^^^^^^^^^^^^^^^^^^^^^^^^^^^^^^^^^^^
  4 | import '@fortawesome/fontawesome-svg-core/styles.css';
  5 | import "./globals.css";
  6 | import { Header } from "@/components/layout/Header";

https://nextjs.org/docs/messages/module-not-found @ http://localhost:3000/_next/static/chunks/5f34d_next_dist_253e5923._.js:1920
[  523593ms] [ERROR] ./app/layout.tsx:4:1
Module not found: Can't resolve '@fortawesome/fontawesome-svg-core/styles.css'
  2 | import { Geist, Geist_Mono } from "next/font/google";
  3 | import { config } from '@fortawesome/fontawesome-svg-core';
> 4 | import '@fortawesome/fontawesome-svg-core/styles.css';
    | ^^^^^^^^^^^^^^^^^^^^^^^^^^^^^^^^^^^^^^^^^^^^^^^^^^^^^^
  5 | import "./globals.css";
  6 | import { Header } from "@/components/layout/Header";
  7 | import { Footer } from "@/components/layout/Footer";

https://nextjs.org/docs/messages/module-not-found @ http://localhost:3000/_next/static/chunks/5f34d_next_dist_253e5923._.js:1920
[  523594ms] [ERROR] ./app/page.tsx:8:1
Module not found: Can't resolve '@fortawesome/free-solid-svg-icons'
   6 | import { LogoScroller } from '@/components/home/LogoScroller';
   7 | import { FontAwesomeIcon } from '@fortawesome/react-fontawesome';
>  8 | import {
     | ^^^^^^^^
>  9 |   faBolt,
     | ^^^^^^^^^
> 10 |   faNetworkWired,
     | ^^^^^^^^^
> 11 |   faCode,
     | ^^^^^^^^^
> 12 |   faArrowRight,
     | ^^^^^^^^^
> 13 |   faCircleCheck,
     | ^^^^^^^^^
> 14 |   faChevronDown,
     | ^^^^^^^^^
> 15 | } from '@fortawesome/free-solid-svg-icons';
     | ^^^^^^^^^^^^^^^^^^^^^^^^^^^^^^^^^^^^^^^^^^^^
  16 | import { ImageWithFallback } from '@/components/shared/ImageWithFallback';
  17 | import { RFQForm } from '@/components/forms/rfq';
  18 |

Import traces:
  Client Component Browser:
    ./app/page.tsx [Client Component Browser]
    ./app/page.tsx [Server Component]

  Client Component SSR:
    ./app/page.tsx [Client Component SSR]
    ./app/page.tsx [Server Component]

https://nextjs.org/docs/messages/module-not-found @ http://localhost:3000/_next/static/chunks/5f34d_next_dist_253e5923._.js:1920
[  523594ms] [ERROR] ./app/page.tsx:7:1
Module not found: Can't resolve '@fortawesome/react-fontawesome'
   5 | import { HeroSlider } from '@/components/home/HeroSlider';
   6 | import { LogoScroller } from '@/components/home/LogoScroller';
>  7 | import { FontAwesomeIcon } from '@fortawesome/react-fontawesome';
     | ^^^^^^^^^^^^^^^^^^^^^^^^^^^^^^^^^^^^^^^^^^^^^^^^^^^^^^^^^^^^^^^^^
   8 | import {
   9 |   faBolt,
  10 |   faNetworkWired,

Import traces:
  Client Component Browser:
    ./app/page.tsx [Client Component Browser]
    ./app/page.tsx [Server Component]

  Client Component SSR:
    ./app/page.tsx [Client Component SSR]
    ./app/page.tsx [Server Component]

https://nextjs.org/docs/messages/module-not-found @ http://localhost:3000/_next/static/chunks/5f34d_next_dist_253e5923._.js:1920
[  523594ms] [ERROR] ./components/forms/rfq/RFQForm.tsx:5:1
Module not found: Can't resolve '@hookform/resolvers/zod'
  3 | import { useEffect, useRef } from 'react';
  4 | import { useForm } from 'react-hook-form';
> 5 | import { zodResolver } from '@hookform/resolvers/zod';
    | ^^^^^^^^^^^^^^^^^^^^^^^^^^^^^^^^^^^^^^^^^^^^^^^^^^^^^^
  6 | import { CheckCircle } from 'lucide-react';
  7 | import { rfqSchema, rfqPresetSchema, type RFQFormData, type RFQPresetFormData } from '@/lib/forms/schemas';
  8 | import { useFormSubmit } from '@/hooks/useFormSubmit';

Import traces:
  Client Component Browser:
    ./components/forms/rfq/RFQForm.tsx [Client Component Browser]
    ./app/page.tsx [Client Component Browser]
    ./app/page.tsx [Server Component]

  Client Component SSR:
    ./components/forms/rfq/RFQForm.tsx [Client Component SSR]
    ./app/page.tsx [Client Component SSR]
    ./app/page.tsx [Server Component]

https://nextjs.org/docs/messages/module-not-found @ http://localhost:3000/_next/static/chunks/5f34d_next_dist_253e5923._.js:1920
[  523594ms] [ERROR] ./lib/forms/schemas.ts:1:1
Module not found: Can't resolve 'zod'
> 1 | import { z } from 'zod';
    | ^^^^^^^^^^^^^^^^^^^^^^^^
  2 |
  3 | const baseFields = {
  4 |   firstName: z.string().min(1, 'First name is required'),

Import traces:
  Client Component Browser:
    ./lib/forms/schemas.ts [Client Component Browser]
    ./components/forms/rfq/RFQForm.tsx [Client Component Browser]
    ./app/page.tsx [Client Component Browser]
    ./app/page.tsx [Server Component]

  Client Component SSR:
    ./lib/forms/schemas.ts [Client Component SSR]
    ./components/forms/rfq/RFQForm.tsx [Client Component SSR]
    ./app/page.tsx [Client Component SSR]
    ./app/page.tsx [Server Component]

https://nextjs.org/docs/messages/module-not-found @ http://localhost:3000/_next/static/chunks/5f34d_next_dist_253e5923._.js:1920
[  523702ms] [ERROR] ./app/layout.tsx:3:1
Module not found: Can't resolve '@fortawesome/fontawesome-svg-core'
  1 | import type { Metadata } from "next";
  2 | import { Geist, Geist_Mono } from "next/font/google";
> 3 | import { config } from '@fortawesome/fontawesome-svg-core';
    | ^^^^^^^^^^^^^^^^^^^^^^^^^^^^^^^^^^^^^^^^^^^^^^^^^^^^^^^^^^^
  4 | import '@fortawesome/fontawesome-svg-core/styles.css';
  5 | import "./globals.css";
  6 | import { Header } from "@/components/layout/Header";

https://nextjs.org/docs/messages/module-not-found @ http://localhost:3000/_next/static/chunks/5f34d_next_dist_253e5923._.js:1920
[  523703ms] [ERROR] ./app/layout.tsx:4:1
Module not found: Can't resolve '@fortawesome/fontawesome-svg-core/styles.css'
  2 | import { Geist, Geist_Mono } from "next/font/google";
  3 | import { config } from '@fortawesome/fontawesome-svg-core';
> 4 | import '@fortawesome/fontawesome-svg-core/styles.css';
    | ^^^^^^^^^^^^^^^^^^^^^^^^^^^^^^^^^^^^^^^^^^^^^^^^^^^^^^
  5 | import "./globals.css";
  6 | import { Header } from "@/components/layout/Header";
  7 | import { Footer } from "@/components/layout/Footer";

https://nextjs.org/docs/messages/module-not-found @ http://localhost:3000/_next/static/chunks/5f34d_next_dist_253e5923._.js:1920
[  523703ms] [ERROR] ./app/page.tsx:8:1
Module not found: Can't resolve '@fortawesome/free-solid-svg-icons'
   6 | import { LogoScroller } from '@/components/home/LogoScroller';
   7 | import { FontAwesomeIcon } from '@fortawesome/react-fontawesome';
>  8 | import {
     | ^^^^^^^^
>  9 |   faBolt,
     | ^^^^^^^^^
> 10 |   faNetworkWired,
     | ^^^^^^^^^
> 11 |   faCode,
     | ^^^^^^^^^
> 12 |   faArrowRight,
     | ^^^^^^^^^
> 13 |   faCircleCheck,
     | ^^^^^^^^^
> 14 |   faChevronDown,
     | ^^^^^^^^^
> 15 | } from '@fortawesome/free-solid-svg-icons';
     | ^^^^^^^^^^^^^^^^^^^^^^^^^^^^^^^^^^^^^^^^^^^^
  16 | import { ImageWithFallback } from '@/components/shared/ImageWithFallback';
  17 | import { RFQForm } from '@/components/forms/rfq';
  18 |

Import traces:
  Client Component Browser:
    ./app/page.tsx [Client Component Browser]
    ./app/page.tsx [Server Component]

  Client Component SSR:
    ./app/page.tsx [Client Component SSR]
    ./app/page.tsx [Server Component]

https://nextjs.org/docs/messages/module-not-found @ http://localhost:3000/_next/static/chunks/5f34d_next_dist_253e5923._.js:1920
[  523703ms] [ERROR] ./app/page.tsx:7:1
Module not found: Can't resolve '@fortawesome/react-fontawesome'
   5 | import { HeroSlider } from '@/components/home/HeroSlider';
   6 | import { LogoScroller } from '@/components/home/LogoScroller';
>  7 | import { FontAwesomeIcon } from '@fortawesome/react-fontawesome';
     | ^^^^^^^^^^^^^^^^^^^^^^^^^^^^^^^^^^^^^^^^^^^^^^^^^^^^^^^^^^^^^^^^^
   8 | import {
   9 |   faBolt,
  10 |   faNetworkWired,

Import traces:
  Client Component Browser:
    ./app/page.tsx [Client Component Browser]
    ./app/page.tsx [Server Component]

  Client Component SSR:
    ./app/page.tsx [Client Component SSR]
    ./app/page.tsx [Server Component]

https://nextjs.org/docs/messages/module-not-found @ http://localhost:3000/_next/static/chunks/5f34d_next_dist_253e5923._.js:1920
[  523703ms] [ERROR] ./components/forms/rfq/RFQForm.tsx:5:1
Module not found: Can't resolve '@hookform/resolvers/zod'
  3 | import { useEffect, useRef } from 'react';
  4 | import { useForm } from 'react-hook-form';
> 5 | import { zodResolver } from '@hookform/resolvers/zod';
    | ^^^^^^^^^^^^^^^^^^^^^^^^^^^^^^^^^^^^^^^^^^^^^^^^^^^^^^
  6 | import { CheckCircle } from 'lucide-react';
  7 | import { rfqSchema, rfqPresetSchema, type RFQFormData, type RFQPresetFormData } from '@/lib/forms/schemas';
  8 | import { useFormSubmit } from '@/hooks/useFormSubmit';

Import traces:
  Client Component Browser:
    ./components/forms/rfq/RFQForm.tsx [Client Component Browser]
    ./app/page.tsx [Client Component Browser]
    ./app/page.tsx [Server Component]

  Client Component SSR:
    ./components/forms/rfq/RFQForm.tsx [Client Component SSR]
    ./app/page.tsx [Client Component SSR]
    ./app/page.tsx [Server Component]

https://nextjs.org/docs/messages/module-not-found @ http://localhost:3000/_next/static/chunks/5f34d_next_dist_253e5923._.js:1920
[  523703ms] [ERROR] ./lib/forms/schemas.ts:1:1
Module not found: Can't resolve 'zod'
> 1 | import { z } from 'zod';
    | ^^^^^^^^^^^^^^^^^^^^^^^^
  2 |
  3 | const baseFields = {
  4 |   firstName: z.string().min(1, 'First name is required'),

Import traces:
  Client Component Browser:
    ./lib/forms/schemas.ts [Client Component Browser]
    ./components/forms/rfq/RFQForm.tsx [Client Component Browser]
    ./app/page.tsx [Client Component Browser]
    ./app/page.tsx [Server Component]

  Client Component SSR:
    ./lib/forms/schemas.ts [Client Component SSR]
    ./components/forms/rfq/RFQForm.tsx [Client Component SSR]
    ./app/page.tsx [Client Component SSR]
    ./app/page.tsx [Server Component]

https://nextjs.org/docs/messages/module-not-found @ http://localhost:3000/_next/static/chunks/5f34d_next_dist_253e5923._.js:1920
[  523792ms] [ERROR] ./app/layout.tsx:3:1
Module not found: Can't resolve '@fortawesome/fontawesome-svg-core'
  1 | import type { Metadata } from "next";
  2 | import { Geist, Geist_Mono } from "next/font/google";
> 3 | import { config } from '@fortawesome/fontawesome-svg-core';
    | ^^^^^^^^^^^^^^^^^^^^^^^^^^^^^^^^^^^^^^^^^^^^^^^^^^^^^^^^^^^
  4 | import '@fortawesome/fontawesome-svg-core/styles.css';
  5 | import "./globals.css";
  6 | import { Header } from "@/components/layout/Header";

https://nextjs.org/docs/messages/module-not-found @ http://localhost:3000/_next/static/chunks/5f34d_next_dist_253e5923._.js:1920
[  523792ms] [ERROR] ./app/layout.tsx:4:1
Module not found: Can't resolve '@fortawesome/fontawesome-svg-core/styles.css'
  2 | import { Geist, Geist_Mono } from "next/font/google";
  3 | import { config } from '@fortawesome/fontawesome-svg-core';
> 4 | import '@fortawesome/fontawesome-svg-core/styles.css';
    | ^^^^^^^^^^^^^^^^^^^^^^^^^^^^^^^^^^^^^^^^^^^^^^^^^^^^^^
  5 | import "./globals.css";
  6 | import { Header } from "@/components/layout/Header";
  7 | import { Footer } from "@/components/layout/Footer";

https://nextjs.org/docs/messages/module-not-found @ http://localhost:3000/_next/static/chunks/5f34d_next_dist_253e5923._.js:1920
[  523792ms] [ERROR] ./app/page.tsx:8:1
Module not found: Can't resolve '@fortawesome/free-solid-svg-icons'
   6 | import { LogoScroller } from '@/components/home/LogoScroller';
   7 | import { FontAwesomeIcon } from '@fortawesome/react-fontawesome';
>  8 | import {
     | ^^^^^^^^
>  9 |   faBolt,
     | ^^^^^^^^^
> 10 |   faNetworkWired,
     | ^^^^^^^^^
> 11 |   faCode,
     | ^^^^^^^^^
> 12 |   faArrowRight,
     | ^^^^^^^^^
> 13 |   faCircleCheck,
     | ^^^^^^^^^
> 14 |   faChevronDown,
     | ^^^^^^^^^
> 15 | } from '@fortawesome/free-solid-svg-icons';
     | ^^^^^^^^^^^^^^^^^^^^^^^^^^^^^^^^^^^^^^^^^^^^
  16 | import { ImageWithFallback } from '@/components/shared/ImageWithFallback';
  17 | import { RFQForm } from '@/components/forms/rfq';
  18 |

Import traces:
  Client Component Browser:
    ./app/page.tsx [Client Component Browser]
    ./app/page.tsx [Server Component]

  Client Component SSR:
    ./app/page.tsx [Client Component SSR]
    ./app/page.tsx [Server Component]

https://nextjs.org/docs/messages/module-not-found @ http://localhost:3000/_next/static/chunks/5f34d_next_dist_253e5923._.js:1920
[  523792ms] [ERROR] ./app/page.tsx:7:1
Module not found: Can't resolve '@fortawesome/react-fontawesome'
   5 | import { HeroSlider } from '@/components/home/HeroSlider';
   6 | import { LogoScroller } from '@/components/home/LogoScroller';
>  7 | import { FontAwesomeIcon } from '@fortawesome/react-fontawesome';
     | ^^^^^^^^^^^^^^^^^^^^^^^^^^^^^^^^^^^^^^^^^^^^^^^^^^^^^^^^^^^^^^^^^
   8 | import {
   9 |   faBolt,
  10 |   faNetworkWired,

Import traces:
  Client Component Browser:
    ./app/page.tsx [Client Component Browser]
    ./app/page.tsx [Server Component]

  Client Component SSR:
    ./app/page.tsx [Client Component SSR]
    ./app/page.tsx [Server Component]

https://nextjs.org/docs/messages/module-not-found @ http://localhost:3000/_next/static/chunks/5f34d_next_dist_253e5923._.js:1920
[  523793ms] [ERROR] ./components/forms/rfq/RFQForm.tsx:5:1
Module not found: Can't resolve '@hookform/resolvers/zod'
  3 | import { useEffect, useRef } from 'react';
  4 | import { useForm } from 'react-hook-form';
> 5 | import { zodResolver } from '@hookform/resolvers/zod';
    | ^^^^^^^^^^^^^^^^^^^^^^^^^^^^^^^^^^^^^^^^^^^^^^^^^^^^^^
  6 | import { CheckCircle } from 'lucide-react';
  7 | import { rfqSchema, rfqPresetSchema, type RFQFormData, type RFQPresetFormData } from '@/lib/forms/schemas';
  8 | import { useFormSubmit } from '@/hooks/useFormSubmit';

Import traces:
  Client Component Browser:
    ./components/forms/rfq/RFQForm.tsx [Client Component Browser]
    ./app/page.tsx [Client Component Browser]
    ./app/page.tsx [Server Component]

  Client Component SSR:
    ./components/forms/rfq/RFQForm.tsx [Client Component SSR]
    ./app/page.tsx [Client Component SSR]
    ./app/page.tsx [Server Component]

https://nextjs.org/docs/messages/module-not-found @ http://localhost:3000/_next/static/chunks/5f34d_next_dist_253e5923._.js:1920
[  523793ms] [ERROR] ./lib/forms/schemas.ts:1:1
Module not found: Can't resolve 'zod'
> 1 | import { z } from 'zod';
    | ^^^^^^^^^^^^^^^^^^^^^^^^
  2 |
  3 | const baseFields = {
  4 |   firstName: z.string().min(1, 'First name is required'),

Import traces:
  Client Component Browser:
    ./lib/forms/schemas.ts [Client Component Browser]
    ./components/forms/rfq/RFQForm.tsx [Client Component Browser]
    ./app/page.tsx [Client Component Browser]
    ./app/page.tsx [Server Component]

  Client Component SSR:
    ./lib/forms/schemas.ts [Client Component SSR]
    ./components/forms/rfq/RFQForm.tsx [Client Component SSR]
    ./app/page.tsx [Client Component SSR]
    ./app/page.tsx [Server Component]

https://nextjs.org/docs/messages/module-not-found @ http://localhost:3000/_next/static/chunks/5f34d_next_dist_253e5923._.js:1920
[  523855ms] [ERROR] ./app/layout.tsx:3:1
Module not found: Can't resolve '@fortawesome/fontawesome-svg-core'
  1 | import type { Metadata } from "next";
  2 | import { Geist, Geist_Mono } from "next/font/google";
> 3 | import { config } from '@fortawesome/fontawesome-svg-core';
    | ^^^^^^^^^^^^^^^^^^^^^^^^^^^^^^^^^^^^^^^^^^^^^^^^^^^^^^^^^^^
  4 | import '@fortawesome/fontawesome-svg-core/styles.css';
  5 | import "./globals.css";
  6 | import { Header } from "@/components/layout/Header";

https://nextjs.org/docs/messages/module-not-found @ http://localhost:3000/_next/static/chunks/5f34d_next_dist_253e5923._.js:1920
[  523855ms] [ERROR] ./app/layout.tsx:4:1
Module not found: Can't resolve '@fortawesome/fontawesome-svg-core/styles.css'
  2 | import { Geist, Geist_Mono } from "next/font/google";
  3 | import { config } from '@fortawesome/fontawesome-svg-core';
> 4 | import '@fortawesome/fontawesome-svg-core/styles.css';
    | ^^^^^^^^^^^^^^^^^^^^^^^^^^^^^^^^^^^^^^^^^^^^^^^^^^^^^^
  5 | import "./globals.css";
  6 | import { Header } from "@/components/layout/Header";
  7 | import { Footer } from "@/components/layout/Footer";

https://nextjs.org/docs/messages/module-not-found @ http://localhost:3000/_next/static/chunks/5f34d_next_dist_253e5923._.js:1920
[  523855ms] [ERROR] ./app/page.tsx:8:1
Module not found: Can't resolve '@fortawesome/free-solid-svg-icons'
   6 | import { LogoScroller } from '@/components/home/LogoScroller';
   7 | import { FontAwesomeIcon } from '@fortawesome/react-fontawesome';
>  8 | import {
     | ^^^^^^^^
>  9 |   faBolt,
     | ^^^^^^^^^
> 10 |   faNetworkWired,
     | ^^^^^^^^^
> 11 |   faCode,
     | ^^^^^^^^^
> 12 |   faArrowRight,
     | ^^^^^^^^^
> 13 |   faCircleCheck,
     | ^^^^^^^^^
> 14 |   faChevronDown,
     | ^^^^^^^^^
> 15 | } from '@fortawesome/free-solid-svg-icons';
     | ^^^^^^^^^^^^^^^^^^^^^^^^^^^^^^^^^^^^^^^^^^^^
  16 | import { ImageWithFallback } from '@/components/shared/ImageWithFallback';
  17 | import { RFQForm } from '@/components/forms/rfq';
  18 |

Import traces:
  Client Component Browser:
    ./app/page.tsx [Client Component Browser]
    ./app/page.tsx [Server Component]

  Client Component SSR:
    ./app/page.tsx [Client Component SSR]
    ./app/page.tsx [Server Component]

https://nextjs.org/docs/messages/module-not-found @ http://localhost:3000/_next/static/chunks/5f34d_next_dist_253e5923._.js:1920
[  523856ms] [ERROR] ./app/page.tsx:7:1
Module not found: Can't resolve '@fortawesome/react-fontawesome'
   5 | import { HeroSlider } from '@/components/home/HeroSlider';
   6 | import { LogoScroller } from '@/components/home/LogoScroller';
>  7 | import { FontAwesomeIcon } from '@fortawesome/react-fontawesome';
     | ^^^^^^^^^^^^^^^^^^^^^^^^^^^^^^^^^^^^^^^^^^^^^^^^^^^^^^^^^^^^^^^^^
   8 | import {
   9 |   faBolt,
  10 |   faNetworkWired,

Import traces:
  Client Component Browser:
    ./app/page.tsx [Client Component Browser]
    ./app/page.tsx [Server Component]

  Client Component SSR:
    ./app/page.tsx [Client Component SSR]
    ./app/page.tsx [Server Component]

https://nextjs.org/docs/messages/module-not-found @ http://localhost:3000/_next/static/chunks/5f34d_next_dist_253e5923._.js:1920
[  523856ms] [ERROR] ./components/forms/rfq/RFQForm.tsx:5:1
Module not found: Can't resolve '@hookform/resolvers/zod'
  3 | import { useEffect, useRef } from 'react';
  4 | import { useForm } from 'react-hook-form';
> 5 | import { zodResolver } from '@hookform/resolvers/zod';
    | ^^^^^^^^^^^^^^^^^^^^^^^^^^^^^^^^^^^^^^^^^^^^^^^^^^^^^^
  6 | import { CheckCircle } from 'lucide-react';
  7 | import { rfqSchema, rfqPresetSchema, type RFQFormData, type RFQPresetFormData } from '@/lib/forms/schemas';
  8 | import { useFormSubmit } from '@/hooks/useFormSubmit';

Import traces:
  Client Component Browser:
    ./components/forms/rfq/RFQForm.tsx [Client Component Browser]
    ./app/page.tsx [Client Component Browser]
    ./app/page.tsx [Server Component]

  Client Component SSR:
    ./components/forms/rfq/RFQForm.tsx [Client Component SSR]
    ./app/page.tsx [Client Component SSR]
    ./app/page.tsx [Server Component]

https://nextjs.org/docs/messages/module-not-found @ http://localhost:3000/_next/static/chunks/5f34d_next_dist_253e5923._.js:1920
[  523856ms] [ERROR] ./lib/forms/schemas.ts:1:1
Module not found: Can't resolve 'zod'
> 1 | import { z } from 'zod';
    | ^^^^^^^^^^^^^^^^^^^^^^^^
  2 |
  3 | const baseFields = {
  4 |   firstName: z.string().min(1, 'First name is required'),

Import traces:
  Client Component Browser:
    ./lib/forms/schemas.ts [Client Component Browser]
    ./components/forms/rfq/RFQForm.tsx [Client Component Browser]
    ./app/page.tsx [Client Component Browser]
    ./app/page.tsx [Server Component]

  Client Component SSR:
    ./lib/forms/schemas.ts [Client Component SSR]
    ./components/forms/rfq/RFQForm.tsx [Client Component SSR]
    ./app/page.tsx [Client Component SSR]
    ./app/page.tsx [Server Component]

https://nextjs.org/docs/messages/module-not-found @ http://localhost:3000/_next/static/chunks/5f34d_next_dist_253e5923._.js:1920
[  523917ms] [ERROR] ./app/layout.tsx:3:1
Module not found: Can't resolve '@fortawesome/fontawesome-svg-core'
  1 | import type { Metadata } from "next";
  2 | import { Geist, Geist_Mono } from "next/font/google";
> 3 | import { config } from '@fortawesome/fontawesome-svg-core';
    | ^^^^^^^^^^^^^^^^^^^^^^^^^^^^^^^^^^^^^^^^^^^^^^^^^^^^^^^^^^^
  4 | import '@fortawesome/fontawesome-svg-core/styles.css';
  5 | import "./globals.css";
  6 | import { Header } from "@/components/layout/Header";

https://nextjs.org/docs/messages/module-not-found @ http://localhost:3000/_next/static/chunks/5f34d_next_dist_253e5923._.js:1920
[  523917ms] [ERROR] ./app/layout.tsx:4:1
Module not found: Can't resolve '@fortawesome/fontawesome-svg-core/styles.css'
  2 | import { Geist, Geist_Mono } from "next/font/google";
  3 | import { config } from '@fortawesome/fontawesome-svg-core';
> 4 | import '@fortawesome/fontawesome-svg-core/styles.css';
    | ^^^^^^^^^^^^^^^^^^^^^^^^^^^^^^^^^^^^^^^^^^^^^^^^^^^^^^
  5 | import "./globals.css";
  6 | import { Header } from "@/components/layout/Header";
  7 | import { Footer } from "@/components/layout/Footer";

https://nextjs.org/docs/messages/module-not-found @ http://localhost:3000/_next/static/chunks/5f34d_next_dist_253e5923._.js:1920
[  523917ms] [ERROR] ./app/page.tsx:8:1
Module not found: Can't resolve '@fortawesome/free-solid-svg-icons'
   6 | import { LogoScroller } from '@/components/home/LogoScroller';
   7 | import { FontAwesomeIcon } from '@fortawesome/react-fontawesome';
>  8 | import {
     | ^^^^^^^^
>  9 |   faBolt,
     | ^^^^^^^^^
> 10 |   faNetworkWired,
     | ^^^^^^^^^
> 11 |   faCode,
     | ^^^^^^^^^
> 12 |   faArrowRight,
     | ^^^^^^^^^
> 13 |   faCircleCheck,
     | ^^^^^^^^^
> 14 |   faChevronDown,
     | ^^^^^^^^^
> 15 | } from '@fortawesome/free-solid-svg-icons';
     | ^^^^^^^^^^^^^^^^^^^^^^^^^^^^^^^^^^^^^^^^^^^^
  16 | import { ImageWithFallback } from '@/components/shared/ImageWithFallback';
  17 | import { RFQForm } from '@/components/forms/rfq';
  18 |

Import traces:
  Client Component Browser:
    ./app/page.tsx [Client Component Browser]
    ./app/page.tsx [Server Component]

  Client Component SSR:
    ./app/page.tsx [Client Component SSR]
    ./app/page.tsx [Server Component]

https://nextjs.org/docs/messages/module-not-found @ http://localhost:3000/_next/static/chunks/5f34d_next_dist_253e5923._.js:1920
[  523918ms] [ERROR] ./app/page.tsx:7:1
Module not found: Can't resolve '@fortawesome/react-fontawesome'
   5 | import { HeroSlider } from '@/components/home/HeroSlider';
   6 | import { LogoScroller } from '@/components/home/LogoScroller';
>  7 | import { FontAwesomeIcon } from '@fortawesome/react-fontawesome';
     | ^^^^^^^^^^^^^^^^^^^^^^^^^^^^^^^^^^^^^^^^^^^^^^^^^^^^^^^^^^^^^^^^^
   8 | import {
   9 |   faBolt,
  10 |   faNetworkWired,

Import traces:
  Client Component Browser:
    ./app/page.tsx [Client Component Browser]
    ./app/page.tsx [Server Component]

  Client Component SSR:
    ./app/page.tsx [Client Component SSR]
    ./app/page.tsx [Server Component]

https://nextjs.org/docs/messages/module-not-found @ http://localhost:3000/_next/static/chunks/5f34d_next_dist_253e5923._.js:1920
[  523918ms] [ERROR] ./components/forms/rfq/RFQForm.tsx:5:1
Module not found: Can't resolve '@hookform/resolvers/zod'
  3 | import { useEffect, useRef } from 'react';
  4 | import { useForm } from 'react-hook-form';
> 5 | import { zodResolver } from '@hookform/resolvers/zod';
    | ^^^^^^^^^^^^^^^^^^^^^^^^^^^^^^^^^^^^^^^^^^^^^^^^^^^^^^
  6 | import { CheckCircle } from 'lucide-react';
  7 | import { rfqSchema, rfqPresetSchema, type RFQFormData, type RFQPresetFormData } from '@/lib/forms/schemas';
  8 | import { useFormSubmit } from '@/hooks/useFormSubmit';

Import traces:
  Client Component Browser:
    ./components/forms/rfq/RFQForm.tsx [Client Component Browser]
    ./app/page.tsx [Client Component Browser]
    ./app/page.tsx [Server Component]

  Client Component SSR:
    ./components/forms/rfq/RFQForm.tsx [Client Component SSR]
    ./app/page.tsx [Client Component SSR]
    ./app/page.tsx [Server Component]

https://nextjs.org/docs/messages/module-not-found @ http://localhost:3000/_next/static/chunks/5f34d_next_dist_253e5923._.js:1920
[  523918ms] [ERROR] ./lib/forms/schemas.ts:1:1
Module not found: Can't resolve 'zod'
> 1 | import { z } from 'zod';
    | ^^^^^^^^^^^^^^^^^^^^^^^^
  2 |
  3 | const baseFields = {
  4 |   firstName: z.string().min(1, 'First name is required'),

Import traces:
  Client Component Browser:
    ./lib/forms/schemas.ts [Client Component Browser]
    ./components/forms/rfq/RFQForm.tsx [Client Component Browser]
    ./app/page.tsx [Client Component Browser]
    ./app/page.tsx [Server Component]

  Client Component SSR:
    ./lib/forms/schemas.ts [Client Component SSR]
    ./components/forms/rfq/RFQForm.tsx [Client Component SSR]
    ./app/page.tsx [Client Component SSR]
    ./app/page.tsx [Server Component]

https://nextjs.org/docs/messages/module-not-found @ http://localhost:3000/_next/static/chunks/5f34d_next_dist_253e5923._.js:1920
[  523981ms] [ERROR] ./app/layout.tsx:3:1
Module not found: Can't resolve '@fortawesome/fontawesome-svg-core'
  1 | import type { Metadata } from "next";
  2 | import { Geist, Geist_Mono } from "next/font/google";
> 3 | import { config } from '@fortawesome/fontawesome-svg-core';
    | ^^^^^^^^^^^^^^^^^^^^^^^^^^^^^^^^^^^^^^^^^^^^^^^^^^^^^^^^^^^
  4 | import '@fortawesome/fontawesome-svg-core/styles.css';
  5 | import "./globals.css";
  6 | import { Header } from "@/components/layout/Header";

https://nextjs.org/docs/messages/module-not-found @ http://localhost:3000/_next/static/chunks/5f34d_next_dist_253e5923._.js:1920
[  523981ms] [ERROR] ./app/layout.tsx:4:1
Module not found: Can't resolve '@fortawesome/fontawesome-svg-core/styles.css'
  2 | import { Geist, Geist_Mono } from "next/font/google";
  3 | import { config } from '@fortawesome/fontawesome-svg-core';
> 4 | import '@fortawesome/fontawesome-svg-core/styles.css';
    | ^^^^^^^^^^^^^^^^^^^^^^^^^^^^^^^^^^^^^^^^^^^^^^^^^^^^^^
  5 | import "./globals.css";
  6 | import { Header } from "@/components/layout/Header";
  7 | import { Footer } from "@/components/layout/Footer";

https://nextjs.org/docs/messages/module-not-found @ http://localhost:3000/_next/static/chunks/5f34d_next_dist_253e5923._.js:1920
[  523981ms] [ERROR] ./app/page.tsx:8:1
Module not found: Can't resolve '@fortawesome/free-solid-svg-icons'
   6 | import { LogoScroller } from '@/components/home/LogoScroller';
   7 | import { FontAwesomeIcon } from '@fortawesome/react-fontawesome';
>  8 | import {
     | ^^^^^^^^
>  9 |   faBolt,
     | ^^^^^^^^^
> 10 |   faNetworkWired,
     | ^^^^^^^^^
> 11 |   faCode,
     | ^^^^^^^^^
> 12 |   faArrowRight,
     | ^^^^^^^^^
> 13 |   faCircleCheck,
     | ^^^^^^^^^
> 14 |   faChevronDown,
     | ^^^^^^^^^
> 15 | } from '@fortawesome/free-solid-svg-icons';
     | ^^^^^^^^^^^^^^^^^^^^^^^^^^^^^^^^^^^^^^^^^^^^
  16 | import { ImageWithFallback } from '@/components/shared/ImageWithFallback';
  17 | import { RFQForm } from '@/components/forms/rfq';
  18 |

Import traces:
  Client Component Browser:
    ./app/page.tsx [Client Component Browser]
    ./app/page.tsx [Server Component]

  Client Component SSR:
    ./app/page.tsx [Client Component SSR]
    ./app/page.tsx [Server Component]

https://nextjs.org/docs/messages/module-not-found @ http://localhost:3000/_next/static/chunks/5f34d_next_dist_253e5923._.js:1920
[  523981ms] [ERROR] ./app/page.tsx:7:1
Module not found: Can't resolve '@fortawesome/react-fontawesome'
   5 | import { HeroSlider } from '@/components/home/HeroSlider';
   6 | import { LogoScroller } from '@/components/home/LogoScroller';
>  7 | import { FontAwesomeIcon } from '@fortawesome/react-fontawesome';
     | ^^^^^^^^^^^^^^^^^^^^^^^^^^^^^^^^^^^^^^^^^^^^^^^^^^^^^^^^^^^^^^^^^
   8 | import {
   9 |   faBolt,
  10 |   faNetworkWired,

Import traces:
  Client Component Browser:
    ./app/page.tsx [Client Component Browser]
    ./app/page.tsx [Server Component]

  Client Component SSR:
    ./app/page.tsx [Client Component SSR]
    ./app/page.tsx [Server Component]

https://nextjs.org/docs/messages/module-not-found @ http://localhost:3000/_next/static/chunks/5f34d_next_dist_253e5923._.js:1920
[  523981ms] [ERROR] ./components/forms/rfq/RFQForm.tsx:5:1
Module not found: Can't resolve '@hookform/resolvers/zod'
  3 | import { useEffect, useRef } from 'react';
  4 | import { useForm } from 'react-hook-form';
> 5 | import { zodResolver } from '@hookform/resolvers/zod';
    | ^^^^^^^^^^^^^^^^^^^^^^^^^^^^^^^^^^^^^^^^^^^^^^^^^^^^^^
  6 | import { CheckCircle } from 'lucide-react';
  7 | import { rfqSchema, rfqPresetSchema, type RFQFormData, type RFQPresetFormData } from '@/lib/forms/schemas';
  8 | import { useFormSubmit } from '@/hooks/useFormSubmit';

Import traces:
  Client Component Browser:
    ./components/forms/rfq/RFQForm.tsx [Client Component Browser]
    ./app/page.tsx [Client Component Browser]
    ./app/page.tsx [Server Component]

  Client Component SSR:
    ./components/forms/rfq/RFQForm.tsx [Client Component SSR]
    ./app/page.tsx [Client Component SSR]
    ./app/page.tsx [Server Component]

https://nextjs.org/docs/messages/module-not-found @ http://localhost:3000/_next/static/chunks/5f34d_next_dist_253e5923._.js:1920
[  523981ms] [ERROR] ./lib/forms/schemas.ts:1:1
Module not found: Can't resolve 'zod'
> 1 | import { z } from 'zod';
    | ^^^^^^^^^^^^^^^^^^^^^^^^
  2 |
  3 | const baseFields = {
  4 |   firstName: z.string().min(1, 'First name is required'),

Import traces:
  Client Component Browser:
    ./lib/forms/schemas.ts [Client Component Browser]
    ./components/forms/rfq/RFQForm.tsx [Client Component Browser]
    ./app/page.tsx [Client Component Browser]
    ./app/page.tsx [Server Component]

  Client Component SSR:
    ./lib/forms/schemas.ts [Client Component SSR]
    ./components/forms/rfq/RFQForm.tsx [Client Component SSR]
    ./app/page.tsx [Client Component SSR]
    ./app/page.tsx [Server Component]

https://nextjs.org/docs/messages/module-not-found @ http://localhost:3000/_next/static/chunks/5f34d_next_dist_253e5923._.js:1920
[  524062ms] [ERROR] ./app/layout.tsx:3:1
Module not found: Can't resolve '@fortawesome/fontawesome-svg-core'
  1 | import type { Metadata } from "next";
  2 | import { Geist, Geist_Mono } from "next/font/google";
> 3 | import { config } from '@fortawesome/fontawesome-svg-core';
    | ^^^^^^^^^^^^^^^^^^^^^^^^^^^^^^^^^^^^^^^^^^^^^^^^^^^^^^^^^^^
  4 | import '@fortawesome/fontawesome-svg-core/styles.css';
  5 | import "./globals.css";
  6 | import { Header } from "@/components/layout/Header";

https://nextjs.org/docs/messages/module-not-found @ http://localhost:3000/_next/static/chunks/5f34d_next_dist_253e5923._.js:1920
[  524062ms] [ERROR] ./app/layout.tsx:4:1
Module not found: Can't resolve '@fortawesome/fontawesome-svg-core/styles.css'
  2 | import { Geist, Geist_Mono } from "next/font/google";
  3 | import { config } from '@fortawesome/fontawesome-svg-core';
> 4 | import '@fortawesome/fontawesome-svg-core/styles.css';
    | ^^^^^^^^^^^^^^^^^^^^^^^^^^^^^^^^^^^^^^^^^^^^^^^^^^^^^^
  5 | import "./globals.css";
  6 | import { Header } from "@/components/layout/Header";
  7 | import { Footer } from "@/components/layout/Footer";

https://nextjs.org/docs/messages/module-not-found @ http://localhost:3000/_next/static/chunks/5f34d_next_dist_253e5923._.js:1920
[  524062ms] [ERROR] ./app/page.tsx:8:1
Module not found: Can't resolve '@fortawesome/free-solid-svg-icons'
   6 | import { LogoScroller } from '@/components/home/LogoScroller';
   7 | import { FontAwesomeIcon } from '@fortawesome/react-fontawesome';
>  8 | import {
     | ^^^^^^^^
>  9 |   faBolt,
     | ^^^^^^^^^
> 10 |   faNetworkWired,
     | ^^^^^^^^^
> 11 |   faCode,
     | ^^^^^^^^^
> 12 |   faArrowRight,
     | ^^^^^^^^^
> 13 |   faCircleCheck,
     | ^^^^^^^^^
> 14 |   faChevronDown,
     | ^^^^^^^^^
> 15 | } from '@fortawesome/free-solid-svg-icons';
     | ^^^^^^^^^^^^^^^^^^^^^^^^^^^^^^^^^^^^^^^^^^^^
  16 | import { ImageWithFallback } from '@/components/shared/ImageWithFallback';
  17 | import { RFQForm } from '@/components/forms/rfq';
  18 |

Import traces:
  Client Component Browser:
    ./app/page.tsx [Client Component Browser]
    ./app/page.tsx [Server Component]

  Client Component SSR:
    ./app/page.tsx [Client Component SSR]
    ./app/page.tsx [Server Component]

https://nextjs.org/docs/messages/module-not-found @ http://localhost:3000/_next/static/chunks/5f34d_next_dist_253e5923._.js:1920
[  524062ms] [ERROR] ./app/page.tsx:7:1
Module not found: Can't resolve '@fortawesome/react-fontawesome'
   5 | import { HeroSlider } from '@/components/home/HeroSlider';
   6 | import { LogoScroller } from '@/components/home/LogoScroller';
>  7 | import { FontAwesomeIcon } from '@fortawesome/react-fontawesome';
     | ^^^^^^^^^^^^^^^^^^^^^^^^^^^^^^^^^^^^^^^^^^^^^^^^^^^^^^^^^^^^^^^^^
   8 | import {
   9 |   faBolt,
  10 |   faNetworkWired,

Import traces:
  Client Component Browser:
    ./app/page.tsx [Client Component Browser]
    ./app/page.tsx [Server Component]

  Client Component SSR:
    ./app/page.tsx [Client Component SSR]
    ./app/page.tsx [Server Component]

https://nextjs.org/docs/messages/module-not-found @ http://localhost:3000/_next/static/chunks/5f34d_next_dist_253e5923._.js:1920
[  524062ms] [ERROR] ./components/forms/rfq/RFQForm.tsx:5:1
Module not found: Can't resolve '@hookform/resolvers/zod'
  3 | import { useEffect, useRef } from 'react';
  4 | import { useForm } from 'react-hook-form';
> 5 | import { zodResolver } from '@hookform/resolvers/zod';
    | ^^^^^^^^^^^^^^^^^^^^^^^^^^^^^^^^^^^^^^^^^^^^^^^^^^^^^^
  6 | import { CheckCircle } from 'lucide-react';
  7 | import { rfqSchema, rfqPresetSchema, type RFQFormData, type RFQPresetFormData } from '@/lib/forms/schemas';
  8 | import { useFormSubmit } from '@/hooks/useFormSubmit';

Import traces:
  Client Component Browser:
    ./components/forms/rfq/RFQForm.tsx [Client Component Browser]
    ./app/page.tsx [Client Component Browser]
    ./app/page.tsx [Server Component]

  Client Component SSR:
    ./components/forms/rfq/RFQForm.tsx [Client Component SSR]
    ./app/page.tsx [Client Component SSR]
    ./app/page.tsx [Server Component]

https://nextjs.org/docs/messages/module-not-found @ http://localhost:3000/_next/static/chunks/5f34d_next_dist_253e5923._.js:1920
[  524062ms] [ERROR] ./lib/forms/schemas.ts:1:1
Module not found: Can't resolve 'zod'
> 1 | import { z } from 'zod';
    | ^^^^^^^^^^^^^^^^^^^^^^^^
  2 |
  3 | const baseFields = {
  4 |   firstName: z.string().min(1, 'First name is required'),

Import traces:
  Client Component Browser:
    ./lib/forms/schemas.ts [Client Component Browser]
    ./components/forms/rfq/RFQForm.tsx [Client Component Browser]
    ./app/page.tsx [Client Component Browser]
    ./app/page.tsx [Server Component]

  Client Component SSR:
    ./lib/forms/schemas.ts [Client Component SSR]
    ./components/forms/rfq/RFQForm.tsx [Client Component SSR]
    ./app/page.tsx [Client Component SSR]
    ./app/page.tsx [Server Component]

https://nextjs.org/docs/messages/module-not-found @ http://localhost:3000/_next/static/chunks/5f34d_next_dist_253e5923._.js:1920
[  524135ms] [ERROR] ./app/layout.tsx:3:1
Module not found: Can't resolve '@fortawesome/fontawesome-svg-core'
  1 | import type { Metadata } from "next";
  2 | import { Geist, Geist_Mono } from "next/font/google";
> 3 | import { config } from '@fortawesome/fontawesome-svg-core';
    | ^^^^^^^^^^^^^^^^^^^^^^^^^^^^^^^^^^^^^^^^^^^^^^^^^^^^^^^^^^^
  4 | import '@fortawesome/fontawesome-svg-core/styles.css';
  5 | import "./globals.css";
  6 | import { Header } from "@/components/layout/Header";

https://nextjs.org/docs/messages/module-not-found @ http://localhost:3000/_next/static/chunks/5f34d_next_dist_253e5923._.js:1920
[  524135ms] [ERROR] ./app/layout.tsx:4:1
Module not found: Can't resolve '@fortawesome/fontawesome-svg-core/styles.css'
  2 | import { Geist, Geist_Mono } from "next/font/google";
  3 | import { config } from '@fortawesome/fontawesome-svg-core';
> 4 | import '@fortawesome/fontawesome-svg-core/styles.css';
    | ^^^^^^^^^^^^^^^^^^^^^^^^^^^^^^^^^^^^^^^^^^^^^^^^^^^^^^
  5 | import "./globals.css";
  6 | import { Header } from "@/components/layout/Header";
  7 | import { Footer } from "@/components/layout/Footer";

https://nextjs.org/docs/messages/module-not-found @ http://localhost:3000/_next/static/chunks/5f34d_next_dist_253e5923._.js:1920
[  524135ms] [ERROR] ./app/page.tsx:8:1
Module not found: Can't resolve '@fortawesome/free-solid-svg-icons'
   6 | import { LogoScroller } from '@/components/home/LogoScroller';
   7 | import { FontAwesomeIcon } from '@fortawesome/react-fontawesome';
>  8 | import {
     | ^^^^^^^^
>  9 |   faBolt,
     | ^^^^^^^^^
> 10 |   faNetworkWired,
     | ^^^^^^^^^
> 11 |   faCode,
     | ^^^^^^^^^
> 12 |   faArrowRight,
     | ^^^^^^^^^
> 13 |   faCircleCheck,
     | ^^^^^^^^^
> 14 |   faChevronDown,
     | ^^^^^^^^^
> 15 | } from '@fortawesome/free-solid-svg-icons';
     | ^^^^^^^^^^^^^^^^^^^^^^^^^^^^^^^^^^^^^^^^^^^^
  16 | import { ImageWithFallback } from '@/components/shared/ImageWithFallback';
  17 | import { RFQForm } from '@/components/forms/rfq';
  18 |

Import traces:
  Client Component Browser:
    ./app/page.tsx [Client Component Browser]
    ./app/page.tsx [Server Component]

  Client Component SSR:
    ./app/page.tsx [Client Component SSR]
    ./app/page.tsx [Server Component]

https://nextjs.org/docs/messages/module-not-found @ http://localhost:3000/_next/static/chunks/5f34d_next_dist_253e5923._.js:1920
[  524135ms] [ERROR] ./app/page.tsx:7:1
Module not found: Can't resolve '@fortawesome/react-fontawesome'
   5 | import { HeroSlider } from '@/components/home/HeroSlider';
   6 | import { LogoScroller } from '@/components/home/LogoScroller';
>  7 | import { FontAwesomeIcon } from '@fortawesome/react-fontawesome';
     | ^^^^^^^^^^^^^^^^^^^^^^^^^^^^^^^^^^^^^^^^^^^^^^^^^^^^^^^^^^^^^^^^^
   8 | import {
   9 |   faBolt,
  10 |   faNetworkWired,

Import traces:
  Client Component Browser:
    ./app/page.tsx [Client Component Browser]
    ./app/page.tsx [Server Component]

  Client Component SSR:
    ./app/page.tsx [Client Component SSR]
    ./app/page.tsx [Server Component]

https://nextjs.org/docs/messages/module-not-found @ http://localhost:3000/_next/static/chunks/5f34d_next_dist_253e5923._.js:1920
[  524135ms] [ERROR] ./components/forms/rfq/RFQForm.tsx:5:1
Module not found: Can't resolve '@hookform/resolvers/zod'
  3 | import { useEffect, useRef } from 'react';
  4 | import { useForm } from 'react-hook-form';
> 5 | import { zodResolver } from '@hookform/resolvers/zod';
    | ^^^^^^^^^^^^^^^^^^^^^^^^^^^^^^^^^^^^^^^^^^^^^^^^^^^^^^
  6 | import { CheckCircle } from 'lucide-react';
  7 | import { rfqSchema, rfqPresetSchema, type RFQFormData, type RFQPresetFormData } from '@/lib/forms/schemas';
  8 | import { useFormSubmit } from '@/hooks/useFormSubmit';

Import traces:
  Client Component Browser:
    ./components/forms/rfq/RFQForm.tsx [Client Component Browser]
    ./app/page.tsx [Client Component Browser]
    ./app/page.tsx [Server Component]

  Client Component SSR:
    ./components/forms/rfq/RFQForm.tsx [Client Component SSR]
    ./app/page.tsx [Client Component SSR]
    ./app/page.tsx [Server Component]

https://nextjs.org/docs/messages/module-not-found @ http://localhost:3000/_next/static/chunks/5f34d_next_dist_253e5923._.js:1920
[  524135ms] [ERROR] ./lib/forms/schemas.ts:1:1
Module not found: Can't resolve 'zod'
> 1 | import { z } from 'zod';
    | ^^^^^^^^^^^^^^^^^^^^^^^^
  2 |
  3 | const baseFields = {
  4 |   firstName: z.string().min(1, 'First name is required'),

Import traces:
  Client Component Browser:
    ./lib/forms/schemas.ts [Client Component Browser]
    ./components/forms/rfq/RFQForm.tsx [Client Component Browser]
    ./app/page.tsx [Client Component Browser]
    ./app/page.tsx [Server Component]

  Client Component SSR:
    ./lib/forms/schemas.ts [Client Component SSR]
    ./components/forms/rfq/RFQForm.tsx [Client Component SSR]
    ./app/page.tsx [Client Component SSR]
    ./app/page.tsx [Server Component]

https://nextjs.org/docs/messages/module-not-found @ http://localhost:3000/_next/static/chunks/5f34d_next_dist_253e5923._.js:1920
[  524213ms] [ERROR] ./app/layout.tsx:3:1
Module not found: Can't resolve '@fortawesome/fontawesome-svg-core'
  1 | import type { Metadata } from "next";
  2 | import { Geist, Geist_Mono } from "next/font/google";
> 3 | import { config } from '@fortawesome/fontawesome-svg-core';
    | ^^^^^^^^^^^^^^^^^^^^^^^^^^^^^^^^^^^^^^^^^^^^^^^^^^^^^^^^^^^
  4 | import '@fortawesome/fontawesome-svg-core/styles.css';
  5 | import "./globals.css";
  6 | import { Header } from "@/components/layout/Header";

https://nextjs.org/docs/messages/module-not-found @ http://localhost:3000/_next/static/chunks/5f34d_next_dist_253e5923._.js:1920
[  524214ms] [ERROR] ./app/layout.tsx:4:1
Module not found: Can't resolve '@fortawesome/fontawesome-svg-core/styles.css'
  2 | import { Geist, Geist_Mono } from "next/font/google";
  3 | import { config } from '@fortawesome/fontawesome-svg-core';
> 4 | import '@fortawesome/fontawesome-svg-core/styles.css';
    | ^^^^^^^^^^^^^^^^^^^^^^^^^^^^^^^^^^^^^^^^^^^^^^^^^^^^^^
  5 | import "./globals.css";
  6 | import { Header } from "@/components/layout/Header";
  7 | import { Footer } from "@/components/layout/Footer";

https://nextjs.org/docs/messages/module-not-found @ http://localhost:3000/_next/static/chunks/5f34d_next_dist_253e5923._.js:1920
[  524214ms] [ERROR] ./app/page.tsx:8:1
Module not found: Can't resolve '@fortawesome/free-solid-svg-icons'
   6 | import { LogoScroller } from '@/components/home/LogoScroller';
   7 | import { FontAwesomeIcon } from '@fortawesome/react-fontawesome';
>  8 | import {
     | ^^^^^^^^
>  9 |   faBolt,
     | ^^^^^^^^^
> 10 |   faNetworkWired,
     | ^^^^^^^^^
> 11 |   faCode,
     | ^^^^^^^^^
> 12 |   faArrowRight,
     | ^^^^^^^^^
> 13 |   faCircleCheck,
     | ^^^^^^^^^
> 14 |   faChevronDown,
     | ^^^^^^^^^
> 15 | } from '@fortawesome/free-solid-svg-icons';
     | ^^^^^^^^^^^^^^^^^^^^^^^^^^^^^^^^^^^^^^^^^^^^
  16 | import { ImageWithFallback } from '@/components/shared/ImageWithFallback';
  17 | import { RFQForm } from '@/components/forms/rfq';
  18 |

Import traces:
  Client Component Browser:
    ./app/page.tsx [Client Component Browser]
    ./app/page.tsx [Server Component]

  Client Component SSR:
    ./app/page.tsx [Client Component SSR]
    ./app/page.tsx [Server Component]

https://nextjs.org/docs/messages/module-not-found @ http://localhost:3000/_next/static/chunks/5f34d_next_dist_253e5923._.js:1920
[  524214ms] [ERROR] ./app/page.tsx:7:1
Module not found: Can't resolve '@fortawesome/react-fontawesome'
   5 | import { HeroSlider } from '@/components/home/HeroSlider';
   6 | import { LogoScroller } from '@/components/home/LogoScroller';
>  7 | import { FontAwesomeIcon } from '@fortawesome/react-fontawesome';
     | ^^^^^^^^^^^^^^^^^^^^^^^^^^^^^^^^^^^^^^^^^^^^^^^^^^^^^^^^^^^^^^^^^
   8 | import {
   9 |   faBolt,
  10 |   faNetworkWired,

Import traces:
  Client Component Browser:
    ./app/page.tsx [Client Component Browser]
    ./app/page.tsx [Server Component]

  Client Component SSR:
    ./app/page.tsx [Client Component SSR]
    ./app/page.tsx [Server Component]

https://nextjs.org/docs/messages/module-not-found @ http://localhost:3000/_next/static/chunks/5f34d_next_dist_253e5923._.js:1920
[  524214ms] [ERROR] ./components/forms/rfq/RFQForm.tsx:5:1
Module not found: Can't resolve '@hookform/resolvers/zod'
  3 | import { useEffect, useRef } from 'react';
  4 | import { useForm } from 'react-hook-form';
> 5 | import { zodResolver } from '@hookform/resolvers/zod';
    | ^^^^^^^^^^^^^^^^^^^^^^^^^^^^^^^^^^^^^^^^^^^^^^^^^^^^^^
  6 | import { CheckCircle } from 'lucide-react';
  7 | import { rfqSchema, rfqPresetSchema, type RFQFormData, type RFQPresetFormData } from '@/lib/forms/schemas';
  8 | import { useFormSubmit } from '@/hooks/useFormSubmit';

Import traces:
  Client Component Browser:
    ./components/forms/rfq/RFQForm.tsx [Client Component Browser]
    ./app/page.tsx [Client Component Browser]
    ./app/page.tsx [Server Component]

  Client Component SSR:
    ./components/forms/rfq/RFQForm.tsx [Client Component SSR]
    ./app/page.tsx [Client Component SSR]
    ./app/page.tsx [Server Component]

https://nextjs.org/docs/messages/module-not-found @ http://localhost:3000/_next/static/chunks/5f34d_next_dist_253e5923._.js:1920
[  524214ms] [ERROR] ./lib/forms/schemas.ts:1:1
Module not found: Can't resolve 'zod'
> 1 | import { z } from 'zod';
    | ^^^^^^^^^^^^^^^^^^^^^^^^
  2 |
  3 | const baseFields = {
  4 |   firstName: z.string().min(1, 'First name is required'),

Import traces:
  Client Component Browser:
    ./lib/forms/schemas.ts [Client Component Browser]
    ./components/forms/rfq/RFQForm.tsx [Client Component Browser]
    ./app/page.tsx [Client Component Browser]
    ./app/page.tsx [Server Component]

  Client Component SSR:
    ./lib/forms/schemas.ts [Client Component SSR]
    ./components/forms/rfq/RFQForm.tsx [Client Component SSR]
    ./app/page.tsx [Client Component SSR]
    ./app/page.tsx [Server Component]

https://nextjs.org/docs/messages/module-not-found @ http://localhost:3000/_next/static/chunks/5f34d_next_dist_253e5923._.js:1920
[  524292ms] [ERROR] ./app/layout.tsx:3:1
Module not found: Can't resolve '@fortawesome/fontawesome-svg-core'
  1 | import type { Metadata } from "next";
  2 | import { Geist, Geist_Mono } from "next/font/google";
> 3 | import { config } from '@fortawesome/fontawesome-svg-core';
    | ^^^^^^^^^^^^^^^^^^^^^^^^^^^^^^^^^^^^^^^^^^^^^^^^^^^^^^^^^^^
  4 | import '@fortawesome/fontawesome-svg-core/styles.css';
  5 | import "./globals.css";
  6 | import { Header } from "@/components/layout/Header";

https://nextjs.org/docs/messages/module-not-found @ http://localhost:3000/_next/static/chunks/5f34d_next_dist_253e5923._.js:1920
[  524292ms] [ERROR] ./app/layout.tsx:4:1
Module not found: Can't resolve '@fortawesome/fontawesome-svg-core/styles.css'
  2 | import { Geist, Geist_Mono } from "next/font/google";
  3 | import { config } from '@fortawesome/fontawesome-svg-core';
> 4 | import '@fortawesome/fontawesome-svg-core/styles.css';
    | ^^^^^^^^^^^^^^^^^^^^^^^^^^^^^^^^^^^^^^^^^^^^^^^^^^^^^^
  5 | import "./globals.css";
  6 | import { Header } from "@/components/layout/Header";
  7 | import { Footer } from "@/components/layout/Footer";

https://nextjs.org/docs/messages/module-not-found @ http://localhost:3000/_next/static/chunks/5f34d_next_dist_253e5923._.js:1920
[  524293ms] [ERROR] ./app/page.tsx:8:1
Module not found: Can't resolve '@fortawesome/free-solid-svg-icons'
   6 | import { LogoScroller } from '@/components/home/LogoScroller';
   7 | import { FontAwesomeIcon } from '@fortawesome/react-fontawesome';
>  8 | import {
     | ^^^^^^^^
>  9 |   faBolt,
     | ^^^^^^^^^
> 10 |   faNetworkWired,
     | ^^^^^^^^^
> 11 |   faCode,
     | ^^^^^^^^^
> 12 |   faArrowRight,
     | ^^^^^^^^^
> 13 |   faCircleCheck,
     | ^^^^^^^^^
> 14 |   faChevronDown,
     | ^^^^^^^^^
> 15 | } from '@fortawesome/free-solid-svg-icons';
     | ^^^^^^^^^^^^^^^^^^^^^^^^^^^^^^^^^^^^^^^^^^^^
  16 | import { ImageWithFallback } from '@/components/shared/ImageWithFallback';
  17 | import { RFQForm } from '@/components/forms/rfq';
  18 |

Import traces:
  Client Component Browser:
    ./app/page.tsx [Client Component Browser]
    ./app/page.tsx [Server Component]

  Client Component SSR:
    ./app/page.tsx [Client Component SSR]
    ./app/page.tsx [Server Component]

https://nextjs.org/docs/messages/module-not-found @ http://localhost:3000/_next/static/chunks/5f34d_next_dist_253e5923._.js:1920
[  524293ms] [ERROR] ./app/page.tsx:7:1
Module not found: Can't resolve '@fortawesome/react-fontawesome'
   5 | import { HeroSlider } from '@/components/home/HeroSlider';
   6 | import { LogoScroller } from '@/components/home/LogoScroller';
>  7 | import { FontAwesomeIcon } from '@fortawesome/react-fontawesome';
     | ^^^^^^^^^^^^^^^^^^^^^^^^^^^^^^^^^^^^^^^^^^^^^^^^^^^^^^^^^^^^^^^^^
   8 | import {
   9 |   faBolt,
  10 |   faNetworkWired,

Import traces:
  Client Component Browser:
    ./app/page.tsx [Client Component Browser]
    ./app/page.tsx [Server Component]

  Client Component SSR:
    ./app/page.tsx [Client Component SSR]
    ./app/page.tsx [Server Component]

https://nextjs.org/docs/messages/module-not-found @ http://localhost:3000/_next/static/chunks/5f34d_next_dist_253e5923._.js:1920
[  524293ms] [ERROR] ./components/forms/rfq/RFQForm.tsx:5:1
Module not found: Can't resolve '@hookform/resolvers/zod'
  3 | import { useEffect, useRef } from 'react';
  4 | import { useForm } from 'react-hook-form';
> 5 | import { zodResolver } from '@hookform/resolvers/zod';
    | ^^^^^^^^^^^^^^^^^^^^^^^^^^^^^^^^^^^^^^^^^^^^^^^^^^^^^^
  6 | import { CheckCircle } from 'lucide-react';
  7 | import { rfqSchema, rfqPresetSchema, type RFQFormData, type RFQPresetFormData } from '@/lib/forms/schemas';
  8 | import { useFormSubmit } from '@/hooks/useFormSubmit';

Import traces:
  Client Component Browser:
    ./components/forms/rfq/RFQForm.tsx [Client Component Browser]
    ./app/page.tsx [Client Component Browser]
    ./app/page.tsx [Server Component]

  Client Component SSR:
    ./components/forms/rfq/RFQForm.tsx [Client Component SSR]
    ./app/page.tsx [Client Component SSR]
    ./app/page.tsx [Server Component]

https://nextjs.org/docs/messages/module-not-found @ http://localhost:3000/_next/static/chunks/5f34d_next_dist_253e5923._.js:1920
[  524293ms] [ERROR] ./lib/forms/schemas.ts:1:1
Module not found: Can't resolve 'zod'
> 1 | import { z } from 'zod';
    | ^^^^^^^^^^^^^^^^^^^^^^^^
  2 |
  3 | const baseFields = {
  4 |   firstName: z.string().min(1, 'First name is required'),

Import traces:
  Client Component Browser:
    ./lib/forms/schemas.ts [Client Component Browser]
    ./components/forms/rfq/RFQForm.tsx [Client Component Browser]
    ./app/page.tsx [Client Component Browser]
    ./app/page.tsx [Server Component]

  Client Component SSR:
    ./lib/forms/schemas.ts [Client Component SSR]
    ./components/forms/rfq/RFQForm.tsx [Client Component SSR]
    ./app/page.tsx [Client Component SSR]
    ./app/page.tsx [Server Component]

https://nextjs.org/docs/messages/module-not-found @ http://localhost:3000/_next/static/chunks/5f34d_next_dist_253e5923._.js:1920
[  524367ms] [ERROR] ./app/layout.tsx:3:1
Module not found: Can't resolve '@fortawesome/fontawesome-svg-core'
  1 | import type { Metadata } from "next";
  2 | import { Geist, Geist_Mono } from "next/font/google";
> 3 | import { config } from '@fortawesome/fontawesome-svg-core';
    | ^^^^^^^^^^^^^^^^^^^^^^^^^^^^^^^^^^^^^^^^^^^^^^^^^^^^^^^^^^^
  4 | import '@fortawesome/fontawesome-svg-core/styles.css';
  5 | import "./globals.css";
  6 | import { Header } from "@/components/layout/Header";

https://nextjs.org/docs/messages/module-not-found @ http://localhost:3000/_next/static/chunks/5f34d_next_dist_253e5923._.js:1920
[  524367ms] [ERROR] ./app/layout.tsx:4:1
Module not found: Can't resolve '@fortawesome/fontawesome-svg-core/styles.css'
  2 | import { Geist, Geist_Mono } from "next/font/google";
  3 | import { config } from '@fortawesome/fontawesome-svg-core';
> 4 | import '@fortawesome/fontawesome-svg-core/styles.css';
    | ^^^^^^^^^^^^^^^^^^^^^^^^^^^^^^^^^^^^^^^^^^^^^^^^^^^^^^
  5 | import "./globals.css";
  6 | import { Header } from "@/components/layout/Header";
  7 | import { Footer } from "@/components/layout/Footer";

https://nextjs.org/docs/messages/module-not-found @ http://localhost:3000/_next/static/chunks/5f34d_next_dist_253e5923._.js:1920
[  524367ms] [ERROR] ./app/page.tsx:8:1
Module not found: Can't resolve '@fortawesome/free-solid-svg-icons'
   6 | import { LogoScroller } from '@/components/home/LogoScroller';
   7 | import { FontAwesomeIcon } from '@fortawesome/react-fontawesome';
>  8 | import {
     | ^^^^^^^^
>  9 |   faBolt,
     | ^^^^^^^^^
> 10 |   faNetworkWired,
     | ^^^^^^^^^
> 11 |   faCode,
     | ^^^^^^^^^
> 12 |   faArrowRight,
     | ^^^^^^^^^
> 13 |   faCircleCheck,
     | ^^^^^^^^^
> 14 |   faChevronDown,
     | ^^^^^^^^^
> 15 | } from '@fortawesome/free-solid-svg-icons';
     | ^^^^^^^^^^^^^^^^^^^^^^^^^^^^^^^^^^^^^^^^^^^^
  16 | import { ImageWithFallback } from '@/components/shared/ImageWithFallback';
  17 | import { RFQForm } from '@/components/forms/rfq';
  18 |

Import traces:
  Client Component Browser:
    ./app/page.tsx [Client Component Browser]
    ./app/page.tsx [Server Component]

  Client Component SSR:
    ./app/page.tsx [Client Component SSR]
    ./app/page.tsx [Server Component]

https://nextjs.org/docs/messages/module-not-found @ http://localhost:3000/_next/static/chunks/5f34d_next_dist_253e5923._.js:1920
[  524367ms] [ERROR] ./app/page.tsx:7:1
Module not found: Can't resolve '@fortawesome/react-fontawesome'
   5 | import { HeroSlider } from '@/components/home/HeroSlider';
   6 | import { LogoScroller } from '@/components/home/LogoScroller';
>  7 | import { FontAwesomeIcon } from '@fortawesome/react-fontawesome';
     | ^^^^^^^^^^^^^^^^^^^^^^^^^^^^^^^^^^^^^^^^^^^^^^^^^^^^^^^^^^^^^^^^^
   8 | import {
   9 |   faBolt,
  10 |   faNetworkWired,

Import traces:
  Client Component Browser:
    ./app/page.tsx [Client Component Browser]
    ./app/page.tsx [Server Component]

  Client Component SSR:
    ./app/page.tsx [Client Component SSR]
    ./app/page.tsx [Server Component]

https://nextjs.org/docs/messages/module-not-found @ http://localhost:3000/_next/static/chunks/5f34d_next_dist_253e5923._.js:1920
[  524367ms] [ERROR] ./components/forms/rfq/RFQForm.tsx:5:1
Module not found: Can't resolve '@hookform/resolvers/zod'
  3 | import { useEffect, useRef } from 'react';
  4 | import { useForm } from 'react-hook-form';
> 5 | import { zodResolver } from '@hookform/resolvers/zod';
    | ^^^^^^^^^^^^^^^^^^^^^^^^^^^^^^^^^^^^^^^^^^^^^^^^^^^^^^
  6 | import { CheckCircle } from 'lucide-react';
  7 | import { rfqSchema, rfqPresetSchema, type RFQFormData, type RFQPresetFormData } from '@/lib/forms/schemas';
  8 | import { useFormSubmit } from '@/hooks/useFormSubmit';

Import traces:
  Client Component Browser:
    ./components/forms/rfq/RFQForm.tsx [Client Component Browser]
    ./app/page.tsx [Client Component Browser]
    ./app/page.tsx [Server Component]

  Client Component SSR:
    ./components/forms/rfq/RFQForm.tsx [Client Component SSR]
    ./app/page.tsx [Client Component SSR]
    ./app/page.tsx [Server Component]

https://nextjs.org/docs/messages/module-not-found @ http://localhost:3000/_next/static/chunks/5f34d_next_dist_253e5923._.js:1920
[  524367ms] [ERROR] ./lib/forms/schemas.ts:1:1
Module not found: Can't resolve 'zod'
> 1 | import { z } from 'zod';
    | ^^^^^^^^^^^^^^^^^^^^^^^^
  2 |
  3 | const baseFields = {
  4 |   firstName: z.string().min(1, 'First name is required'),

Import traces:
  Client Component Browser:
    ./lib/forms/schemas.ts [Client Component Browser]
    ./components/forms/rfq/RFQForm.tsx [Client Component Browser]
    ./app/page.tsx [Client Component Browser]
    ./app/page.tsx [Server Component]

  Client Component SSR:
    ./lib/forms/schemas.ts [Client Component SSR]
    ./components/forms/rfq/RFQForm.tsx [Client Component SSR]
    ./app/page.tsx [Client Component SSR]
    ./app/page.tsx [Server Component]

https://nextjs.org/docs/messages/module-not-found @ http://localhost:3000/_next/static/chunks/5f34d_next_dist_253e5923._.js:1920
[  524430ms] [ERROR] ./app/layout.tsx:3:1
Module not found: Can't resolve '@fortawesome/fontawesome-svg-core'
  1 | import type { Metadata } from "next";
  2 | import { Geist, Geist_Mono } from "next/font/google";
> 3 | import { config } from '@fortawesome/fontawesome-svg-core';
    | ^^^^^^^^^^^^^^^^^^^^^^^^^^^^^^^^^^^^^^^^^^^^^^^^^^^^^^^^^^^
  4 | import '@fortawesome/fontawesome-svg-core/styles.css';
  5 | import "./globals.css";
  6 | import { Header } from "@/components/layout/Header";

https://nextjs.org/docs/messages/module-not-found @ http://localhost:3000/_next/static/chunks/5f34d_next_dist_253e5923._.js:1920
[  524430ms] [ERROR] ./app/layout.tsx:4:1
Module not found: Can't resolve '@fortawesome/fontawesome-svg-core/styles.css'
  2 | import { Geist, Geist_Mono } from "next/font/google";
  3 | import { config } from '@fortawesome/fontawesome-svg-core';
> 4 | import '@fortawesome/fontawesome-svg-core/styles.css';
    | ^^^^^^^^^^^^^^^^^^^^^^^^^^^^^^^^^^^^^^^^^^^^^^^^^^^^^^
  5 | import "./globals.css";
  6 | import { Header } from "@/components/layout/Header";
  7 | import { Footer } from "@/components/layout/Footer";

https://nextjs.org/docs/messages/module-not-found @ http://localhost:3000/_next/static/chunks/5f34d_next_dist_253e5923._.js:1920
[  524430ms] [ERROR] ./app/page.tsx:8:1
Module not found: Can't resolve '@fortawesome/free-solid-svg-icons'
   6 | import { LogoScroller } from '@/components/home/LogoScroller';
   7 | import { FontAwesomeIcon } from '@fortawesome/react-fontawesome';
>  8 | import {
     | ^^^^^^^^
>  9 |   faBolt,
     | ^^^^^^^^^
> 10 |   faNetworkWired,
     | ^^^^^^^^^
> 11 |   faCode,
     | ^^^^^^^^^
> 12 |   faArrowRight,
     | ^^^^^^^^^
> 13 |   faCircleCheck,
     | ^^^^^^^^^
> 14 |   faChevronDown,
     | ^^^^^^^^^
> 15 | } from '@fortawesome/free-solid-svg-icons';
     | ^^^^^^^^^^^^^^^^^^^^^^^^^^^^^^^^^^^^^^^^^^^^
  16 | import { ImageWithFallback } from '@/components/shared/ImageWithFallback';
  17 | import { RFQForm } from '@/components/forms/rfq';
  18 |

Import traces:
  Client Component Browser:
    ./app/page.tsx [Client Component Browser]
    ./app/page.tsx [Server Component]

  Client Component SSR:
    ./app/page.tsx [Client Component SSR]
    ./app/page.tsx [Server Component]

https://nextjs.org/docs/messages/module-not-found @ http://localhost:3000/_next/static/chunks/5f34d_next_dist_253e5923._.js:1920
[  524430ms] [ERROR] ./app/page.tsx:7:1
Module not found: Can't resolve '@fortawesome/react-fontawesome'
   5 | import { HeroSlider } from '@/components/home/HeroSlider';
   6 | import { LogoScroller } from '@/components/home/LogoScroller';
>  7 | import { FontAwesomeIcon } from '@fortawesome/react-fontawesome';
     | ^^^^^^^^^^^^^^^^^^^^^^^^^^^^^^^^^^^^^^^^^^^^^^^^^^^^^^^^^^^^^^^^^
   8 | import {
   9 |   faBolt,
  10 |   faNetworkWired,

Import traces:
  Client Component Browser:
    ./app/page.tsx [Client Component Browser]
    ./app/page.tsx [Server Component]

  Client Component SSR:
    ./app/page.tsx [Client Component SSR]
    ./app/page.tsx [Server Component]

https://nextjs.org/docs/messages/module-not-found @ http://localhost:3000/_next/static/chunks/5f34d_next_dist_253e5923._.js:1920
[  524430ms] [ERROR] ./components/forms/rfq/RFQForm.tsx:5:1
Module not found: Can't resolve '@hookform/resolvers/zod'
  3 | import { useEffect, useRef } from 'react';
  4 | import { useForm } from 'react-hook-form';
> 5 | import { zodResolver } from '@hookform/resolvers/zod';
    | ^^^^^^^^^^^^^^^^^^^^^^^^^^^^^^^^^^^^^^^^^^^^^^^^^^^^^^
  6 | import { CheckCircle } from 'lucide-react';
  7 | import { rfqSchema, rfqPresetSchema, type RFQFormData, type RFQPresetFormData } from '@/lib/forms/schemas';
  8 | import { useFormSubmit } from '@/hooks/useFormSubmit';

Import traces:
  Client Component Browser:
    ./components/forms/rfq/RFQForm.tsx [Client Component Browser]
    ./app/page.tsx [Client Component Browser]
    ./app/page.tsx [Server Component]

  Client Component SSR:
    ./components/forms/rfq/RFQForm.tsx [Client Component SSR]
    ./app/page.tsx [Client Component SSR]
    ./app/page.tsx [Server Component]

https://nextjs.org/docs/messages/module-not-found @ http://localhost:3000/_next/static/chunks/5f34d_next_dist_253e5923._.js:1920
[  524430ms] [ERROR] ./lib/forms/schemas.ts:1:1
Module not found: Can't resolve 'zod'
> 1 | import { z } from 'zod';
    | ^^^^^^^^^^^^^^^^^^^^^^^^
  2 |
  3 | const baseFields = {
  4 |   firstName: z.string().min(1, 'First name is required'),

Import traces:
  Client Component Browser:
    ./lib/forms/schemas.ts [Client Component Browser]
    ./components/forms/rfq/RFQForm.tsx [Client Component Browser]
    ./app/page.tsx [Client Component Browser]
    ./app/page.tsx [Server Component]

  Client Component SSR:
    ./lib/forms/schemas.ts [Client Component SSR]
    ./components/forms/rfq/RFQForm.tsx [Client Component SSR]
    ./app/page.tsx [Client Component SSR]
    ./app/page.tsx [Server Component]

https://nextjs.org/docs/messages/module-not-found @ http://localhost:3000/_next/static/chunks/5f34d_next_dist_253e5923._.js:1920
[  524494ms] [ERROR] ./app/layout.tsx:3:1
Module not found: Can't resolve '@fortawesome/fontawesome-svg-core'
  1 | import type { Metadata } from "next";
  2 | import { Geist, Geist_Mono } from "next/font/google";
> 3 | import { config } from '@fortawesome/fontawesome-svg-core';
    | ^^^^^^^^^^^^^^^^^^^^^^^^^^^^^^^^^^^^^^^^^^^^^^^^^^^^^^^^^^^
  4 | import '@fortawesome/fontawesome-svg-core/styles.css';
  5 | import "./globals.css";
  6 | import { Header } from "@/components/layout/Header";

https://nextjs.org/docs/messages/module-not-found @ http://localhost:3000/_next/static/chunks/5f34d_next_dist_253e5923._.js:1920
[  524494ms] [ERROR] ./app/layout.tsx:4:1
Module not found: Can't resolve '@fortawesome/fontawesome-svg-core/styles.css'
  2 | import { Geist, Geist_Mono } from "next/font/google";
  3 | import { config } from '@fortawesome/fontawesome-svg-core';
> 4 | import '@fortawesome/fontawesome-svg-core/styles.css';
    | ^^^^^^^^^^^^^^^^^^^^^^^^^^^^^^^^^^^^^^^^^^^^^^^^^^^^^^
  5 | import "./globals.css";
  6 | import { Header } from "@/components/layout/Header";
  7 | import { Footer } from "@/components/layout/Footer";

https://nextjs.org/docs/messages/module-not-found @ http://localhost:3000/_next/static/chunks/5f34d_next_dist_253e5923._.js:1920
[  524494ms] [ERROR] ./app/page.tsx:8:1
Module not found: Can't resolve '@fortawesome/free-solid-svg-icons'
   6 | import { LogoScroller } from '@/components/home/LogoScroller';
   7 | import { FontAwesomeIcon } from '@fortawesome/react-fontawesome';
>  8 | import {
     | ^^^^^^^^
>  9 |   faBolt,
     | ^^^^^^^^^
> 10 |   faNetworkWired,
     | ^^^^^^^^^
> 11 |   faCode,
     | ^^^^^^^^^
> 12 |   faArrowRight,
     | ^^^^^^^^^
> 13 |   faCircleCheck,
     | ^^^^^^^^^
> 14 |   faChevronDown,
     | ^^^^^^^^^
> 15 | } from '@fortawesome/free-solid-svg-icons';
     | ^^^^^^^^^^^^^^^^^^^^^^^^^^^^^^^^^^^^^^^^^^^^
  16 | import { ImageWithFallback } from '@/components/shared/ImageWithFallback';
  17 | import { RFQForm } from '@/components/forms/rfq';
  18 |

Import traces:
  Client Component Browser:
    ./app/page.tsx [Client Component Browser]
    ./app/page.tsx [Server Component]

  Client Component SSR:
    ./app/page.tsx [Client Component SSR]
    ./app/page.tsx [Server Component]

https://nextjs.org/docs/messages/module-not-found @ http://localhost:3000/_next/static/chunks/5f34d_next_dist_253e5923._.js:1920
[  524494ms] [ERROR] ./app/page.tsx:7:1
Module not found: Can't resolve '@fortawesome/react-fontawesome'
   5 | import { HeroSlider } from '@/components/home/HeroSlider';
   6 | import { LogoScroller } from '@/components/home/LogoScroller';
>  7 | import { FontAwesomeIcon } from '@fortawesome/react-fontawesome';
     | ^^^^^^^^^^^^^^^^^^^^^^^^^^^^^^^^^^^^^^^^^^^^^^^^^^^^^^^^^^^^^^^^^
   8 | import {
   9 |   faBolt,
  10 |   faNetworkWired,

Import traces:
  Client Component Browser:
    ./app/page.tsx [Client Component Browser]
    ./app/page.tsx [Server Component]

  Client Component SSR:
    ./app/page.tsx [Client Component SSR]
    ./app/page.tsx [Server Component]

https://nextjs.org/docs/messages/module-not-found @ http://localhost:3000/_next/static/chunks/5f34d_next_dist_253e5923._.js:1920
[  524494ms] [ERROR] ./components/forms/rfq/RFQForm.tsx:5:1
Module not found: Can't resolve '@hookform/resolvers/zod'
  3 | import { useEffect, useRef } from 'react';
  4 | import { useForm } from 'react-hook-form';
> 5 | import { zodResolver } from '@hookform/resolvers/zod';
    | ^^^^^^^^^^^^^^^^^^^^^^^^^^^^^^^^^^^^^^^^^^^^^^^^^^^^^^
  6 | import { CheckCircle } from 'lucide-react';
  7 | import { rfqSchema, rfqPresetSchema, type RFQFormData, type RFQPresetFormData } from '@/lib/forms/schemas';
  8 | import { useFormSubmit } from '@/hooks/useFormSubmit';

Import traces:
  Client Component Browser:
    ./components/forms/rfq/RFQForm.tsx [Client Component Browser]
    ./app/page.tsx [Client Component Browser]
    ./app/page.tsx [Server Component]

  Client Component SSR:
    ./components/forms/rfq/RFQForm.tsx [Client Component SSR]
    ./app/page.tsx [Client Component SSR]
    ./app/page.tsx [Server Component]

https://nextjs.org/docs/messages/module-not-found @ http://localhost:3000/_next/static/chunks/5f34d_next_dist_253e5923._.js:1920
[  524494ms] [ERROR] ./lib/forms/schemas.ts:1:1
Module not found: Can't resolve 'zod'
> 1 | import { z } from 'zod';
    | ^^^^^^^^^^^^^^^^^^^^^^^^
  2 |
  3 | const baseFields = {
  4 |   firstName: z.string().min(1, 'First name is required'),

Import traces:
  Client Component Browser:
    ./lib/forms/schemas.ts [Client Component Browser]
    ./components/forms/rfq/RFQForm.tsx [Client Component Browser]
    ./app/page.tsx [Client Component Browser]
    ./app/page.tsx [Server Component]

  Client Component SSR:
    ./lib/forms/schemas.ts [Client Component SSR]
    ./components/forms/rfq/RFQForm.tsx [Client Component SSR]
    ./app/page.tsx [Client Component SSR]
    ./app/page.tsx [Server Component]

https://nextjs.org/docs/messages/module-not-found @ http://localhost:3000/_next/static/chunks/5f34d_next_dist_253e5923._.js:1920
[  524569ms] [ERROR] ./app/layout.tsx:3:1
Module not found: Can't resolve '@fortawesome/fontawesome-svg-core'
  1 | import type { Metadata } from "next";
  2 | import { Geist, Geist_Mono } from "next/font/google";
> 3 | import { config } from '@fortawesome/fontawesome-svg-core';
    | ^^^^^^^^^^^^^^^^^^^^^^^^^^^^^^^^^^^^^^^^^^^^^^^^^^^^^^^^^^^
  4 | import '@fortawesome/fontawesome-svg-core/styles.css';
  5 | import "./globals.css";
  6 | import { Header } from "@/components/layout/Header";

https://nextjs.org/docs/messages/module-not-found @ http://localhost:3000/_next/static/chunks/5f34d_next_dist_253e5923._.js:1920
[  524569ms] [ERROR] ./app/layout.tsx:4:1
Module not found: Can't resolve '@fortawesome/fontawesome-svg-core/styles.css'
  2 | import { Geist, Geist_Mono } from "next/font/google";
  3 | import { config } from '@fortawesome/fontawesome-svg-core';
> 4 | import '@fortawesome/fontawesome-svg-core/styles.css';
    | ^^^^^^^^^^^^^^^^^^^^^^^^^^^^^^^^^^^^^^^^^^^^^^^^^^^^^^
  5 | import "./globals.css";
  6 | import { Header } from "@/components/layout/Header";
  7 | import { Footer } from "@/components/layout/Footer";

https://nextjs.org/docs/messages/module-not-found @ http://localhost:3000/_next/static/chunks/5f34d_next_dist_253e5923._.js:1920
[  524569ms] [ERROR] ./app/page.tsx:8:1
Module not found: Can't resolve '@fortawesome/free-solid-svg-icons'
   6 | import { LogoScroller } from '@/components/home/LogoScroller';
   7 | import { FontAwesomeIcon } from '@fortawesome/react-fontawesome';
>  8 | import {
     | ^^^^^^^^
>  9 |   faBolt,
     | ^^^^^^^^^
> 10 |   faNetworkWired,
     | ^^^^^^^^^
> 11 |   faCode,
     | ^^^^^^^^^
> 12 |   faArrowRight,
     | ^^^^^^^^^
> 13 |   faCircleCheck,
     | ^^^^^^^^^
> 14 |   faChevronDown,
     | ^^^^^^^^^
> 15 | } from '@fortawesome/free-solid-svg-icons';
     | ^^^^^^^^^^^^^^^^^^^^^^^^^^^^^^^^^^^^^^^^^^^^
  16 | import { ImageWithFallback } from '@/components/shared/ImageWithFallback';
  17 | import { RFQForm } from '@/components/forms/rfq';
  18 |

Import traces:
  Client Component Browser:
    ./app/page.tsx [Client Component Browser]
    ./app/page.tsx [Server Component]

  Client Component SSR:
    ./app/page.tsx [Client Component SSR]
    ./app/page.tsx [Server Component]

https://nextjs.org/docs/messages/module-not-found @ http://localhost:3000/_next/static/chunks/5f34d_next_dist_253e5923._.js:1920
[  524569ms] [ERROR] ./app/page.tsx:7:1
Module not found: Can't resolve '@fortawesome/react-fontawesome'
   5 | import { HeroSlider } from '@/components/home/HeroSlider';
   6 | import { LogoScroller } from '@/components/home/LogoScroller';
>  7 | import { FontAwesomeIcon } from '@fortawesome/react-fontawesome';
     | ^^^^^^^^^^^^^^^^^^^^^^^^^^^^^^^^^^^^^^^^^^^^^^^^^^^^^^^^^^^^^^^^^
   8 | import {
   9 |   faBolt,
  10 |   faNetworkWired,

Import traces:
  Client Component Browser:
    ./app/page.tsx [Client Component Browser]
    ./app/page.tsx [Server Component]

  Client Component SSR:
    ./app/page.tsx [Client Component SSR]
    ./app/page.tsx [Server Component]

https://nextjs.org/docs/messages/module-not-found @ http://localhost:3000/_next/static/chunks/5f34d_next_dist_253e5923._.js:1920
[  524569ms] [ERROR] ./components/forms/rfq/RFQForm.tsx:5:1
Module not found: Can't resolve '@hookform/resolvers/zod'
  3 | import { useEffect, useRef } from 'react';
  4 | import { useForm } from 'react-hook-form';
> 5 | import { zodResolver } from '@hookform/resolvers/zod';
    | ^^^^^^^^^^^^^^^^^^^^^^^^^^^^^^^^^^^^^^^^^^^^^^^^^^^^^^
  6 | import { CheckCircle } from 'lucide-react';
  7 | import { rfqSchema, rfqPresetSchema, type RFQFormData, type RFQPresetFormData } from '@/lib/forms/schemas';
  8 | import { useFormSubmit } from '@/hooks/useFormSubmit';

Import traces:
  Client Component Browser:
    ./components/forms/rfq/RFQForm.tsx [Client Component Browser]
    ./app/page.tsx [Client Component Browser]
    ./app/page.tsx [Server Component]

  Client Component SSR:
    ./components/forms/rfq/RFQForm.tsx [Client Component SSR]
    ./app/page.tsx [Client Component SSR]
    ./app/page.tsx [Server Component]

https://nextjs.org/docs/messages/module-not-found @ http://localhost:3000/_next/static/chunks/5f34d_next_dist_253e5923._.js:1920
[  524569ms] [ERROR] ./lib/forms/schemas.ts:1:1
Module not found: Can't resolve 'zod'
> 1 | import { z } from 'zod';
    | ^^^^^^^^^^^^^^^^^^^^^^^^
  2 |
  3 | const baseFields = {
  4 |   firstName: z.string().min(1, 'First name is required'),

Import traces:
  Client Component Browser:
    ./lib/forms/schemas.ts [Client Component Browser]
    ./components/forms/rfq/RFQForm.tsx [Client Component Browser]
    ./app/page.tsx [Client Component Browser]
    ./app/page.tsx [Server Component]

  Client Component SSR:
    ./lib/forms/schemas.ts [Client Component SSR]
    ./components/forms/rfq/RFQForm.tsx [Client Component SSR]
    ./app/page.tsx [Client Component SSR]
    ./app/page.tsx [Server Component]

https://nextjs.org/docs/messages/module-not-found @ http://localhost:3000/_next/static/chunks/5f34d_next_dist_253e5923._.js:1920
[  524646ms] [ERROR] ./app/layout.tsx:3:1
Module not found: Can't resolve '@fortawesome/fontawesome-svg-core'
  1 | import type { Metadata } from "next";
  2 | import { Geist, Geist_Mono } from "next/font/google";
> 3 | import { config } from '@fortawesome/fontawesome-svg-core';
    | ^^^^^^^^^^^^^^^^^^^^^^^^^^^^^^^^^^^^^^^^^^^^^^^^^^^^^^^^^^^
  4 | import '@fortawesome/fontawesome-svg-core/styles.css';
  5 | import "./globals.css";
  6 | import { Header } from "@/components/layout/Header";

https://nextjs.org/docs/messages/module-not-found @ http://localhost:3000/_next/static/chunks/5f34d_next_dist_253e5923._.js:1920
[  524646ms] [ERROR] ./app/layout.tsx:4:1
Module not found: Can't resolve '@fortawesome/fontawesome-svg-core/styles.css'
  2 | import { Geist, Geist_Mono } from "next/font/google";
  3 | import { config } from '@fortawesome/fontawesome-svg-core';
> 4 | import '@fortawesome/fontawesome-svg-core/styles.css';
    | ^^^^^^^^^^^^^^^^^^^^^^^^^^^^^^^^^^^^^^^^^^^^^^^^^^^^^^
  5 | import "./globals.css";
  6 | import { Header } from "@/components/layout/Header";
  7 | import { Footer } from "@/components/layout/Footer";

https://nextjs.org/docs/messages/module-not-found @ http://localhost:3000/_next/static/chunks/5f34d_next_dist_253e5923._.js:1920
[  524647ms] [ERROR] ./app/page.tsx:8:1
Module not found: Can't resolve '@fortawesome/free-solid-svg-icons'
   6 | import { LogoScroller } from '@/components/home/LogoScroller';
   7 | import { FontAwesomeIcon } from '@fortawesome/react-fontawesome';
>  8 | import {
     | ^^^^^^^^
>  9 |   faBolt,
     | ^^^^^^^^^
> 10 |   faNetworkWired,
     | ^^^^^^^^^
> 11 |   faCode,
     | ^^^^^^^^^
> 12 |   faArrowRight,
     | ^^^^^^^^^
> 13 |   faCircleCheck,
     | ^^^^^^^^^
> 14 |   faChevronDown,
     | ^^^^^^^^^
> 15 | } from '@fortawesome/free-solid-svg-icons';
     | ^^^^^^^^^^^^^^^^^^^^^^^^^^^^^^^^^^^^^^^^^^^^
  16 | import { ImageWithFallback } from '@/components/shared/ImageWithFallback';
  17 | import { RFQForm } from '@/components/forms/rfq';
  18 |

Import traces:
  Client Component Browser:
    ./app/page.tsx [Client Component Browser]
    ./app/page.tsx [Server Component]

  Client Component SSR:
    ./app/page.tsx [Client Component SSR]
    ./app/page.tsx [Server Component]

https://nextjs.org/docs/messages/module-not-found @ http://localhost:3000/_next/static/chunks/5f34d_next_dist_253e5923._.js:1920
[  524647ms] [ERROR] ./app/page.tsx:7:1
Module not found: Can't resolve '@fortawesome/react-fontawesome'
   5 | import { HeroSlider } from '@/components/home/HeroSlider';
   6 | import { LogoScroller } from '@/components/home/LogoScroller';
>  7 | import { FontAwesomeIcon } from '@fortawesome/react-fontawesome';
     | ^^^^^^^^^^^^^^^^^^^^^^^^^^^^^^^^^^^^^^^^^^^^^^^^^^^^^^^^^^^^^^^^^
   8 | import {
   9 |   faBolt,
  10 |   faNetworkWired,

Import traces:
  Client Component Browser:
    ./app/page.tsx [Client Component Browser]
    ./app/page.tsx [Server Component]

  Client Component SSR:
    ./app/page.tsx [Client Component SSR]
    ./app/page.tsx [Server Component]

https://nextjs.org/docs/messages/module-not-found @ http://localhost:3000/_next/static/chunks/5f34d_next_dist_253e5923._.js:1920
[  524647ms] [ERROR] ./components/forms/rfq/RFQForm.tsx:5:1
Module not found: Can't resolve '@hookform/resolvers/zod'
  3 | import { useEffect, useRef } from 'react';
  4 | import { useForm } from 'react-hook-form';
> 5 | import { zodResolver } from '@hookform/resolvers/zod';
    | ^^^^^^^^^^^^^^^^^^^^^^^^^^^^^^^^^^^^^^^^^^^^^^^^^^^^^^
  6 | import { CheckCircle } from 'lucide-react';
  7 | import { rfqSchema, rfqPresetSchema, type RFQFormData, type RFQPresetFormData } from '@/lib/forms/schemas';
  8 | import { useFormSubmit } from '@/hooks/useFormSubmit';

Import traces:
  Client Component Browser:
    ./components/forms/rfq/RFQForm.tsx [Client Component Browser]
    ./app/page.tsx [Client Component Browser]
    ./app/page.tsx [Server Component]

  Client Component SSR:
    ./components/forms/rfq/RFQForm.tsx [Client Component SSR]
    ./app/page.tsx [Client Component SSR]
    ./app/page.tsx [Server Component]

https://nextjs.org/docs/messages/module-not-found @ http://localhost:3000/_next/static/chunks/5f34d_next_dist_253e5923._.js:1920
[  524647ms] [ERROR] ./lib/forms/schemas.ts:1:1
Module not found: Can't resolve 'zod'
> 1 | import { z } from 'zod';
    | ^^^^^^^^^^^^^^^^^^^^^^^^
  2 |
  3 | const baseFields = {
  4 |   firstName: z.string().min(1, 'First name is required'),

Import traces:
  Client Component Browser:
    ./lib/forms/schemas.ts [Client Component Browser]
    ./components/forms/rfq/RFQForm.tsx [Client Component Browser]
    ./app/page.tsx [Client Component Browser]
    ./app/page.tsx [Server Component]

  Client Component SSR:
    ./lib/forms/schemas.ts [Client Component SSR]
    ./components/forms/rfq/RFQForm.tsx [Client Component SSR]
    ./app/page.tsx [Client Component SSR]
    ./app/page.tsx [Server Component]

https://nextjs.org/docs/messages/module-not-found @ http://localhost:3000/_next/static/chunks/5f34d_next_dist_253e5923._.js:1920
[  524726ms] [ERROR] ./app/layout.tsx:3:1
Module not found: Can't resolve '@fortawesome/fontawesome-svg-core'
  1 | import type { Metadata } from "next";
  2 | import { Geist, Geist_Mono } from "next/font/google";
> 3 | import { config } from '@fortawesome/fontawesome-svg-core';
    | ^^^^^^^^^^^^^^^^^^^^^^^^^^^^^^^^^^^^^^^^^^^^^^^^^^^^^^^^^^^
  4 | import '@fortawesome/fontawesome-svg-core/styles.css';
  5 | import "./globals.css";
  6 | import { Header } from "@/components/layout/Header";

https://nextjs.org/docs/messages/module-not-found @ http://localhost:3000/_next/static/chunks/5f34d_next_dist_253e5923._.js:1920
[  524727ms] [ERROR] ./app/layout.tsx:4:1
Module not found: Can't resolve '@fortawesome/fontawesome-svg-core/styles.css'
  2 | import { Geist, Geist_Mono } from "next/font/google";
  3 | import { config } from '@fortawesome/fontawesome-svg-core';
> 4 | import '@fortawesome/fontawesome-svg-core/styles.css';
    | ^^^^^^^^^^^^^^^^^^^^^^^^^^^^^^^^^^^^^^^^^^^^^^^^^^^^^^
  5 | import "./globals.css";
  6 | import { Header } from "@/components/layout/Header";
  7 | import { Footer } from "@/components/layout/Footer";

https://nextjs.org/docs/messages/module-not-found @ http://localhost:3000/_next/static/chunks/5f34d_next_dist_253e5923._.js:1920
[  524727ms] [ERROR] ./app/page.tsx:8:1
Module not found: Can't resolve '@fortawesome/free-solid-svg-icons'
   6 | import { LogoScroller } from '@/components/home/LogoScroller';
   7 | import { FontAwesomeIcon } from '@fortawesome/react-fontawesome';
>  8 | import {
     | ^^^^^^^^
>  9 |   faBolt,
     | ^^^^^^^^^
> 10 |   faNetworkWired,
     | ^^^^^^^^^
> 11 |   faCode,
     | ^^^^^^^^^
> 12 |   faArrowRight,
     | ^^^^^^^^^
> 13 |   faCircleCheck,
     | ^^^^^^^^^
> 14 |   faChevronDown,
     | ^^^^^^^^^
> 15 | } from '@fortawesome/free-solid-svg-icons';
     | ^^^^^^^^^^^^^^^^^^^^^^^^^^^^^^^^^^^^^^^^^^^^
  16 | import { ImageWithFallback } from '@/components/shared/ImageWithFallback';
  17 | import { RFQForm } from '@/components/forms/rfq';
  18 |

Import traces:
  Client Component Browser:
    ./app/page.tsx [Client Component Browser]
    ./app/page.tsx [Server Component]

  Client Component SSR:
    ./app/page.tsx [Client Component SSR]
    ./app/page.tsx [Server Component]

https://nextjs.org/docs/messages/module-not-found @ http://localhost:3000/_next/static/chunks/5f34d_next_dist_253e5923._.js:1920
[  524727ms] [ERROR] ./app/page.tsx:7:1
Module not found: Can't resolve '@fortawesome/react-fontawesome'
   5 | import { HeroSlider } from '@/components/home/HeroSlider';
   6 | import { LogoScroller } from '@/components/home/LogoScroller';
>  7 | import { FontAwesomeIcon } from '@fortawesome/react-fontawesome';
     | ^^^^^^^^^^^^^^^^^^^^^^^^^^^^^^^^^^^^^^^^^^^^^^^^^^^^^^^^^^^^^^^^^
   8 | import {
   9 |   faBolt,
  10 |   faNetworkWired,

Import traces:
  Client Component Browser:
    ./app/page.tsx [Client Component Browser]
    ./app/page.tsx [Server Component]

  Client Component SSR:
    ./app/page.tsx [Client Component SSR]
    ./app/page.tsx [Server Component]

https://nextjs.org/docs/messages/module-not-found @ http://localhost:3000/_next/static/chunks/5f34d_next_dist_253e5923._.js:1920
[  524727ms] [ERROR] ./components/forms/rfq/RFQForm.tsx:5:1
Module not found: Can't resolve '@hookform/resolvers/zod'
  3 | import { useEffect, useRef } from 'react';
  4 | import { useForm } from 'react-hook-form';
> 5 | import { zodResolver } from '@hookform/resolvers/zod';
    | ^^^^^^^^^^^^^^^^^^^^^^^^^^^^^^^^^^^^^^^^^^^^^^^^^^^^^^
  6 | import { CheckCircle } from 'lucide-react';
  7 | import { rfqSchema, rfqPresetSchema, type RFQFormData, type RFQPresetFormData } from '@/lib/forms/schemas';
  8 | import { useFormSubmit } from '@/hooks/useFormSubmit';

Import traces:
  Client Component Browser:
    ./components/forms/rfq/RFQForm.tsx [Client Component Browser]
    ./app/page.tsx [Client Component Browser]
    ./app/page.tsx [Server Component]

  Client Component SSR:
    ./components/forms/rfq/RFQForm.tsx [Client Component SSR]
    ./app/page.tsx [Client Component SSR]
    ./app/page.tsx [Server Component]

https://nextjs.org/docs/messages/module-not-found @ http://localhost:3000/_next/static/chunks/5f34d_next_dist_253e5923._.js:1920
[  524727ms] [ERROR] ./lib/forms/schemas.ts:1:1
Module not found: Can't resolve 'zod'
> 1 | import { z } from 'zod';
    | ^^^^^^^^^^^^^^^^^^^^^^^^
  2 |
  3 | const baseFields = {
  4 |   firstName: z.string().min(1, 'First name is required'),

Import traces:
  Client Component Browser:
    ./lib/forms/schemas.ts [Client Component Browser]
    ./components/forms/rfq/RFQForm.tsx [Client Component Browser]
    ./app/page.tsx [Client Component Browser]
    ./app/page.tsx [Server Component]

  Client Component SSR:
    ./lib/forms/schemas.ts [Client Component SSR]
    ./components/forms/rfq/RFQForm.tsx [Client Component SSR]
    ./app/page.tsx [Client Component SSR]
    ./app/page.tsx [Server Component]

https://nextjs.org/docs/messages/module-not-found @ http://localhost:3000/_next/static/chunks/5f34d_next_dist_253e5923._.js:1920
[  524801ms] [ERROR] ./app/layout.tsx:3:1
Module not found: Can't resolve '@fortawesome/fontawesome-svg-core'
  1 | import type { Metadata } from "next";
  2 | import { Geist, Geist_Mono } from "next/font/google";
> 3 | import { config } from '@fortawesome/fontawesome-svg-core';
    | ^^^^^^^^^^^^^^^^^^^^^^^^^^^^^^^^^^^^^^^^^^^^^^^^^^^^^^^^^^^
  4 | import '@fortawesome/fontawesome-svg-core/styles.css';
  5 | import "./globals.css";
  6 | import { Header } from "@/components/layout/Header";

https://nextjs.org/docs/messages/module-not-found @ http://localhost:3000/_next/static/chunks/5f34d_next_dist_253e5923._.js:1920
[  524801ms] [ERROR] ./app/layout.tsx:4:1
Module not found: Can't resolve '@fortawesome/fontawesome-svg-core/styles.css'
  2 | import { Geist, Geist_Mono } from "next/font/google";
  3 | import { config } from '@fortawesome/fontawesome-svg-core';
> 4 | import '@fortawesome/fontawesome-svg-core/styles.css';
    | ^^^^^^^^^^^^^^^^^^^^^^^^^^^^^^^^^^^^^^^^^^^^^^^^^^^^^^
  5 | import "./globals.css";
  6 | import { Header } from "@/components/layout/Header";
  7 | import { Footer } from "@/components/layout/Footer";

https://nextjs.org/docs/messages/module-not-found @ http://localhost:3000/_next/static/chunks/5f34d_next_dist_253e5923._.js:1920
[  524801ms] [ERROR] ./app/page.tsx:8:1
Module not found: Can't resolve '@fortawesome/free-solid-svg-icons'
   6 | import { LogoScroller } from '@/components/home/LogoScroller';
   7 | import { FontAwesomeIcon } from '@fortawesome/react-fontawesome';
>  8 | import {
     | ^^^^^^^^
>  9 |   faBolt,
     | ^^^^^^^^^
> 10 |   faNetworkWired,
     | ^^^^^^^^^
> 11 |   faCode,
     | ^^^^^^^^^
> 12 |   faArrowRight,
     | ^^^^^^^^^
> 13 |   faCircleCheck,
     | ^^^^^^^^^
> 14 |   faChevronDown,
     | ^^^^^^^^^
> 15 | } from '@fortawesome/free-solid-svg-icons';
     | ^^^^^^^^^^^^^^^^^^^^^^^^^^^^^^^^^^^^^^^^^^^^
  16 | import { ImageWithFallback } from '@/components/shared/ImageWithFallback';
  17 | import { RFQForm } from '@/components/forms/rfq';
  18 |

Import traces:
  Client Component Browser:
    ./app/page.tsx [Client Component Browser]
    ./app/page.tsx [Server Component]

  Client Component SSR:
    ./app/page.tsx [Client Component SSR]
    ./app/page.tsx [Server Component]

https://nextjs.org/docs/messages/module-not-found @ http://localhost:3000/_next/static/chunks/5f34d_next_dist_253e5923._.js:1920
[  524801ms] [ERROR] ./app/page.tsx:7:1
Module not found: Can't resolve '@fortawesome/react-fontawesome'
   5 | import { HeroSlider } from '@/components/home/HeroSlider';
   6 | import { LogoScroller } from '@/components/home/LogoScroller';
>  7 | import { FontAwesomeIcon } from '@fortawesome/react-fontawesome';
     | ^^^^^^^^^^^^^^^^^^^^^^^^^^^^^^^^^^^^^^^^^^^^^^^^^^^^^^^^^^^^^^^^^
   8 | import {
   9 |   faBolt,
  10 |   faNetworkWired,

Import traces:
  Client Component Browser:
    ./app/page.tsx [Client Component Browser]
    ./app/page.tsx [Server Component]

  Client Component SSR:
    ./app/page.tsx [Client Component SSR]
    ./app/page.tsx [Server Component]

https://nextjs.org/docs/messages/module-not-found @ http://localhost:3000/_next/static/chunks/5f34d_next_dist_253e5923._.js:1920
[  524801ms] [ERROR] ./components/forms/rfq/RFQForm.tsx:5:1
Module not found: Can't resolve '@hookform/resolvers/zod'
  3 | import { useEffect, useRef } from 'react';
  4 | import { useForm } from 'react-hook-form';
> 5 | import { zodResolver } from '@hookform/resolvers/zod';
    | ^^^^^^^^^^^^^^^^^^^^^^^^^^^^^^^^^^^^^^^^^^^^^^^^^^^^^^
  6 | import { CheckCircle } from 'lucide-react';
  7 | import { rfqSchema, rfqPresetSchema, type RFQFormData, type RFQPresetFormData } from '@/lib/forms/schemas';
  8 | import { useFormSubmit } from '@/hooks/useFormSubmit';

Import traces:
  Client Component Browser:
    ./components/forms/rfq/RFQForm.tsx [Client Component Browser]
    ./app/page.tsx [Client Component Browser]
    ./app/page.tsx [Server Component]

  Client Component SSR:
    ./components/forms/rfq/RFQForm.tsx [Client Component SSR]
    ./app/page.tsx [Client Component SSR]
    ./app/page.tsx [Server Component]

https://nextjs.org/docs/messages/module-not-found @ http://localhost:3000/_next/static/chunks/5f34d_next_dist_253e5923._.js:1920
[  524801ms] [ERROR] ./lib/forms/schemas.ts:1:1
Module not found: Can't resolve 'zod'
> 1 | import { z } from 'zod';
    | ^^^^^^^^^^^^^^^^^^^^^^^^
  2 |
  3 | const baseFields = {
  4 |   firstName: z.string().min(1, 'First name is required'),

Import traces:
  Client Component Browser:
    ./lib/forms/schemas.ts [Client Component Browser]
    ./components/forms/rfq/RFQForm.tsx [Client Component Browser]
    ./app/page.tsx [Client Component Browser]
    ./app/page.tsx [Server Component]

  Client Component SSR:
    ./lib/forms/schemas.ts [Client Component SSR]
    ./components/forms/rfq/RFQForm.tsx [Client Component SSR]
    ./app/page.tsx [Client Component SSR]
    ./app/page.tsx [Server Component]

https://nextjs.org/docs/messages/module-not-found @ http://localhost:3000/_next/static/chunks/5f34d_next_dist_253e5923._.js:1920
[  524863ms] [ERROR] ./app/layout.tsx:3:1
Module not found: Can't resolve '@fortawesome/fontawesome-svg-core'
  1 | import type { Metadata } from "next";
  2 | import { Geist, Geist_Mono } from "next/font/google";
> 3 | import { config } from '@fortawesome/fontawesome-svg-core';
    | ^^^^^^^^^^^^^^^^^^^^^^^^^^^^^^^^^^^^^^^^^^^^^^^^^^^^^^^^^^^
  4 | import '@fortawesome/fontawesome-svg-core/styles.css';
  5 | import "./globals.css";
  6 | import { Header } from "@/components/layout/Header";

https://nextjs.org/docs/messages/module-not-found @ http://localhost:3000/_next/static/chunks/5f34d_next_dist_253e5923._.js:1920
[  524863ms] [ERROR] ./app/layout.tsx:4:1
Module not found: Can't resolve '@fortawesome/fontawesome-svg-core/styles.css'
  2 | import { Geist, Geist_Mono } from "next/font/google";
  3 | import { config } from '@fortawesome/fontawesome-svg-core';
> 4 | import '@fortawesome/fontawesome-svg-core/styles.css';
    | ^^^^^^^^^^^^^^^^^^^^^^^^^^^^^^^^^^^^^^^^^^^^^^^^^^^^^^
  5 | import "./globals.css";
  6 | import { Header } from "@/components/layout/Header";
  7 | import { Footer } from "@/components/layout/Footer";

https://nextjs.org/docs/messages/module-not-found @ http://localhost:3000/_next/static/chunks/5f34d_next_dist_253e5923._.js:1920
[  524864ms] [ERROR] ./app/page.tsx:8:1
Module not found: Can't resolve '@fortawesome/free-solid-svg-icons'
   6 | import { LogoScroller } from '@/components/home/LogoScroller';
   7 | import { FontAwesomeIcon } from '@fortawesome/react-fontawesome';
>  8 | import {
     | ^^^^^^^^
>  9 |   faBolt,
     | ^^^^^^^^^
> 10 |   faNetworkWired,
     | ^^^^^^^^^
> 11 |   faCode,
     | ^^^^^^^^^
> 12 |   faArrowRight,
     | ^^^^^^^^^
> 13 |   faCircleCheck,
     | ^^^^^^^^^
> 14 |   faChevronDown,
     | ^^^^^^^^^
> 15 | } from '@fortawesome/free-solid-svg-icons';
     | ^^^^^^^^^^^^^^^^^^^^^^^^^^^^^^^^^^^^^^^^^^^^
  16 | import { ImageWithFallback } from '@/components/shared/ImageWithFallback';
  17 | import { RFQForm } from '@/components/forms/rfq';
  18 |

Import traces:
  Client Component Browser:
    ./app/page.tsx [Client Component Browser]
    ./app/page.tsx [Server Component]

  Client Component SSR:
    ./app/page.tsx [Client Component SSR]
    ./app/page.tsx [Server Component]

https://nextjs.org/docs/messages/module-not-found @ http://localhost:3000/_next/static/chunks/5f34d_next_dist_253e5923._.js:1920
[  524864ms] [ERROR] ./app/page.tsx:7:1
Module not found: Can't resolve '@fortawesome/react-fontawesome'
   5 | import { HeroSlider } from '@/components/home/HeroSlider';
   6 | import { LogoScroller } from '@/components/home/LogoScroller';
>  7 | import { FontAwesomeIcon } from '@fortawesome/react-fontawesome';
     | ^^^^^^^^^^^^^^^^^^^^^^^^^^^^^^^^^^^^^^^^^^^^^^^^^^^^^^^^^^^^^^^^^
   8 | import {
   9 |   faBolt,
  10 |   faNetworkWired,

Import traces:
  Client Component Browser:
    ./app/page.tsx [Client Component Browser]
    ./app/page.tsx [Server Component]

  Client Component SSR:
    ./app/page.tsx [Client Component SSR]
    ./app/page.tsx [Server Component]

https://nextjs.org/docs/messages/module-not-found @ http://localhost:3000/_next/static/chunks/5f34d_next_dist_253e5923._.js:1920
[  524864ms] [ERROR] ./components/forms/rfq/RFQForm.tsx:5:1
Module not found: Can't resolve '@hookform/resolvers/zod'
  3 | import { useEffect, useRef } from 'react';
  4 | import { useForm } from 'react-hook-form';
> 5 | import { zodResolver } from '@hookform/resolvers/zod';
    | ^^^^^^^^^^^^^^^^^^^^^^^^^^^^^^^^^^^^^^^^^^^^^^^^^^^^^^
  6 | import { CheckCircle } from 'lucide-react';
  7 | import { rfqSchema, rfqPresetSchema, type RFQFormData, type RFQPresetFormData } from '@/lib/forms/schemas';
  8 | import { useFormSubmit } from '@/hooks/useFormSubmit';

Import traces:
  Client Component Browser:
    ./components/forms/rfq/RFQForm.tsx [Client Component Browser]
    ./app/page.tsx [Client Component Browser]
    ./app/page.tsx [Server Component]

  Client Component SSR:
    ./components/forms/rfq/RFQForm.tsx [Client Component SSR]
    ./app/page.tsx [Client Component SSR]
    ./app/page.tsx [Server Component]

https://nextjs.org/docs/messages/module-not-found @ http://localhost:3000/_next/static/chunks/5f34d_next_dist_253e5923._.js:1920
[  524864ms] [ERROR] ./lib/forms/schemas.ts:1:1
Module not found: Can't resolve 'zod'
> 1 | import { z } from 'zod';
    | ^^^^^^^^^^^^^^^^^^^^^^^^
  2 |
  3 | const baseFields = {
  4 |   firstName: z.string().min(1, 'First name is required'),

Import traces:
  Client Component Browser:
    ./lib/forms/schemas.ts [Client Component Browser]
    ./components/forms/rfq/RFQForm.tsx [Client Component Browser]
    ./app/page.tsx [Client Component Browser]
    ./app/page.tsx [Server Component]

  Client Component SSR:
    ./lib/forms/schemas.ts [Client Component SSR]
    ./components/forms/rfq/RFQForm.tsx [Client Component SSR]
    ./app/page.tsx [Client Component SSR]
    ./app/page.tsx [Server Component]

https://nextjs.org/docs/messages/module-not-found @ http://localhost:3000/_next/static/chunks/5f34d_next_dist_253e5923._.js:1920
[  524942ms] [ERROR] ./app/layout.tsx:3:1
Module not found: Can't resolve '@fortawesome/fontawesome-svg-core'
  1 | import type { Metadata } from "next";
  2 | import { Geist, Geist_Mono } from "next/font/google";
> 3 | import { config } from '@fortawesome/fontawesome-svg-core';
    | ^^^^^^^^^^^^^^^^^^^^^^^^^^^^^^^^^^^^^^^^^^^^^^^^^^^^^^^^^^^
  4 | import '@fortawesome/fontawesome-svg-core/styles.css';
  5 | import "./globals.css";
  6 | import { Header } from "@/components/layout/Header";

https://nextjs.org/docs/messages/module-not-found @ http://localhost:3000/_next/static/chunks/5f34d_next_dist_253e5923._.js:1920
[  524943ms] [ERROR] ./app/layout.tsx:4:1
Module not found: Can't resolve '@fortawesome/fontawesome-svg-core/styles.css'
  2 | import { Geist, Geist_Mono } from "next/font/google";
  3 | import { config } from '@fortawesome/fontawesome-svg-core';
> 4 | import '@fortawesome/fontawesome-svg-core/styles.css';
    | ^^^^^^^^^^^^^^^^^^^^^^^^^^^^^^^^^^^^^^^^^^^^^^^^^^^^^^
  5 | import "./globals.css";
  6 | import { Header } from "@/components/layout/Header";
  7 | import { Footer } from "@/components/layout/Footer";

https://nextjs.org/docs/messages/module-not-found @ http://localhost:3000/_next/static/chunks/5f34d_next_dist_253e5923._.js:1920
[  524944ms] [ERROR] ./app/page.tsx:8:1
Module not found: Can't resolve '@fortawesome/free-solid-svg-icons'
   6 | import { LogoScroller } from '@/components/home/LogoScroller';
   7 | import { FontAwesomeIcon } from '@fortawesome/react-fontawesome';
>  8 | import {
     | ^^^^^^^^
>  9 |   faBolt,
     | ^^^^^^^^^
> 10 |   faNetworkWired,
     | ^^^^^^^^^
> 11 |   faCode,
     | ^^^^^^^^^
> 12 |   faArrowRight,
     | ^^^^^^^^^
> 13 |   faCircleCheck,
     | ^^^^^^^^^
> 14 |   faChevronDown,
     | ^^^^^^^^^
> 15 | } from '@fortawesome/free-solid-svg-icons';
     | ^^^^^^^^^^^^^^^^^^^^^^^^^^^^^^^^^^^^^^^^^^^^
  16 | import { ImageWithFallback } from '@/components/shared/ImageWithFallback';
  17 | import { RFQForm } from '@/components/forms/rfq';
  18 |

Import traces:
  Client Component Browser:
    ./app/page.tsx [Client Component Browser]
    ./app/page.tsx [Server Component]

  Client Component SSR:
    ./app/page.tsx [Client Component SSR]
    ./app/page.tsx [Server Component]

https://nextjs.org/docs/messages/module-not-found @ http://localhost:3000/_next/static/chunks/5f34d_next_dist_253e5923._.js:1920
[  524944ms] [ERROR] ./app/page.tsx:7:1
Module not found: Can't resolve '@fortawesome/react-fontawesome'
   5 | import { HeroSlider } from '@/components/home/HeroSlider';
   6 | import { LogoScroller } from '@/components/home/LogoScroller';
>  7 | import { FontAwesomeIcon } from '@fortawesome/react-fontawesome';
     | ^^^^^^^^^^^^^^^^^^^^^^^^^^^^^^^^^^^^^^^^^^^^^^^^^^^^^^^^^^^^^^^^^
   8 | import {
   9 |   faBolt,
  10 |   faNetworkWired,

Import traces:
  Client Component Browser:
    ./app/page.tsx [Client Component Browser]
    ./app/page.tsx [Server Component]

  Client Component SSR:
    ./app/page.tsx [Client Component SSR]
    ./app/page.tsx [Server Component]

https://nextjs.org/docs/messages/module-not-found @ http://localhost:3000/_next/static/chunks/5f34d_next_dist_253e5923._.js:1920
[  524945ms] [ERROR] ./components/forms/rfq/RFQForm.tsx:5:1
Module not found: Can't resolve '@hookform/resolvers/zod'
  3 | import { useEffect, useRef } from 'react';
  4 | import { useForm } from 'react-hook-form';
> 5 | import { zodResolver } from '@hookform/resolvers/zod';
    | ^^^^^^^^^^^^^^^^^^^^^^^^^^^^^^^^^^^^^^^^^^^^^^^^^^^^^^
  6 | import { CheckCircle } from 'lucide-react';
  7 | import { rfqSchema, rfqPresetSchema, type RFQFormData, type RFQPresetFormData } from '@/lib/forms/schemas';
  8 | import { useFormSubmit } from '@/hooks/useFormSubmit';

Import traces:
  Client Component Browser:
    ./components/forms/rfq/RFQForm.tsx [Client Component Browser]
    ./app/page.tsx [Client Component Browser]
    ./app/page.tsx [Server Component]

  Client Component SSR:
    ./components/forms/rfq/RFQForm.tsx [Client Component SSR]
    ./app/page.tsx [Client Component SSR]
    ./app/page.tsx [Server Component]

https://nextjs.org/docs/messages/module-not-found @ http://localhost:3000/_next/static/chunks/5f34d_next_dist_253e5923._.js:1920
[  524945ms] [ERROR] ./lib/forms/schemas.ts:1:1
Module not found: Can't resolve 'zod'
> 1 | import { z } from 'zod';
    | ^^^^^^^^^^^^^^^^^^^^^^^^
  2 |
  3 | const baseFields = {
  4 |   firstName: z.string().min(1, 'First name is required'),

Import traces:
  Client Component Browser:
    ./lib/forms/schemas.ts [Client Component Browser]
    ./components/forms/rfq/RFQForm.tsx [Client Component Browser]
    ./app/page.tsx [Client Component Browser]
    ./app/page.tsx [Server Component]

  Client Component SSR:
    ./lib/forms/schemas.ts [Client Component SSR]
    ./components/forms/rfq/RFQForm.tsx [Client Component SSR]
    ./app/page.tsx [Client Component SSR]
    ./app/page.tsx [Server Component]

https://nextjs.org/docs/messages/module-not-found @ http://localhost:3000/_next/static/chunks/5f34d_next_dist_253e5923._.js:1920
[  525018ms] [ERROR] ./app/layout.tsx:3:1
Module not found: Can't resolve '@fortawesome/fontawesome-svg-core'
  1 | import type { Metadata } from "next";
  2 | import { Geist, Geist_Mono } from "next/font/google";
> 3 | import { config } from '@fortawesome/fontawesome-svg-core';
    | ^^^^^^^^^^^^^^^^^^^^^^^^^^^^^^^^^^^^^^^^^^^^^^^^^^^^^^^^^^^
  4 | import '@fortawesome/fontawesome-svg-core/styles.css';
  5 | import "./globals.css";
  6 | import { Header } from "@/components/layout/Header";

https://nextjs.org/docs/messages/module-not-found @ http://localhost:3000/_next/static/chunks/5f34d_next_dist_253e5923._.js:1920
[  525018ms] [ERROR] ./app/layout.tsx:4:1
Module not found: Can't resolve '@fortawesome/fontawesome-svg-core/styles.css'
  2 | import { Geist, Geist_Mono } from "next/font/google";
  3 | import { config } from '@fortawesome/fontawesome-svg-core';
> 4 | import '@fortawesome/fontawesome-svg-core/styles.css';
    | ^^^^^^^^^^^^^^^^^^^^^^^^^^^^^^^^^^^^^^^^^^^^^^^^^^^^^^
  5 | import "./globals.css";
  6 | import { Header } from "@/components/layout/Header";
  7 | import { Footer } from "@/components/layout/Footer";

https://nextjs.org/docs/messages/module-not-found @ http://localhost:3000/_next/static/chunks/5f34d_next_dist_253e5923._.js:1920
[  525018ms] [ERROR] ./app/page.tsx:8:1
Module not found: Can't resolve '@fortawesome/free-solid-svg-icons'
   6 | import { LogoScroller } from '@/components/home/LogoScroller';
   7 | import { FontAwesomeIcon } from '@fortawesome/react-fontawesome';
>  8 | import {
     | ^^^^^^^^
>  9 |   faBolt,
     | ^^^^^^^^^
> 10 |   faNetworkWired,
     | ^^^^^^^^^
> 11 |   faCode,
     | ^^^^^^^^^
> 12 |   faArrowRight,
     | ^^^^^^^^^
> 13 |   faCircleCheck,
     | ^^^^^^^^^
> 14 |   faChevronDown,
     | ^^^^^^^^^
> 15 | } from '@fortawesome/free-solid-svg-icons';
     | ^^^^^^^^^^^^^^^^^^^^^^^^^^^^^^^^^^^^^^^^^^^^
  16 | import { ImageWithFallback } from '@/components/shared/ImageWithFallback';
  17 | import { RFQForm } from '@/components/forms/rfq';
  18 |

Import traces:
  Client Component Browser:
    ./app/page.tsx [Client Component Browser]
    ./app/page.tsx [Server Component]

  Client Component SSR:
    ./app/page.tsx [Client Component SSR]
    ./app/page.tsx [Server Component]

https://nextjs.org/docs/messages/module-not-found @ http://localhost:3000/_next/static/chunks/5f34d_next_dist_253e5923._.js:1920
[  525018ms] [ERROR] ./app/page.tsx:7:1
Module not found: Can't resolve '@fortawesome/react-fontawesome'
   5 | import { HeroSlider } from '@/components/home/HeroSlider';
   6 | import { LogoScroller } from '@/components/home/LogoScroller';
>  7 | import { FontAwesomeIcon } from '@fortawesome/react-fontawesome';
     | ^^^^^^^^^^^^^^^^^^^^^^^^^^^^^^^^^^^^^^^^^^^^^^^^^^^^^^^^^^^^^^^^^
   8 | import {
   9 |   faBolt,
  10 |   faNetworkWired,

Import traces:
  Client Component Browser:
    ./app/page.tsx [Client Component Browser]
    ./app/page.tsx [Server Component]

  Client Component SSR:
    ./app/page.tsx [Client Component SSR]
    ./app/page.tsx [Server Component]

https://nextjs.org/docs/messages/module-not-found @ http://localhost:3000/_next/static/chunks/5f34d_next_dist_253e5923._.js:1920
[  525018ms] [ERROR] ./components/forms/rfq/RFQForm.tsx:5:1
Module not found: Can't resolve '@hookform/resolvers/zod'
  3 | import { useEffect, useRef } from 'react';
  4 | import { useForm } from 'react-hook-form';
> 5 | import { zodResolver } from '@hookform/resolvers/zod';
    | ^^^^^^^^^^^^^^^^^^^^^^^^^^^^^^^^^^^^^^^^^^^^^^^^^^^^^^
  6 | import { CheckCircle } from 'lucide-react';
  7 | import { rfqSchema, rfqPresetSchema, type RFQFormData, type RFQPresetFormData } from '@/lib/forms/schemas';
  8 | import { useFormSubmit } from '@/hooks/useFormSubmit';

Import traces:
  Client Component Browser:
    ./components/forms/rfq/RFQForm.tsx [Client Component Browser]
    ./app/page.tsx [Client Component Browser]
    ./app/page.tsx [Server Component]

  Client Component SSR:
    ./components/forms/rfq/RFQForm.tsx [Client Component SSR]
    ./app/page.tsx [Client Component SSR]
    ./app/page.tsx [Server Component]

https://nextjs.org/docs/messages/module-not-found @ http://localhost:3000/_next/static/chunks/5f34d_next_dist_253e5923._.js:1920
[  525018ms] [ERROR] ./lib/forms/schemas.ts:1:1
Module not found: Can't resolve 'zod'
> 1 | import { z } from 'zod';
    | ^^^^^^^^^^^^^^^^^^^^^^^^
  2 |
  3 | const baseFields = {
  4 |   firstName: z.string().min(1, 'First name is required'),

Import traces:
  Client Component Browser:
    ./lib/forms/schemas.ts [Client Component Browser]
    ./components/forms/rfq/RFQForm.tsx [Client Component Browser]
    ./app/page.tsx [Client Component Browser]
    ./app/page.tsx [Server Component]

  Client Component SSR:
    ./lib/forms/schemas.ts [Client Component SSR]
    ./components/forms/rfq/RFQForm.tsx [Client Component SSR]
    ./app/page.tsx [Client Component SSR]
    ./app/page.tsx [Server Component]

https://nextjs.org/docs/messages/module-not-found @ http://localhost:3000/_next/static/chunks/5f34d_next_dist_253e5923._.js:1920
[  525100ms] [ERROR] ./app/layout.tsx:3:1
Module not found: Can't resolve '@fortawesome/fontawesome-svg-core'
  1 | import type { Metadata } from "next";
  2 | import { Geist, Geist_Mono } from "next/font/google";
> 3 | import { config } from '@fortawesome/fontawesome-svg-core';
    | ^^^^^^^^^^^^^^^^^^^^^^^^^^^^^^^^^^^^^^^^^^^^^^^^^^^^^^^^^^^
  4 | import '@fortawesome/fontawesome-svg-core/styles.css';
  5 | import "./globals.css";
  6 | import { Header } from "@/components/layout/Header";

https://nextjs.org/docs/messages/module-not-found @ http://localhost:3000/_next/static/chunks/5f34d_next_dist_253e5923._.js:1920
[  525100ms] [ERROR] ./app/layout.tsx:4:1
Module not found: Can't resolve '@fortawesome/fontawesome-svg-core/styles.css'
  2 | import { Geist, Geist_Mono } from "next/font/google";
  3 | import { config } from '@fortawesome/fontawesome-svg-core';
> 4 | import '@fortawesome/fontawesome-svg-core/styles.css';
    | ^^^^^^^^^^^^^^^^^^^^^^^^^^^^^^^^^^^^^^^^^^^^^^^^^^^^^^
  5 | import "./globals.css";
  6 | import { Header } from "@/components/layout/Header";
  7 | import { Footer } from "@/components/layout/Footer";

https://nextjs.org/docs/messages/module-not-found @ http://localhost:3000/_next/static/chunks/5f34d_next_dist_253e5923._.js:1920
[  525100ms] [ERROR] ./app/page.tsx:8:1
Module not found: Can't resolve '@fortawesome/free-solid-svg-icons'
   6 | import { LogoScroller } from '@/components/home/LogoScroller';
   7 | import { FontAwesomeIcon } from '@fortawesome/react-fontawesome';
>  8 | import {
     | ^^^^^^^^
>  9 |   faBolt,
     | ^^^^^^^^^
> 10 |   faNetworkWired,
     | ^^^^^^^^^
> 11 |   faCode,
     | ^^^^^^^^^
> 12 |   faArrowRight,
     | ^^^^^^^^^
> 13 |   faCircleCheck,
     | ^^^^^^^^^
> 14 |   faChevronDown,
     | ^^^^^^^^^
> 15 | } from '@fortawesome/free-solid-svg-icons';
     | ^^^^^^^^^^^^^^^^^^^^^^^^^^^^^^^^^^^^^^^^^^^^
  16 | import { ImageWithFallback } from '@/components/shared/ImageWithFallback';
  17 | import { RFQForm } from '@/components/forms/rfq';
  18 |

Import traces:
  Client Component Browser:
    ./app/page.tsx [Client Component Browser]
    ./app/page.tsx [Server Component]

  Client Component SSR:
    ./app/page.tsx [Client Component SSR]
    ./app/page.tsx [Server Component]

https://nextjs.org/docs/messages/module-not-found @ http://localhost:3000/_next/static/chunks/5f34d_next_dist_253e5923._.js:1920
[  525100ms] [ERROR] ./app/page.tsx:7:1
Module not found: Can't resolve '@fortawesome/react-fontawesome'
   5 | import { HeroSlider } from '@/components/home/HeroSlider';
   6 | import { LogoScroller } from '@/components/home/LogoScroller';
>  7 | import { FontAwesomeIcon } from '@fortawesome/react-fontawesome';
     | ^^^^^^^^^^^^^^^^^^^^^^^^^^^^^^^^^^^^^^^^^^^^^^^^^^^^^^^^^^^^^^^^^
   8 | import {
   9 |   faBolt,
  10 |   faNetworkWired,

Import traces:
  Client Component Browser:
    ./app/page.tsx [Client Component Browser]
    ./app/page.tsx [Server Component]

  Client Component SSR:
    ./app/page.tsx [Client Component SSR]
    ./app/page.tsx [Server Component]

https://nextjs.org/docs/messages/module-not-found @ http://localhost:3000/_next/static/chunks/5f34d_next_dist_253e5923._.js:1920
[  525100ms] [ERROR] ./components/forms/rfq/RFQForm.tsx:5:1
Module not found: Can't resolve '@hookform/resolvers/zod'
  3 | import { useEffect, useRef } from 'react';
  4 | import { useForm } from 'react-hook-form';
> 5 | import { zodResolver } from '@hookform/resolvers/zod';
    | ^^^^^^^^^^^^^^^^^^^^^^^^^^^^^^^^^^^^^^^^^^^^^^^^^^^^^^
  6 | import { CheckCircle } from 'lucide-react';
  7 | import { rfqSchema, rfqPresetSchema, type RFQFormData, type RFQPresetFormData } from '@/lib/forms/schemas';
  8 | import { useFormSubmit } from '@/hooks/useFormSubmit';

Import traces:
  Client Component Browser:
    ./components/forms/rfq/RFQForm.tsx [Client Component Browser]
    ./app/page.tsx [Client Component Browser]
    ./app/page.tsx [Server Component]

  Client Component SSR:
    ./components/forms/rfq/RFQForm.tsx [Client Component SSR]
    ./app/page.tsx [Client Component SSR]
    ./app/page.tsx [Server Component]

https://nextjs.org/docs/messages/module-not-found @ http://localhost:3000/_next/static/chunks/5f34d_next_dist_253e5923._.js:1920
[  525101ms] [ERROR] ./lib/forms/schemas.ts:1:1
Module not found: Can't resolve 'zod'
> 1 | import { z } from 'zod';
    | ^^^^^^^^^^^^^^^^^^^^^^^^
  2 |
  3 | const baseFields = {
  4 |   firstName: z.string().min(1, 'First name is required'),

Import traces:
  Client Component Browser:
    ./lib/forms/schemas.ts [Client Component Browser]
    ./components/forms/rfq/RFQForm.tsx [Client Component Browser]
    ./app/page.tsx [Client Component Browser]
    ./app/page.tsx [Server Component]

  Client Component SSR:
    ./lib/forms/schemas.ts [Client Component SSR]
    ./components/forms/rfq/RFQForm.tsx [Client Component SSR]
    ./app/page.tsx [Client Component SSR]
    ./app/page.tsx [Server Component]

https://nextjs.org/docs/messages/module-not-found @ http://localhost:3000/_next/static/chunks/5f34d_next_dist_253e5923._.js:1920
[  525165ms] [ERROR] ./app/layout.tsx:3:1
Module not found: Can't resolve '@fortawesome/fontawesome-svg-core'
  1 | import type { Metadata } from "next";
  2 | import { Geist, Geist_Mono } from "next/font/google";
> 3 | import { config } from '@fortawesome/fontawesome-svg-core';
    | ^^^^^^^^^^^^^^^^^^^^^^^^^^^^^^^^^^^^^^^^^^^^^^^^^^^^^^^^^^^
  4 | import '@fortawesome/fontawesome-svg-core/styles.css';
  5 | import "./globals.css";
  6 | import { Header } from "@/components/layout/Header";

https://nextjs.org/docs/messages/module-not-found @ http://localhost:3000/_next/static/chunks/5f34d_next_dist_253e5923._.js:1920
[  525165ms] [ERROR] ./app/layout.tsx:4:1
Module not found: Can't resolve '@fortawesome/fontawesome-svg-core/styles.css'
  2 | import { Geist, Geist_Mono } from "next/font/google";
  3 | import { config } from '@fortawesome/fontawesome-svg-core';
> 4 | import '@fortawesome/fontawesome-svg-core/styles.css';
    | ^^^^^^^^^^^^^^^^^^^^^^^^^^^^^^^^^^^^^^^^^^^^^^^^^^^^^^
  5 | import "./globals.css";
  6 | import { Header } from "@/components/layout/Header";
  7 | import { Footer } from "@/components/layout/Footer";

https://nextjs.org/docs/messages/module-not-found @ http://localhost:3000/_next/static/chunks/5f34d_next_dist_253e5923._.js:1920
[  525165ms] [ERROR] ./app/page.tsx:8:1
Module not found: Can't resolve '@fortawesome/free-solid-svg-icons'
   6 | import { LogoScroller } from '@/components/home/LogoScroller';
   7 | import { FontAwesomeIcon } from '@fortawesome/react-fontawesome';
>  8 | import {
     | ^^^^^^^^
>  9 |   faBolt,
     | ^^^^^^^^^
> 10 |   faNetworkWired,
     | ^^^^^^^^^
> 11 |   faCode,
     | ^^^^^^^^^
> 12 |   faArrowRight,
     | ^^^^^^^^^
> 13 |   faCircleCheck,
     | ^^^^^^^^^
> 14 |   faChevronDown,
     | ^^^^^^^^^
> 15 | } from '@fortawesome/free-solid-svg-icons';
     | ^^^^^^^^^^^^^^^^^^^^^^^^^^^^^^^^^^^^^^^^^^^^
  16 | import { ImageWithFallback } from '@/components/shared/ImageWithFallback';
  17 | import { RFQForm } from '@/components/forms/rfq';
  18 |

Import traces:
  Client Component Browser:
    ./app/page.tsx [Client Component Browser]
    ./app/page.tsx [Server Component]

  Client Component SSR:
    ./app/page.tsx [Client Component SSR]
    ./app/page.tsx [Server Component]

https://nextjs.org/docs/messages/module-not-found @ http://localhost:3000/_next/static/chunks/5f34d_next_dist_253e5923._.js:1920
[  525165ms] [ERROR] ./app/page.tsx:7:1
Module not found: Can't resolve '@fortawesome/react-fontawesome'
   5 | import { HeroSlider } from '@/components/home/HeroSlider';
   6 | import { LogoScroller } from '@/components/home/LogoScroller';
>  7 | import { FontAwesomeIcon } from '@fortawesome/react-fontawesome';
     | ^^^^^^^^^^^^^^^^^^^^^^^^^^^^^^^^^^^^^^^^^^^^^^^^^^^^^^^^^^^^^^^^^
   8 | import {
   9 |   faBolt,
  10 |   faNetworkWired,

Import traces:
  Client Component Browser:
    ./app/page.tsx [Client Component Browser]
    ./app/page.tsx [Server Component]

  Client Component SSR:
    ./app/page.tsx [Client Component SSR]
    ./app/page.tsx [Server Component]

https://nextjs.org/docs/messages/module-not-found @ http://localhost:3000/_next/static/chunks/5f34d_next_dist_253e5923._.js:1920
[  525166ms] [ERROR] ./components/forms/rfq/RFQForm.tsx:5:1
Module not found: Can't resolve '@hookform/resolvers/zod'
  3 | import { useEffect, useRef } from 'react';
  4 | import { useForm } from 'react-hook-form';
> 5 | import { zodResolver } from '@hookform/resolvers/zod';
    | ^^^^^^^^^^^^^^^^^^^^^^^^^^^^^^^^^^^^^^^^^^^^^^^^^^^^^^
  6 | import { CheckCircle } from 'lucide-react';
  7 | import { rfqSchema, rfqPresetSchema, type RFQFormData, type RFQPresetFormData } from '@/lib/forms/schemas';
  8 | import { useFormSubmit } from '@/hooks/useFormSubmit';

Import traces:
  Client Component Browser:
    ./components/forms/rfq/RFQForm.tsx [Client Component Browser]
    ./app/page.tsx [Client Component Browser]
    ./app/page.tsx [Server Component]

  Client Component SSR:
    ./components/forms/rfq/RFQForm.tsx [Client Component SSR]
    ./app/page.tsx [Client Component SSR]
    ./app/page.tsx [Server Component]

https://nextjs.org/docs/messages/module-not-found @ http://localhost:3000/_next/static/chunks/5f34d_next_dist_253e5923._.js:1920
[  525166ms] [ERROR] ./lib/forms/schemas.ts:1:1
Module not found: Can't resolve 'zod'
> 1 | import { z } from 'zod';
    | ^^^^^^^^^^^^^^^^^^^^^^^^
  2 |
  3 | const baseFields = {
  4 |   firstName: z.string().min(1, 'First name is required'),

Import traces:
  Client Component Browser:
    ./lib/forms/schemas.ts [Client Component Browser]
    ./components/forms/rfq/RFQForm.tsx [Client Component Browser]
    ./app/page.tsx [Client Component Browser]
    ./app/page.tsx [Server Component]

  Client Component SSR:
    ./lib/forms/schemas.ts [Client Component SSR]
    ./components/forms/rfq/RFQForm.tsx [Client Component SSR]
    ./app/page.tsx [Client Component SSR]
    ./app/page.tsx [Server Component]

https://nextjs.org/docs/messages/module-not-found @ http://localhost:3000/_next/static/chunks/5f34d_next_dist_253e5923._.js:1920
[  525239ms] [ERROR] ./app/layout.tsx:3:1
Module not found: Can't resolve '@fortawesome/fontawesome-svg-core'
  1 | import type { Metadata } from "next";
  2 | import { Geist, Geist_Mono } from "next/font/google";
> 3 | import { config } from '@fortawesome/fontawesome-svg-core';
    | ^^^^^^^^^^^^^^^^^^^^^^^^^^^^^^^^^^^^^^^^^^^^^^^^^^^^^^^^^^^
  4 | import '@fortawesome/fontawesome-svg-core/styles.css';
  5 | import "./globals.css";
  6 | import { Header } from "@/components/layout/Header";

https://nextjs.org/docs/messages/module-not-found @ http://localhost:3000/_next/static/chunks/5f34d_next_dist_253e5923._.js:1920
[  525239ms] [ERROR] ./app/layout.tsx:4:1
Module not found: Can't resolve '@fortawesome/fontawesome-svg-core/styles.css'
  2 | import { Geist, Geist_Mono } from "next/font/google";
  3 | import { config } from '@fortawesome/fontawesome-svg-core';
> 4 | import '@fortawesome/fontawesome-svg-core/styles.css';
    | ^^^^^^^^^^^^^^^^^^^^^^^^^^^^^^^^^^^^^^^^^^^^^^^^^^^^^^
  5 | import "./globals.css";
  6 | import { Header } from "@/components/layout/Header";
  7 | import { Footer } from "@/components/layout/Footer";

https://nextjs.org/docs/messages/module-not-found @ http://localhost:3000/_next/static/chunks/5f34d_next_dist_253e5923._.js:1920
[  525239ms] [ERROR] ./app/page.tsx:8:1
Module not found: Can't resolve '@fortawesome/free-solid-svg-icons'
   6 | import { LogoScroller } from '@/components/home/LogoScroller';
   7 | import { FontAwesomeIcon } from '@fortawesome/react-fontawesome';
>  8 | import {
     | ^^^^^^^^
>  9 |   faBolt,
     | ^^^^^^^^^
> 10 |   faNetworkWired,
     | ^^^^^^^^^
> 11 |   faCode,
     | ^^^^^^^^^
> 12 |   faArrowRight,
     | ^^^^^^^^^
> 13 |   faCircleCheck,
     | ^^^^^^^^^
> 14 |   faChevronDown,
     | ^^^^^^^^^
> 15 | } from '@fortawesome/free-solid-svg-icons';
     | ^^^^^^^^^^^^^^^^^^^^^^^^^^^^^^^^^^^^^^^^^^^^
  16 | import { ImageWithFallback } from '@/components/shared/ImageWithFallback';
  17 | import { RFQForm } from '@/components/forms/rfq';
  18 |

Import traces:
  Client Component Browser:
    ./app/page.tsx [Client Component Browser]
    ./app/page.tsx [Server Component]

  Client Component SSR:
    ./app/page.tsx [Client Component SSR]
    ./app/page.tsx [Server Component]

https://nextjs.org/docs/messages/module-not-found @ http://localhost:3000/_next/static/chunks/5f34d_next_dist_253e5923._.js:1920
[  525239ms] [ERROR] ./app/page.tsx:7:1
Module not found: Can't resolve '@fortawesome/react-fontawesome'
   5 | import { HeroSlider } from '@/components/home/HeroSlider';
   6 | import { LogoScroller } from '@/components/home/LogoScroller';
>  7 | import { FontAwesomeIcon } from '@fortawesome/react-fontawesome';
     | ^^^^^^^^^^^^^^^^^^^^^^^^^^^^^^^^^^^^^^^^^^^^^^^^^^^^^^^^^^^^^^^^^
   8 | import {
   9 |   faBolt,
  10 |   faNetworkWired,

Import traces:
  Client Component Browser:
    ./app/page.tsx [Client Component Browser]
    ./app/page.tsx [Server Component]

  Client Component SSR:
    ./app/page.tsx [Client Component SSR]
    ./app/page.tsx [Server Component]

https://nextjs.org/docs/messages/module-not-found @ http://localhost:3000/_next/static/chunks/5f34d_next_dist_253e5923._.js:1920
[  525239ms] [ERROR] ./components/forms/rfq/RFQForm.tsx:5:1
Module not found: Can't resolve '@hookform/resolvers/zod'
  3 | import { useEffect, useRef } from 'react';
  4 | import { useForm } from 'react-hook-form';
> 5 | import { zodResolver } from '@hookform/resolvers/zod';
    | ^^^^^^^^^^^^^^^^^^^^^^^^^^^^^^^^^^^^^^^^^^^^^^^^^^^^^^
  6 | import { CheckCircle } from 'lucide-react';
  7 | import { rfqSchema, rfqPresetSchema, type RFQFormData, type RFQPresetFormData } from '@/lib/forms/schemas';
  8 | import { useFormSubmit } from '@/hooks/useFormSubmit';

Import traces:
  Client Component Browser:
    ./components/forms/rfq/RFQForm.tsx [Client Component Browser]
    ./app/page.tsx [Client Component Browser]
    ./app/page.tsx [Server Component]

  Client Component SSR:
    ./components/forms/rfq/RFQForm.tsx [Client Component SSR]
    ./app/page.tsx [Client Component SSR]
    ./app/page.tsx [Server Component]

https://nextjs.org/docs/messages/module-not-found @ http://localhost:3000/_next/static/chunks/5f34d_next_dist_253e5923._.js:1920
[  525239ms] [ERROR] ./lib/forms/schemas.ts:1:1
Module not found: Can't resolve 'zod'
> 1 | import { z } from 'zod';
    | ^^^^^^^^^^^^^^^^^^^^^^^^
  2 |
  3 | const baseFields = {
  4 |   firstName: z.string().min(1, 'First name is required'),

Import traces:
  Client Component Browser:
    ./lib/forms/schemas.ts [Client Component Browser]
    ./components/forms/rfq/RFQForm.tsx [Client Component Browser]
    ./app/page.tsx [Client Component Browser]
    ./app/page.tsx [Server Component]

  Client Component SSR:
    ./lib/forms/schemas.ts [Client Component SSR]
    ./components/forms/rfq/RFQForm.tsx [Client Component SSR]
    ./app/page.tsx [Client Component SSR]
    ./app/page.tsx [Server Component]

https://nextjs.org/docs/messages/module-not-found @ http://localhost:3000/_next/static/chunks/5f34d_next_dist_253e5923._.js:1920
[  525285ms] [ERROR] ./app/layout.tsx:3:1
Module not found: Can't resolve '@fortawesome/fontawesome-svg-core'
  1 | import type { Metadata } from "next";
  2 | import { Geist, Geist_Mono } from "next/font/google";
> 3 | import { config } from '@fortawesome/fontawesome-svg-core';
    | ^^^^^^^^^^^^^^^^^^^^^^^^^^^^^^^^^^^^^^^^^^^^^^^^^^^^^^^^^^^
  4 | import '@fortawesome/fontawesome-svg-core/styles.css';
  5 | import "./globals.css";
  6 | import { Header } from "@/components/layout/Header";

https://nextjs.org/docs/messages/module-not-found @ http://localhost:3000/_next/static/chunks/5f34d_next_dist_253e5923._.js:1920
[  525285ms] [ERROR] ./app/layout.tsx:4:1
Module not found: Can't resolve '@fortawesome/fontawesome-svg-core/styles.css'
  2 | import { Geist, Geist_Mono } from "next/font/google";
  3 | import { config } from '@fortawesome/fontawesome-svg-core';
> 4 | import '@fortawesome/fontawesome-svg-core/styles.css';
    | ^^^^^^^^^^^^^^^^^^^^^^^^^^^^^^^^^^^^^^^^^^^^^^^^^^^^^^
  5 | import "./globals.css";
  6 | import { Header } from "@/components/layout/Header";
  7 | import { Footer } from "@/components/layout/Footer";

https://nextjs.org/docs/messages/module-not-found @ http://localhost:3000/_next/static/chunks/5f34d_next_dist_253e5923._.js:1920
[  525285ms] [ERROR] ./app/page.tsx:8:1
Module not found: Can't resolve '@fortawesome/free-solid-svg-icons'
   6 | import { LogoScroller } from '@/components/home/LogoScroller';
   7 | import { FontAwesomeIcon } from '@fortawesome/react-fontawesome';
>  8 | import {
     | ^^^^^^^^
>  9 |   faBolt,
     | ^^^^^^^^^
> 10 |   faNetworkWired,
     | ^^^^^^^^^
> 11 |   faCode,
     | ^^^^^^^^^
> 12 |   faArrowRight,
     | ^^^^^^^^^
> 13 |   faCircleCheck,
     | ^^^^^^^^^
> 14 |   faChevronDown,
     | ^^^^^^^^^
> 15 | } from '@fortawesome/free-solid-svg-icons';
     | ^^^^^^^^^^^^^^^^^^^^^^^^^^^^^^^^^^^^^^^^^^^^
  16 | import { ImageWithFallback } from '@/components/shared/ImageWithFallback';
  17 | import { RFQForm } from '@/components/forms/rfq';
  18 |

Import traces:
  Client Component Browser:
    ./app/page.tsx [Client Component Browser]
    ./app/page.tsx [Server Component]

  Client Component SSR:
    ./app/page.tsx [Client Component SSR]
    ./app/page.tsx [Server Component]

https://nextjs.org/docs/messages/module-not-found @ http://localhost:3000/_next/static/chunks/5f34d_next_dist_253e5923._.js:1920
[  525285ms] [ERROR] ./app/page.tsx:7:1
Module not found: Can't resolve '@fortawesome/react-fontawesome'
   5 | import { HeroSlider } from '@/components/home/HeroSlider';
   6 | import { LogoScroller } from '@/components/home/LogoScroller';
>  7 | import { FontAwesomeIcon } from '@fortawesome/react-fontawesome';
     | ^^^^^^^^^^^^^^^^^^^^^^^^^^^^^^^^^^^^^^^^^^^^^^^^^^^^^^^^^^^^^^^^^
   8 | import {
   9 |   faBolt,
  10 |   faNetworkWired,

Import traces:
  Client Component Browser:
    ./app/page.tsx [Client Component Browser]
    ./app/page.tsx [Server Component]

  Client Component SSR:
    ./app/page.tsx [Client Component SSR]
    ./app/page.tsx [Server Component]

https://nextjs.org/docs/messages/module-not-found @ http://localhost:3000/_next/static/chunks/5f34d_next_dist_253e5923._.js:1920
[  525286ms] [ERROR] ./components/forms/rfq/RFQForm.tsx:5:1
Module not found: Can't resolve '@hookform/resolvers/zod'
  3 | import { useEffect, useRef } from 'react';
  4 | import { useForm } from 'react-hook-form';
> 5 | import { zodResolver } from '@hookform/resolvers/zod';
    | ^^^^^^^^^^^^^^^^^^^^^^^^^^^^^^^^^^^^^^^^^^^^^^^^^^^^^^
  6 | import { CheckCircle } from 'lucide-react';
  7 | import { rfqSchema, rfqPresetSchema, type RFQFormData, type RFQPresetFormData } from '@/lib/forms/schemas';
  8 | import { useFormSubmit } from '@/hooks/useFormSubmit';

Import traces:
  Client Component Browser:
    ./components/forms/rfq/RFQForm.tsx [Client Component Browser]
    ./app/page.tsx [Client Component Browser]
    ./app/page.tsx [Server Component]

  Client Component SSR:
    ./components/forms/rfq/RFQForm.tsx [Client Component SSR]
    ./app/page.tsx [Client Component SSR]
    ./app/page.tsx [Server Component]

https://nextjs.org/docs/messages/module-not-found @ http://localhost:3000/_next/static/chunks/5f34d_next_dist_253e5923._.js:1920
[  525286ms] [ERROR] ./lib/forms/schemas.ts:1:1
Module not found: Can't resolve 'zod'
> 1 | import { z } from 'zod';
    | ^^^^^^^^^^^^^^^^^^^^^^^^
  2 |
  3 | const baseFields = {
  4 |   firstName: z.string().min(1, 'First name is required'),

Import traces:
  Client Component Browser:
    ./lib/forms/schemas.ts [Client Component Browser]
    ./components/forms/rfq/RFQForm.tsx [Client Component Browser]
    ./app/page.tsx [Client Component Browser]
    ./app/page.tsx [Server Component]

  Client Component SSR:
    ./lib/forms/schemas.ts [Client Component SSR]
    ./components/forms/rfq/RFQForm.tsx [Client Component SSR]
    ./app/page.tsx [Client Component SSR]
    ./app/page.tsx [Server Component]

https://nextjs.org/docs/messages/module-not-found @ http://localhost:3000/_next/static/chunks/5f34d_next_dist_253e5923._.js:1920
[  525363ms] [ERROR] ./app/layout.tsx:3:1
Module not found: Can't resolve '@fortawesome/fontawesome-svg-core'
  1 | import type { Metadata } from "next";
  2 | import { Geist, Geist_Mono } from "next/font/google";
> 3 | import { config } from '@fortawesome/fontawesome-svg-core';
    | ^^^^^^^^^^^^^^^^^^^^^^^^^^^^^^^^^^^^^^^^^^^^^^^^^^^^^^^^^^^
  4 | import '@fortawesome/fontawesome-svg-core/styles.css';
  5 | import "./globals.css";
  6 | import { Header } from "@/components/layout/Header";

https://nextjs.org/docs/messages/module-not-found @ http://localhost:3000/_next/static/chunks/5f34d_next_dist_253e5923._.js:1920
[  525363ms] [ERROR] ./app/layout.tsx:4:1
Module not found: Can't resolve '@fortawesome/fontawesome-svg-core/styles.css'
  2 | import { Geist, Geist_Mono } from "next/font/google";
  3 | import { config } from '@fortawesome/fontawesome-svg-core';
> 4 | import '@fortawesome/fontawesome-svg-core/styles.css';
    | ^^^^^^^^^^^^^^^^^^^^^^^^^^^^^^^^^^^^^^^^^^^^^^^^^^^^^^
  5 | import "./globals.css";
  6 | import { Header } from "@/components/layout/Header";
  7 | import { Footer } from "@/components/layout/Footer";

https://nextjs.org/docs/messages/module-not-found @ http://localhost:3000/_next/static/chunks/5f34d_next_dist_253e5923._.js:1920
[  525363ms] [ERROR] ./app/page.tsx:8:1
Module not found: Can't resolve '@fortawesome/free-solid-svg-icons'
   6 | import { LogoScroller } from '@/components/home/LogoScroller';
   7 | import { FontAwesomeIcon } from '@fortawesome/react-fontawesome';
>  8 | import {
     | ^^^^^^^^
>  9 |   faBolt,
     | ^^^^^^^^^
> 10 |   faNetworkWired,
     | ^^^^^^^^^
> 11 |   faCode,
     | ^^^^^^^^^
> 12 |   faArrowRight,
     | ^^^^^^^^^
> 13 |   faCircleCheck,
     | ^^^^^^^^^
> 14 |   faChevronDown,
     | ^^^^^^^^^
> 15 | } from '@fortawesome/free-solid-svg-icons';
     | ^^^^^^^^^^^^^^^^^^^^^^^^^^^^^^^^^^^^^^^^^^^^
  16 | import { ImageWithFallback } from '@/components/shared/ImageWithFallback';
  17 | import { RFQForm } from '@/components/forms/rfq';
  18 |

Import traces:
  Client Component Browser:
    ./app/page.tsx [Client Component Browser]
    ./app/page.tsx [Server Component]

  Client Component SSR:
    ./app/page.tsx [Client Component SSR]
    ./app/page.tsx [Server Component]

https://nextjs.org/docs/messages/module-not-found @ http://localhost:3000/_next/static/chunks/5f34d_next_dist_253e5923._.js:1920
[  525363ms] [ERROR] ./app/page.tsx:7:1
Module not found: Can't resolve '@fortawesome/react-fontawesome'
   5 | import { HeroSlider } from '@/components/home/HeroSlider';
   6 | import { LogoScroller } from '@/components/home/LogoScroller';
>  7 | import { FontAwesomeIcon } from '@fortawesome/react-fontawesome';
     | ^^^^^^^^^^^^^^^^^^^^^^^^^^^^^^^^^^^^^^^^^^^^^^^^^^^^^^^^^^^^^^^^^
   8 | import {
   9 |   faBolt,
  10 |   faNetworkWired,

Import traces:
  Client Component Browser:
    ./app/page.tsx [Client Component Browser]
    ./app/page.tsx [Server Component]

  Client Component SSR:
    ./app/page.tsx [Client Component SSR]
    ./app/page.tsx [Server Component]

https://nextjs.org/docs/messages/module-not-found @ http://localhost:3000/_next/static/chunks/5f34d_next_dist_253e5923._.js:1920
[  525364ms] [ERROR] ./components/forms/rfq/RFQForm.tsx:5:1
Module not found: Can't resolve '@hookform/resolvers/zod'
  3 | import { useEffect, useRef } from 'react';
  4 | import { useForm } from 'react-hook-form';
> 5 | import { zodResolver } from '@hookform/resolvers/zod';
    | ^^^^^^^^^^^^^^^^^^^^^^^^^^^^^^^^^^^^^^^^^^^^^^^^^^^^^^
  6 | import { CheckCircle } from 'lucide-react';
  7 | import { rfqSchema, rfqPresetSchema, type RFQFormData, type RFQPresetFormData } from '@/lib/forms/schemas';
  8 | import { useFormSubmit } from '@/hooks/useFormSubmit';

Import traces:
  Client Component Browser:
    ./components/forms/rfq/RFQForm.tsx [Client Component Browser]
    ./app/page.tsx [Client Component Browser]
    ./app/page.tsx [Server Component]

  Client Component SSR:
    ./components/forms/rfq/RFQForm.tsx [Client Component SSR]
    ./app/page.tsx [Client Component SSR]
    ./app/page.tsx [Server Component]

https://nextjs.org/docs/messages/module-not-found @ http://localhost:3000/_next/static/chunks/5f34d_next_dist_253e5923._.js:1920
[  525364ms] [ERROR] ./lib/forms/schemas.ts:1:1
Module not found: Can't resolve 'zod'
> 1 | import { z } from 'zod';
    | ^^^^^^^^^^^^^^^^^^^^^^^^
  2 |
  3 | const baseFields = {
  4 |   firstName: z.string().min(1, 'First name is required'),

Import traces:
  Client Component Browser:
    ./lib/forms/schemas.ts [Client Component Browser]
    ./components/forms/rfq/RFQForm.tsx [Client Component Browser]
    ./app/page.tsx [Client Component Browser]
    ./app/page.tsx [Server Component]

  Client Component SSR:
    ./lib/forms/schemas.ts [Client Component SSR]
    ./components/forms/rfq/RFQForm.tsx [Client Component SSR]
    ./app/page.tsx [Client Component SSR]
    ./app/page.tsx [Server Component]

https://nextjs.org/docs/messages/module-not-found @ http://localhost:3000/_next/static/chunks/5f34d_next_dist_253e5923._.js:1920
[  525462ms] [ERROR] ./app/layout.tsx:3:1
Module not found: Can't resolve '@fortawesome/fontawesome-svg-core'
  1 | import type { Metadata } from "next";
  2 | import { Geist, Geist_Mono } from "next/font/google";
> 3 | import { config } from '@fortawesome/fontawesome-svg-core';
    | ^^^^^^^^^^^^^^^^^^^^^^^^^^^^^^^^^^^^^^^^^^^^^^^^^^^^^^^^^^^
  4 | import '@fortawesome/fontawesome-svg-core/styles.css';
  5 | import "./globals.css";
  6 | import { Header } from "@/components/layout/Header";

https://nextjs.org/docs/messages/module-not-found @ http://localhost:3000/_next/static/chunks/5f34d_next_dist_253e5923._.js:1920
[  525462ms] [ERROR] ./app/layout.tsx:4:1
Module not found: Can't resolve '@fortawesome/fontawesome-svg-core/styles.css'
  2 | import { Geist, Geist_Mono } from "next/font/google";
  3 | import { config } from '@fortawesome/fontawesome-svg-core';
> 4 | import '@fortawesome/fontawesome-svg-core/styles.css';
    | ^^^^^^^^^^^^^^^^^^^^^^^^^^^^^^^^^^^^^^^^^^^^^^^^^^^^^^
  5 | import "./globals.css";
  6 | import { Header } from "@/components/layout/Header";
  7 | import { Footer } from "@/components/layout/Footer";

https://nextjs.org/docs/messages/module-not-found @ http://localhost:3000/_next/static/chunks/5f34d_next_dist_253e5923._.js:1920
[  525462ms] [ERROR] ./app/page.tsx:8:1
Module not found: Can't resolve '@fortawesome/free-solid-svg-icons'
   6 | import { LogoScroller } from '@/components/home/LogoScroller';
   7 | import { FontAwesomeIcon } from '@fortawesome/react-fontawesome';
>  8 | import {
     | ^^^^^^^^
>  9 |   faBolt,
     | ^^^^^^^^^
> 10 |   faNetworkWired,
     | ^^^^^^^^^
> 11 |   faCode,
     | ^^^^^^^^^
> 12 |   faArrowRight,
     | ^^^^^^^^^
> 13 |   faCircleCheck,
     | ^^^^^^^^^
> 14 |   faChevronDown,
     | ^^^^^^^^^
> 15 | } from '@fortawesome/free-solid-svg-icons';
     | ^^^^^^^^^^^^^^^^^^^^^^^^^^^^^^^^^^^^^^^^^^^^
  16 | import { ImageWithFallback } from '@/components/shared/ImageWithFallback';
  17 | import { RFQForm } from '@/components/forms/rfq';
  18 |

Import traces:
  Client Component Browser:
    ./app/page.tsx [Client Component Browser]
    ./app/page.tsx [Server Component]

  Client Component SSR:
    ./app/page.tsx [Client Component SSR]
    ./app/page.tsx [Server Component]

https://nextjs.org/docs/messages/module-not-found @ http://localhost:3000/_next/static/chunks/5f34d_next_dist_253e5923._.js:1920
[  525462ms] [ERROR] ./app/page.tsx:7:1
Module not found: Can't resolve '@fortawesome/react-fontawesome'
   5 | import { HeroSlider } from '@/components/home/HeroSlider';
   6 | import { LogoScroller } from '@/components/home/LogoScroller';
>  7 | import { FontAwesomeIcon } from '@fortawesome/react-fontawesome';
     | ^^^^^^^^^^^^^^^^^^^^^^^^^^^^^^^^^^^^^^^^^^^^^^^^^^^^^^^^^^^^^^^^^
   8 | import {
   9 |   faBolt,
  10 |   faNetworkWired,

Import traces:
  Client Component Browser:
    ./app/page.tsx [Client Component Browser]
    ./app/page.tsx [Server Component]

  Client Component SSR:
    ./app/page.tsx [Client Component SSR]
    ./app/page.tsx [Server Component]

https://nextjs.org/docs/messages/module-not-found @ http://localhost:3000/_next/static/chunks/5f34d_next_dist_253e5923._.js:1920
[  525462ms] [ERROR] ./components/forms/rfq/RFQForm.tsx:5:1
Module not found: Can't resolve '@hookform/resolvers/zod'
  3 | import { useEffect, useRef } from 'react';
  4 | import { useForm } from 'react-hook-form';
> 5 | import { zodResolver } from '@hookform/resolvers/zod';
    | ^^^^^^^^^^^^^^^^^^^^^^^^^^^^^^^^^^^^^^^^^^^^^^^^^^^^^^
  6 | import { CheckCircle } from 'lucide-react';
  7 | import { rfqSchema, rfqPresetSchema, type RFQFormData, type RFQPresetFormData } from '@/lib/forms/schemas';
  8 | import { useFormSubmit } from '@/hooks/useFormSubmit';

Import traces:
  Client Component Browser:
    ./components/forms/rfq/RFQForm.tsx [Client Component Browser]
    ./app/page.tsx [Client Component Browser]
    ./app/page.tsx [Server Component]

  Client Component SSR:
    ./components/forms/rfq/RFQForm.tsx [Client Component SSR]
    ./app/page.tsx [Client Component SSR]
    ./app/page.tsx [Server Component]

https://nextjs.org/docs/messages/module-not-found @ http://localhost:3000/_next/static/chunks/5f34d_next_dist_253e5923._.js:1920
[  525462ms] [ERROR] ./lib/forms/schemas.ts:1:1
Module not found: Can't resolve 'zod'
> 1 | import { z } from 'zod';
    | ^^^^^^^^^^^^^^^^^^^^^^^^
  2 |
  3 | const baseFields = {
  4 |   firstName: z.string().min(1, 'First name is required'),

Import traces:
  Client Component Browser:
    ./lib/forms/schemas.ts [Client Component Browser]
    ./components/forms/rfq/RFQForm.tsx [Client Component Browser]
    ./app/page.tsx [Client Component Browser]
    ./app/page.tsx [Server Component]

  Client Component SSR:
    ./lib/forms/schemas.ts [Client Component SSR]
    ./components/forms/rfq/RFQForm.tsx [Client Component SSR]
    ./app/page.tsx [Client Component SSR]
    ./app/page.tsx [Server Component]

https://nextjs.org/docs/messages/module-not-found @ http://localhost:3000/_next/static/chunks/5f34d_next_dist_253e5923._.js:1920
[  525519ms] [ERROR] ./app/layout.tsx:3:1
Module not found: Can't resolve '@fortawesome/fontawesome-svg-core'
  1 | import type { Metadata } from "next";
  2 | import { Geist, Geist_Mono } from "next/font/google";
> 3 | import { config } from '@fortawesome/fontawesome-svg-core';
    | ^^^^^^^^^^^^^^^^^^^^^^^^^^^^^^^^^^^^^^^^^^^^^^^^^^^^^^^^^^^
  4 | import '@fortawesome/fontawesome-svg-core/styles.css';
  5 | import "./globals.css";
  6 | import { Header } from "@/components/layout/Header";

https://nextjs.org/docs/messages/module-not-found @ http://localhost:3000/_next/static/chunks/5f34d_next_dist_253e5923._.js:1920
[  525519ms] [ERROR] ./app/layout.tsx:4:1
Module not found: Can't resolve '@fortawesome/fontawesome-svg-core/styles.css'
  2 | import { Geist, Geist_Mono } from "next/font/google";
  3 | import { config } from '@fortawesome/fontawesome-svg-core';
> 4 | import '@fortawesome/fontawesome-svg-core/styles.css';
    | ^^^^^^^^^^^^^^^^^^^^^^^^^^^^^^^^^^^^^^^^^^^^^^^^^^^^^^
  5 | import "./globals.css";
  6 | import { Header } from "@/components/layout/Header";
  7 | import { Footer } from "@/components/layout/Footer";

https://nextjs.org/docs/messages/module-not-found @ http://localhost:3000/_next/static/chunks/5f34d_next_dist_253e5923._.js:1920
[  525520ms] [ERROR] ./app/page.tsx:8:1
Module not found: Can't resolve '@fortawesome/free-solid-svg-icons'
   6 | import { LogoScroller } from '@/components/home/LogoScroller';
   7 | import { FontAwesomeIcon } from '@fortawesome/react-fontawesome';
>  8 | import {
     | ^^^^^^^^
>  9 |   faBolt,
     | ^^^^^^^^^
> 10 |   faNetworkWired,
     | ^^^^^^^^^
> 11 |   faCode,
     | ^^^^^^^^^
> 12 |   faArrowRight,
     | ^^^^^^^^^
> 13 |   faCircleCheck,
     | ^^^^^^^^^
> 14 |   faChevronDown,
     | ^^^^^^^^^
> 15 | } from '@fortawesome/free-solid-svg-icons';
     | ^^^^^^^^^^^^^^^^^^^^^^^^^^^^^^^^^^^^^^^^^^^^
  16 | import { ImageWithFallback } from '@/components/shared/ImageWithFallback';
  17 | import { RFQForm } from '@/components/forms/rfq';
  18 |

Import traces:
  Client Component Browser:
    ./app/page.tsx [Client Component Browser]
    ./app/page.tsx [Server Component]

  Client Component SSR:
    ./app/page.tsx [Client Component SSR]
    ./app/page.tsx [Server Component]

https://nextjs.org/docs/messages/module-not-found @ http://localhost:3000/_next/static/chunks/5f34d_next_dist_253e5923._.js:1920
[  525520ms] [ERROR] ./app/page.tsx:7:1
Module not found: Can't resolve '@fortawesome/react-fontawesome'
   5 | import { HeroSlider } from '@/components/home/HeroSlider';
   6 | import { LogoScroller } from '@/components/home/LogoScroller';
>  7 | import { FontAwesomeIcon } from '@fortawesome/react-fontawesome';
     | ^^^^^^^^^^^^^^^^^^^^^^^^^^^^^^^^^^^^^^^^^^^^^^^^^^^^^^^^^^^^^^^^^
   8 | import {
   9 |   faBolt,
  10 |   faNetworkWired,

Import traces:
  Client Component Browser:
    ./app/page.tsx [Client Component Browser]
    ./app/page.tsx [Server Component]

  Client Component SSR:
    ./app/page.tsx [Client Component SSR]
    ./app/page.tsx [Server Component]

https://nextjs.org/docs/messages/module-not-found @ http://localhost:3000/_next/static/chunks/5f34d_next_dist_253e5923._.js:1920
[  525520ms] [ERROR] ./components/forms/rfq/RFQForm.tsx:5:1
Module not found: Can't resolve '@hookform/resolvers/zod'
  3 | import { useEffect, useRef } from 'react';
  4 | import { useForm } from 'react-hook-form';
> 5 | import { zodResolver } from '@hookform/resolvers/zod';
    | ^^^^^^^^^^^^^^^^^^^^^^^^^^^^^^^^^^^^^^^^^^^^^^^^^^^^^^
  6 | import { CheckCircle } from 'lucide-react';
  7 | import { rfqSchema, rfqPresetSchema, type RFQFormData, type RFQPresetFormData } from '@/lib/forms/schemas';
  8 | import { useFormSubmit } from '@/hooks/useFormSubmit';

Import traces:
  Client Component Browser:
    ./components/forms/rfq/RFQForm.tsx [Client Component Browser]
    ./app/page.tsx [Client Component Browser]
    ./app/page.tsx [Server Component]

  Client Component SSR:
    ./components/forms/rfq/RFQForm.tsx [Client Component SSR]
    ./app/page.tsx [Client Component SSR]
    ./app/page.tsx [Server Component]

https://nextjs.org/docs/messages/module-not-found @ http://localhost:3000/_next/static/chunks/5f34d_next_dist_253e5923._.js:1920
[  525520ms] [ERROR] ./lib/forms/schemas.ts:1:1
Module not found: Can't resolve 'zod'
> 1 | import { z } from 'zod';
    | ^^^^^^^^^^^^^^^^^^^^^^^^
  2 |
  3 | const baseFields = {
  4 |   firstName: z.string().min(1, 'First name is required'),

Import traces:
  Client Component Browser:
    ./lib/forms/schemas.ts [Client Component Browser]
    ./components/forms/rfq/RFQForm.tsx [Client Component Browser]
    ./app/page.tsx [Client Component Browser]
    ./app/page.tsx [Server Component]

  Client Component SSR:
    ./lib/forms/schemas.ts [Client Component SSR]
    ./components/forms/rfq/RFQForm.tsx [Client Component SSR]
    ./app/page.tsx [Client Component SSR]
    ./app/page.tsx [Server Component]

https://nextjs.org/docs/messages/module-not-found @ http://localhost:3000/_next/static/chunks/5f34d_next_dist_253e5923._.js:1920
[  525598ms] [ERROR] ./app/layout.tsx:3:1
Module not found: Can't resolve '@fortawesome/fontawesome-svg-core'
  1 | import type { Metadata } from "next";
  2 | import { Geist, Geist_Mono } from "next/font/google";
> 3 | import { config } from '@fortawesome/fontawesome-svg-core';
    | ^^^^^^^^^^^^^^^^^^^^^^^^^^^^^^^^^^^^^^^^^^^^^^^^^^^^^^^^^^^
  4 | import '@fortawesome/fontawesome-svg-core/styles.css';
  5 | import "./globals.css";
  6 | import { Header } from "@/components/layout/Header";

https://nextjs.org/docs/messages/module-not-found @ http://localhost:3000/_next/static/chunks/5f34d_next_dist_253e5923._.js:1920
[  525599ms] [ERROR] ./app/layout.tsx:4:1
Module not found: Can't resolve '@fortawesome/fontawesome-svg-core/styles.css'
  2 | import { Geist, Geist_Mono } from "next/font/google";
  3 | import { config } from '@fortawesome/fontawesome-svg-core';
> 4 | import '@fortawesome/fontawesome-svg-core/styles.css';
    | ^^^^^^^^^^^^^^^^^^^^^^^^^^^^^^^^^^^^^^^^^^^^^^^^^^^^^^
  5 | import "./globals.css";
  6 | import { Header } from "@/components/layout/Header";
  7 | import { Footer } from "@/components/layout/Footer";

https://nextjs.org/docs/messages/module-not-found @ http://localhost:3000/_next/static/chunks/5f34d_next_dist_253e5923._.js:1920
[  525599ms] [ERROR] ./app/page.tsx:8:1
Module not found: Can't resolve '@fortawesome/free-solid-svg-icons'
   6 | import { LogoScroller } from '@/components/home/LogoScroller';
   7 | import { FontAwesomeIcon } from '@fortawesome/react-fontawesome';
>  8 | import {
     | ^^^^^^^^
>  9 |   faBolt,
     | ^^^^^^^^^
> 10 |   faNetworkWired,
     | ^^^^^^^^^
> 11 |   faCode,
     | ^^^^^^^^^
> 12 |   faArrowRight,
     | ^^^^^^^^^
> 13 |   faCircleCheck,
     | ^^^^^^^^^
> 14 |   faChevronDown,
     | ^^^^^^^^^
> 15 | } from '@fortawesome/free-solid-svg-icons';
     | ^^^^^^^^^^^^^^^^^^^^^^^^^^^^^^^^^^^^^^^^^^^^
  16 | import { ImageWithFallback } from '@/components/shared/ImageWithFallback';
  17 | import { RFQForm } from '@/components/forms/rfq';
  18 |

Import traces:
  Client Component Browser:
    ./app/page.tsx [Client Component Browser]
    ./app/page.tsx [Server Component]

  Client Component SSR:
    ./app/page.tsx [Client Component SSR]
    ./app/page.tsx [Server Component]

https://nextjs.org/docs/messages/module-not-found @ http://localhost:3000/_next/static/chunks/5f34d_next_dist_253e5923._.js:1920
[  525599ms] [ERROR] ./app/page.tsx:7:1
Module not found: Can't resolve '@fortawesome/react-fontawesome'
   5 | import { HeroSlider } from '@/components/home/HeroSlider';
   6 | import { LogoScroller } from '@/components/home/LogoScroller';
>  7 | import { FontAwesomeIcon } from '@fortawesome/react-fontawesome';
     | ^^^^^^^^^^^^^^^^^^^^^^^^^^^^^^^^^^^^^^^^^^^^^^^^^^^^^^^^^^^^^^^^^
   8 | import {
   9 |   faBolt,
  10 |   faNetworkWired,

Import traces:
  Client Component Browser:
    ./app/page.tsx [Client Component Browser]
    ./app/page.tsx [Server Component]

  Client Component SSR:
    ./app/page.tsx [Client Component SSR]
    ./app/page.tsx [Server Component]

https://nextjs.org/docs/messages/module-not-found @ http://localhost:3000/_next/static/chunks/5f34d_next_dist_253e5923._.js:1920
[  525599ms] [ERROR] ./components/forms/rfq/RFQForm.tsx:5:1
Module not found: Can't resolve '@hookform/resolvers/zod'
  3 | import { useEffect, useRef } from 'react';
  4 | import { useForm } from 'react-hook-form';
> 5 | import { zodResolver } from '@hookform/resolvers/zod';
    | ^^^^^^^^^^^^^^^^^^^^^^^^^^^^^^^^^^^^^^^^^^^^^^^^^^^^^^
  6 | import { CheckCircle } from 'lucide-react';
  7 | import { rfqSchema, rfqPresetSchema, type RFQFormData, type RFQPresetFormData } from '@/lib/forms/schemas';
  8 | import { useFormSubmit } from '@/hooks/useFormSubmit';

Import traces:
  Client Component Browser:
    ./components/forms/rfq/RFQForm.tsx [Client Component Browser]
    ./app/page.tsx [Client Component Browser]
    ./app/page.tsx [Server Component]

  Client Component SSR:
    ./components/forms/rfq/RFQForm.tsx [Client Component SSR]
    ./app/page.tsx [Client Component SSR]
    ./app/page.tsx [Server Component]

https://nextjs.org/docs/messages/module-not-found @ http://localhost:3000/_next/static/chunks/5f34d_next_dist_253e5923._.js:1920
[  525599ms] [ERROR] ./lib/forms/schemas.ts:1:1
Module not found: Can't resolve 'zod'
> 1 | import { z } from 'zod';
    | ^^^^^^^^^^^^^^^^^^^^^^^^
  2 |
  3 | const baseFields = {
  4 |   firstName: z.string().min(1, 'First name is required'),

Import traces:
  Client Component Browser:
    ./lib/forms/schemas.ts [Client Component Browser]
    ./components/forms/rfq/RFQForm.tsx [Client Component Browser]
    ./app/page.tsx [Client Component Browser]
    ./app/page.tsx [Server Component]

  Client Component SSR:
    ./lib/forms/schemas.ts [Client Component SSR]
    ./components/forms/rfq/RFQForm.tsx [Client Component SSR]
    ./app/page.tsx [Client Component SSR]
    ./app/page.tsx [Server Component]

https://nextjs.org/docs/messages/module-not-found @ http://localhost:3000/_next/static/chunks/5f34d_next_dist_253e5923._.js:1920
[  525681ms] [ERROR] ./app/layout.tsx:3:1
Module not found: Can't resolve '@fortawesome/fontawesome-svg-core'
  1 | import type { Metadata } from "next";
  2 | import { Geist, Geist_Mono } from "next/font/google";
> 3 | import { config } from '@fortawesome/fontawesome-svg-core';
    | ^^^^^^^^^^^^^^^^^^^^^^^^^^^^^^^^^^^^^^^^^^^^^^^^^^^^^^^^^^^
  4 | import '@fortawesome/fontawesome-svg-core/styles.css';
  5 | import "./globals.css";
  6 | import { Header } from "@/components/layout/Header";

https://nextjs.org/docs/messages/module-not-found @ http://localhost:3000/_next/static/chunks/5f34d_next_dist_253e5923._.js:1920
[  525681ms] [ERROR] ./app/layout.tsx:4:1
Module not found: Can't resolve '@fortawesome/fontawesome-svg-core/styles.css'
  2 | import { Geist, Geist_Mono } from "next/font/google";
  3 | import { config } from '@fortawesome/fontawesome-svg-core';
> 4 | import '@fortawesome/fontawesome-svg-core/styles.css';
    | ^^^^^^^^^^^^^^^^^^^^^^^^^^^^^^^^^^^^^^^^^^^^^^^^^^^^^^
  5 | import "./globals.css";
  6 | import { Header } from "@/components/layout/Header";
  7 | import { Footer } from "@/components/layout/Footer";

https://nextjs.org/docs/messages/module-not-found @ http://localhost:3000/_next/static/chunks/5f34d_next_dist_253e5923._.js:1920
[  525682ms] [ERROR] ./app/page.tsx:8:1
Module not found: Can't resolve '@fortawesome/free-solid-svg-icons'
   6 | import { LogoScroller } from '@/components/home/LogoScroller';
   7 | import { FontAwesomeIcon } from '@fortawesome/react-fontawesome';
>  8 | import {
     | ^^^^^^^^
>  9 |   faBolt,
     | ^^^^^^^^^
> 10 |   faNetworkWired,
     | ^^^^^^^^^
> 11 |   faCode,
     | ^^^^^^^^^
> 12 |   faArrowRight,
     | ^^^^^^^^^
> 13 |   faCircleCheck,
     | ^^^^^^^^^
> 14 |   faChevronDown,
     | ^^^^^^^^^
> 15 | } from '@fortawesome/free-solid-svg-icons';
     | ^^^^^^^^^^^^^^^^^^^^^^^^^^^^^^^^^^^^^^^^^^^^
  16 | import { ImageWithFallback } from '@/components/shared/ImageWithFallback';
  17 | import { RFQForm } from '@/components/forms/rfq';
  18 |

Import traces:
  Client Component Browser:
    ./app/page.tsx [Client Component Browser]
    ./app/page.tsx [Server Component]

  Client Component SSR:
    ./app/page.tsx [Client Component SSR]
    ./app/page.tsx [Server Component]

https://nextjs.org/docs/messages/module-not-found @ http://localhost:3000/_next/static/chunks/5f34d_next_dist_253e5923._.js:1920
[  525682ms] [ERROR] ./app/page.tsx:7:1
Module not found: Can't resolve '@fortawesome/react-fontawesome'
   5 | import { HeroSlider } from '@/components/home/HeroSlider';
   6 | import { LogoScroller } from '@/components/home/LogoScroller';
>  7 | import { FontAwesomeIcon } from '@fortawesome/react-fontawesome';
     | ^^^^^^^^^^^^^^^^^^^^^^^^^^^^^^^^^^^^^^^^^^^^^^^^^^^^^^^^^^^^^^^^^
   8 | import {
   9 |   faBolt,
  10 |   faNetworkWired,

Import traces:
  Client Component Browser:
    ./app/page.tsx [Client Component Browser]
    ./app/page.tsx [Server Component]

  Client Component SSR:
    ./app/page.tsx [Client Component SSR]
    ./app/page.tsx [Server Component]

https://nextjs.org/docs/messages/module-not-found @ http://localhost:3000/_next/static/chunks/5f34d_next_dist_253e5923._.js:1920
[  525682ms] [ERROR] ./components/forms/rfq/RFQForm.tsx:5:1
Module not found: Can't resolve '@hookform/resolvers/zod'
  3 | import { useEffect, useRef } from 'react';
  4 | import { useForm } from 'react-hook-form';
> 5 | import { zodResolver } from '@hookform/resolvers/zod';
    | ^^^^^^^^^^^^^^^^^^^^^^^^^^^^^^^^^^^^^^^^^^^^^^^^^^^^^^
  6 | import { CheckCircle } from 'lucide-react';
  7 | import { rfqSchema, rfqPresetSchema, type RFQFormData, type RFQPresetFormData } from '@/lib/forms/schemas';
  8 | import { useFormSubmit } from '@/hooks/useFormSubmit';

Import traces:
  Client Component Browser:
    ./components/forms/rfq/RFQForm.tsx [Client Component Browser]
    ./app/page.tsx [Client Component Browser]
    ./app/page.tsx [Server Component]

  Client Component SSR:
    ./components/forms/rfq/RFQForm.tsx [Client Component SSR]
    ./app/page.tsx [Client Component SSR]
    ./app/page.tsx [Server Component]

https://nextjs.org/docs/messages/module-not-found @ http://localhost:3000/_next/static/chunks/5f34d_next_dist_253e5923._.js:1920
[  525682ms] [ERROR] ./lib/forms/schemas.ts:1:1
Module not found: Can't resolve 'zod'
> 1 | import { z } from 'zod';
    | ^^^^^^^^^^^^^^^^^^^^^^^^
  2 |
  3 | const baseFields = {
  4 |   firstName: z.string().min(1, 'First name is required'),

Import traces:
  Client Component Browser:
    ./lib/forms/schemas.ts [Client Component Browser]
    ./components/forms/rfq/RFQForm.tsx [Client Component Browser]
    ./app/page.tsx [Client Component Browser]
    ./app/page.tsx [Server Component]

  Client Component SSR:
    ./lib/forms/schemas.ts [Client Component SSR]
    ./components/forms/rfq/RFQForm.tsx [Client Component SSR]
    ./app/page.tsx [Client Component SSR]
    ./app/page.tsx [Server Component]

https://nextjs.org/docs/messages/module-not-found @ http://localhost:3000/_next/static/chunks/5f34d_next_dist_253e5923._.js:1920
[  525756ms] [ERROR] ./app/layout.tsx:3:1
Module not found: Can't resolve '@fortawesome/fontawesome-svg-core'
  1 | import type { Metadata } from "next";
  2 | import { Geist, Geist_Mono } from "next/font/google";
> 3 | import { config } from '@fortawesome/fontawesome-svg-core';
    | ^^^^^^^^^^^^^^^^^^^^^^^^^^^^^^^^^^^^^^^^^^^^^^^^^^^^^^^^^^^
  4 | import '@fortawesome/fontawesome-svg-core/styles.css';
  5 | import "./globals.css";
  6 | import { Header } from "@/components/layout/Header";

https://nextjs.org/docs/messages/module-not-found @ http://localhost:3000/_next/static/chunks/5f34d_next_dist_253e5923._.js:1920
[  525757ms] [ERROR] ./app/layout.tsx:4:1
Module not found: Can't resolve '@fortawesome/fontawesome-svg-core/styles.css'
  2 | import { Geist, Geist_Mono } from "next/font/google";
  3 | import { config } from '@fortawesome/fontawesome-svg-core';
> 4 | import '@fortawesome/fontawesome-svg-core/styles.css';
    | ^^^^^^^^^^^^^^^^^^^^^^^^^^^^^^^^^^^^^^^^^^^^^^^^^^^^^^
  5 | import "./globals.css";
  6 | import { Header } from "@/components/layout/Header";
  7 | import { Footer } from "@/components/layout/Footer";

https://nextjs.org/docs/messages/module-not-found @ http://localhost:3000/_next/static/chunks/5f34d_next_dist_253e5923._.js:1920
[  525757ms] [ERROR] ./app/page.tsx:8:1
Module not found: Can't resolve '@fortawesome/free-solid-svg-icons'
   6 | import { LogoScroller } from '@/components/home/LogoScroller';
   7 | import { FontAwesomeIcon } from '@fortawesome/react-fontawesome';
>  8 | import {
     | ^^^^^^^^
>  9 |   faBolt,
     | ^^^^^^^^^
> 10 |   faNetworkWired,
     | ^^^^^^^^^
> 11 |   faCode,
     | ^^^^^^^^^
> 12 |   faArrowRight,
     | ^^^^^^^^^
> 13 |   faCircleCheck,
     | ^^^^^^^^^
> 14 |   faChevronDown,
     | ^^^^^^^^^
> 15 | } from '@fortawesome/free-solid-svg-icons';
     | ^^^^^^^^^^^^^^^^^^^^^^^^^^^^^^^^^^^^^^^^^^^^
  16 | import { ImageWithFallback } from '@/components/shared/ImageWithFallback';
  17 | import { RFQForm } from '@/components/forms/rfq';
  18 |

Import traces:
  Client Component Browser:
    ./app/page.tsx [Client Component Browser]
    ./app/page.tsx [Server Component]

  Client Component SSR:
    ./app/page.tsx [Client Component SSR]
    ./app/page.tsx [Server Component]

https://nextjs.org/docs/messages/module-not-found @ http://localhost:3000/_next/static/chunks/5f34d_next_dist_253e5923._.js:1920
[  525757ms] [ERROR] ./app/page.tsx:7:1
Module not found: Can't resolve '@fortawesome/react-fontawesome'
   5 | import { HeroSlider } from '@/components/home/HeroSlider';
   6 | import { LogoScroller } from '@/components/home/LogoScroller';
>  7 | import { FontAwesomeIcon } from '@fortawesome/react-fontawesome';
     | ^^^^^^^^^^^^^^^^^^^^^^^^^^^^^^^^^^^^^^^^^^^^^^^^^^^^^^^^^^^^^^^^^
   8 | import {
   9 |   faBolt,
  10 |   faNetworkWired,

Import traces:
  Client Component Browser:
    ./app/page.tsx [Client Component Browser]
    ./app/page.tsx [Server Component]

  Client Component SSR:
    ./app/page.tsx [Client Component SSR]
    ./app/page.tsx [Server Component]

https://nextjs.org/docs/messages/module-not-found @ http://localhost:3000/_next/static/chunks/5f34d_next_dist_253e5923._.js:1920
[  525757ms] [ERROR] ./components/forms/rfq/RFQForm.tsx:5:1
Module not found: Can't resolve '@hookform/resolvers/zod'
  3 | import { useEffect, useRef } from 'react';
  4 | import { useForm } from 'react-hook-form';
> 5 | import { zodResolver } from '@hookform/resolvers/zod';
    | ^^^^^^^^^^^^^^^^^^^^^^^^^^^^^^^^^^^^^^^^^^^^^^^^^^^^^^
  6 | import { CheckCircle } from 'lucide-react';
  7 | import { rfqSchema, rfqPresetSchema, type RFQFormData, type RFQPresetFormData } from '@/lib/forms/schemas';
  8 | import { useFormSubmit } from '@/hooks/useFormSubmit';

Import traces:
  Client Component Browser:
    ./components/forms/rfq/RFQForm.tsx [Client Component Browser]
    ./app/page.tsx [Client Component Browser]
    ./app/page.tsx [Server Component]

  Client Component SSR:
    ./components/forms/rfq/RFQForm.tsx [Client Component SSR]
    ./app/page.tsx [Client Component SSR]
    ./app/page.tsx [Server Component]

https://nextjs.org/docs/messages/module-not-found @ http://localhost:3000/_next/static/chunks/5f34d_next_dist_253e5923._.js:1920
[  525757ms] [ERROR] ./lib/forms/schemas.ts:1:1
Module not found: Can't resolve 'zod'
> 1 | import { z } from 'zod';
    | ^^^^^^^^^^^^^^^^^^^^^^^^
  2 |
  3 | const baseFields = {
  4 |   firstName: z.string().min(1, 'First name is required'),

Import traces:
  Client Component Browser:
    ./lib/forms/schemas.ts [Client Component Browser]
    ./components/forms/rfq/RFQForm.tsx [Client Component Browser]
    ./app/page.tsx [Client Component Browser]
    ./app/page.tsx [Server Component]

  Client Component SSR:
    ./lib/forms/schemas.ts [Client Component SSR]
    ./components/forms/rfq/RFQForm.tsx [Client Component SSR]
    ./app/page.tsx [Client Component SSR]
    ./app/page.tsx [Server Component]

https://nextjs.org/docs/messages/module-not-found @ http://localhost:3000/_next/static/chunks/5f34d_next_dist_253e5923._.js:1920
[  525831ms] [ERROR] ./app/layout.tsx:3:1
Module not found: Can't resolve '@fortawesome/fontawesome-svg-core'
  1 | import type { Metadata } from "next";
  2 | import { Geist, Geist_Mono } from "next/font/google";
> 3 | import { config } from '@fortawesome/fontawesome-svg-core';
    | ^^^^^^^^^^^^^^^^^^^^^^^^^^^^^^^^^^^^^^^^^^^^^^^^^^^^^^^^^^^
  4 | import '@fortawesome/fontawesome-svg-core/styles.css';
  5 | import "./globals.css";
  6 | import { Header } from "@/components/layout/Header";

https://nextjs.org/docs/messages/module-not-found @ http://localhost:3000/_next/static/chunks/5f34d_next_dist_253e5923._.js:1920
[  525832ms] [ERROR] ./app/layout.tsx:4:1
Module not found: Can't resolve '@fortawesome/fontawesome-svg-core/styles.css'
  2 | import { Geist, Geist_Mono } from "next/font/google";
  3 | import { config } from '@fortawesome/fontawesome-svg-core';
> 4 | import '@fortawesome/fontawesome-svg-core/styles.css';
    | ^^^^^^^^^^^^^^^^^^^^^^^^^^^^^^^^^^^^^^^^^^^^^^^^^^^^^^
  5 | import "./globals.css";
  6 | import { Header } from "@/components/layout/Header";
  7 | import { Footer } from "@/components/layout/Footer";

https://nextjs.org/docs/messages/module-not-found @ http://localhost:3000/_next/static/chunks/5f34d_next_dist_253e5923._.js:1920
[  525832ms] [ERROR] ./app/page.tsx:8:1
Module not found: Can't resolve '@fortawesome/free-solid-svg-icons'
   6 | import { LogoScroller } from '@/components/home/LogoScroller';
   7 | import { FontAwesomeIcon } from '@fortawesome/react-fontawesome';
>  8 | import {
     | ^^^^^^^^
>  9 |   faBolt,
     | ^^^^^^^^^
> 10 |   faNetworkWired,
     | ^^^^^^^^^
> 11 |   faCode,
     | ^^^^^^^^^
> 12 |   faArrowRight,
     | ^^^^^^^^^
> 13 |   faCircleCheck,
     | ^^^^^^^^^
> 14 |   faChevronDown,
     | ^^^^^^^^^
> 15 | } from '@fortawesome/free-solid-svg-icons';
     | ^^^^^^^^^^^^^^^^^^^^^^^^^^^^^^^^^^^^^^^^^^^^
  16 | import { ImageWithFallback } from '@/components/shared/ImageWithFallback';
  17 | import { RFQForm } from '@/components/forms/rfq';
  18 |

Import traces:
  Client Component Browser:
    ./app/page.tsx [Client Component Browser]
    ./app/page.tsx [Server Component]

  Client Component SSR:
    ./app/page.tsx [Client Component SSR]
    ./app/page.tsx [Server Component]

https://nextjs.org/docs/messages/module-not-found @ http://localhost:3000/_next/static/chunks/5f34d_next_dist_253e5923._.js:1920
[  525832ms] [ERROR] ./app/page.tsx:7:1
Module not found: Can't resolve '@fortawesome/react-fontawesome'
   5 | import { HeroSlider } from '@/components/home/HeroSlider';
   6 | import { LogoScroller } from '@/components/home/LogoScroller';
>  7 | import { FontAwesomeIcon } from '@fortawesome/react-fontawesome';
     | ^^^^^^^^^^^^^^^^^^^^^^^^^^^^^^^^^^^^^^^^^^^^^^^^^^^^^^^^^^^^^^^^^
   8 | import {
   9 |   faBolt,
  10 |   faNetworkWired,

Import traces:
  Client Component Browser:
    ./app/page.tsx [Client Component Browser]
    ./app/page.tsx [Server Component]

  Client Component SSR:
    ./app/page.tsx [Client Component SSR]
    ./app/page.tsx [Server Component]

https://nextjs.org/docs/messages/module-not-found @ http://localhost:3000/_next/static/chunks/5f34d_next_dist_253e5923._.js:1920
[  525832ms] [ERROR] ./components/forms/rfq/RFQForm.tsx:5:1
Module not found: Can't resolve '@hookform/resolvers/zod'
  3 | import { useEffect, useRef } from 'react';
  4 | import { useForm } from 'react-hook-form';
> 5 | import { zodResolver } from '@hookform/resolvers/zod';
    | ^^^^^^^^^^^^^^^^^^^^^^^^^^^^^^^^^^^^^^^^^^^^^^^^^^^^^^
  6 | import { CheckCircle } from 'lucide-react';
  7 | import { rfqSchema, rfqPresetSchema, type RFQFormData, type RFQPresetFormData } from '@/lib/forms/schemas';
  8 | import { useFormSubmit } from '@/hooks/useFormSubmit';

Import traces:
  Client Component Browser:
    ./components/forms/rfq/RFQForm.tsx [Client Component Browser]
    ./app/page.tsx [Client Component Browser]
    ./app/page.tsx [Server Component]

  Client Component SSR:
    ./components/forms/rfq/RFQForm.tsx [Client Component SSR]
    ./app/page.tsx [Client Component SSR]
    ./app/page.tsx [Server Component]

https://nextjs.org/docs/messages/module-not-found @ http://localhost:3000/_next/static/chunks/5f34d_next_dist_253e5923._.js:1920
[  525832ms] [ERROR] ./lib/forms/schemas.ts:1:1
Module not found: Can't resolve 'zod'
> 1 | import { z } from 'zod';
    | ^^^^^^^^^^^^^^^^^^^^^^^^
  2 |
  3 | const baseFields = {
  4 |   firstName: z.string().min(1, 'First name is required'),

Import traces:
  Client Component Browser:
    ./lib/forms/schemas.ts [Client Component Browser]
    ./components/forms/rfq/RFQForm.tsx [Client Component Browser]
    ./app/page.tsx [Client Component Browser]
    ./app/page.tsx [Server Component]

  Client Component SSR:
    ./lib/forms/schemas.ts [Client Component SSR]
    ./components/forms/rfq/RFQForm.tsx [Client Component SSR]
    ./app/page.tsx [Client Component SSR]
    ./app/page.tsx [Server Component]

https://nextjs.org/docs/messages/module-not-found @ http://localhost:3000/_next/static/chunks/5f34d_next_dist_253e5923._.js:1920
[  525910ms] [ERROR] ./app/layout.tsx:3:1
Module not found: Can't resolve '@fortawesome/fontawesome-svg-core'
  1 | import type { Metadata } from "next";
  2 | import { Geist, Geist_Mono } from "next/font/google";
> 3 | import { config } from '@fortawesome/fontawesome-svg-core';
    | ^^^^^^^^^^^^^^^^^^^^^^^^^^^^^^^^^^^^^^^^^^^^^^^^^^^^^^^^^^^
  4 | import '@fortawesome/fontawesome-svg-core/styles.css';
  5 | import "./globals.css";
  6 | import { Header } from "@/components/layout/Header";

https://nextjs.org/docs/messages/module-not-found @ http://localhost:3000/_next/static/chunks/5f34d_next_dist_253e5923._.js:1920
[  525910ms] [ERROR] ./app/layout.tsx:4:1
Module not found: Can't resolve '@fortawesome/fontawesome-svg-core/styles.css'
  2 | import { Geist, Geist_Mono } from "next/font/google";
  3 | import { config } from '@fortawesome/fontawesome-svg-core';
> 4 | import '@fortawesome/fontawesome-svg-core/styles.css';
    | ^^^^^^^^^^^^^^^^^^^^^^^^^^^^^^^^^^^^^^^^^^^^^^^^^^^^^^
  5 | import "./globals.css";
  6 | import { Header } from "@/components/layout/Header";
  7 | import { Footer } from "@/components/layout/Footer";

https://nextjs.org/docs/messages/module-not-found @ http://localhost:3000/_next/static/chunks/5f34d_next_dist_253e5923._.js:1920
[  525910ms] [ERROR] ./app/page.tsx:8:1
Module not found: Can't resolve '@fortawesome/free-solid-svg-icons'
   6 | import { LogoScroller } from '@/components/home/LogoScroller';
   7 | import { FontAwesomeIcon } from '@fortawesome/react-fontawesome';
>  8 | import {
     | ^^^^^^^^
>  9 |   faBolt,
     | ^^^^^^^^^
> 10 |   faNetworkWired,
     | ^^^^^^^^^
> 11 |   faCode,
     | ^^^^^^^^^
> 12 |   faArrowRight,
     | ^^^^^^^^^
> 13 |   faCircleCheck,
     | ^^^^^^^^^
> 14 |   faChevronDown,
     | ^^^^^^^^^
> 15 | } from '@fortawesome/free-solid-svg-icons';
     | ^^^^^^^^^^^^^^^^^^^^^^^^^^^^^^^^^^^^^^^^^^^^
  16 | import { ImageWithFallback } from '@/components/shared/ImageWithFallback';
  17 | import { RFQForm } from '@/components/forms/rfq';
  18 |

Import traces:
  Client Component Browser:
    ./app/page.tsx [Client Component Browser]
    ./app/page.tsx [Server Component]

  Client Component SSR:
    ./app/page.tsx [Client Component SSR]
    ./app/page.tsx [Server Component]

https://nextjs.org/docs/messages/module-not-found @ http://localhost:3000/_next/static/chunks/5f34d_next_dist_253e5923._.js:1920
[  525910ms] [ERROR] ./app/page.tsx:7:1
Module not found: Can't resolve '@fortawesome/react-fontawesome'
   5 | import { HeroSlider } from '@/components/home/HeroSlider';
   6 | import { LogoScroller } from '@/components/home/LogoScroller';
>  7 | import { FontAwesomeIcon } from '@fortawesome/react-fontawesome';
     | ^^^^^^^^^^^^^^^^^^^^^^^^^^^^^^^^^^^^^^^^^^^^^^^^^^^^^^^^^^^^^^^^^
   8 | import {
   9 |   faBolt,
  10 |   faNetworkWired,

Import traces:
  Client Component Browser:
    ./app/page.tsx [Client Component Browser]
    ./app/page.tsx [Server Component]

  Client Component SSR:
    ./app/page.tsx [Client Component SSR]
    ./app/page.tsx [Server Component]

https://nextjs.org/docs/messages/module-not-found @ http://localhost:3000/_next/static/chunks/5f34d_next_dist_253e5923._.js:1920
[  525911ms] [ERROR] ./components/forms/rfq/RFQForm.tsx:5:1
Module not found: Can't resolve '@hookform/resolvers/zod'
  3 | import { useEffect, useRef } from 'react';
  4 | import { useForm } from 'react-hook-form';
> 5 | import { zodResolver } from '@hookform/resolvers/zod';
    | ^^^^^^^^^^^^^^^^^^^^^^^^^^^^^^^^^^^^^^^^^^^^^^^^^^^^^^
  6 | import { CheckCircle } from 'lucide-react';
  7 | import { rfqSchema, rfqPresetSchema, type RFQFormData, type RFQPresetFormData } from '@/lib/forms/schemas';
  8 | import { useFormSubmit } from '@/hooks/useFormSubmit';

Import traces:
  Client Component Browser:
    ./components/forms/rfq/RFQForm.tsx [Client Component Browser]
    ./app/page.tsx [Client Component Browser]
    ./app/page.tsx [Server Component]

  Client Component SSR:
    ./components/forms/rfq/RFQForm.tsx [Client Component SSR]
    ./app/page.tsx [Client Component SSR]
    ./app/page.tsx [Server Component]

https://nextjs.org/docs/messages/module-not-found @ http://localhost:3000/_next/static/chunks/5f34d_next_dist_253e5923._.js:1920
[  525911ms] [ERROR] ./lib/forms/schemas.ts:1:1
Module not found: Can't resolve 'zod'
> 1 | import { z } from 'zod';
    | ^^^^^^^^^^^^^^^^^^^^^^^^
  2 |
  3 | const baseFields = {
  4 |   firstName: z.string().min(1, 'First name is required'),

Import traces:
  Client Component Browser:
    ./lib/forms/schemas.ts [Client Component Browser]
    ./components/forms/rfq/RFQForm.tsx [Client Component Browser]
    ./app/page.tsx [Client Component Browser]
    ./app/page.tsx [Server Component]

  Client Component SSR:
    ./lib/forms/schemas.ts [Client Component SSR]
    ./components/forms/rfq/RFQForm.tsx [Client Component SSR]
    ./app/page.tsx [Client Component SSR]
    ./app/page.tsx [Server Component]

https://nextjs.org/docs/messages/module-not-found @ http://localhost:3000/_next/static/chunks/5f34d_next_dist_253e5923._.js:1920
[  525985ms] [ERROR] ./app/layout.tsx:3:1
Module not found: Can't resolve '@fortawesome/fontawesome-svg-core'
  1 | import type { Metadata } from "next";
  2 | import { Geist, Geist_Mono } from "next/font/google";
> 3 | import { config } from '@fortawesome/fontawesome-svg-core';
    | ^^^^^^^^^^^^^^^^^^^^^^^^^^^^^^^^^^^^^^^^^^^^^^^^^^^^^^^^^^^
  4 | import '@fortawesome/fontawesome-svg-core/styles.css';
  5 | import "./globals.css";
  6 | import { Header } from "@/components/layout/Header";

https://nextjs.org/docs/messages/module-not-found @ http://localhost:3000/_next/static/chunks/5f34d_next_dist_253e5923._.js:1920
[  525986ms] [ERROR] ./app/layout.tsx:4:1
Module not found: Can't resolve '@fortawesome/fontawesome-svg-core/styles.css'
  2 | import { Geist, Geist_Mono } from "next/font/google";
  3 | import { config } from '@fortawesome/fontawesome-svg-core';
> 4 | import '@fortawesome/fontawesome-svg-core/styles.css';
    | ^^^^^^^^^^^^^^^^^^^^^^^^^^^^^^^^^^^^^^^^^^^^^^^^^^^^^^
  5 | import "./globals.css";
  6 | import { Header } from "@/components/layout/Header";
  7 | import { Footer } from "@/components/layout/Footer";

https://nextjs.org/docs/messages/module-not-found @ http://localhost:3000/_next/static/chunks/5f34d_next_dist_253e5923._.js:1920
[  525986ms] [ERROR] ./app/page.tsx:8:1
Module not found: Can't resolve '@fortawesome/free-solid-svg-icons'
   6 | import { LogoScroller } from '@/components/home/LogoScroller';
   7 | import { FontAwesomeIcon } from '@fortawesome/react-fontawesome';
>  8 | import {
     | ^^^^^^^^
>  9 |   faBolt,
     | ^^^^^^^^^
> 10 |   faNetworkWired,
     | ^^^^^^^^^
> 11 |   faCode,
     | ^^^^^^^^^
> 12 |   faArrowRight,
     | ^^^^^^^^^
> 13 |   faCircleCheck,
     | ^^^^^^^^^
> 14 |   faChevronDown,
     | ^^^^^^^^^
> 15 | } from '@fortawesome/free-solid-svg-icons';
     | ^^^^^^^^^^^^^^^^^^^^^^^^^^^^^^^^^^^^^^^^^^^^
  16 | import { ImageWithFallback } from '@/components/shared/ImageWithFallback';
  17 | import { RFQForm } from '@/components/forms/rfq';
  18 |

Import traces:
  Client Component Browser:
    ./app/page.tsx [Client Component Browser]
    ./app/page.tsx [Server Component]

  Client Component SSR:
    ./app/page.tsx [Client Component SSR]
    ./app/page.tsx [Server Component]

https://nextjs.org/docs/messages/module-not-found @ http://localhost:3000/_next/static/chunks/5f34d_next_dist_253e5923._.js:1920
[  525986ms] [ERROR] ./app/page.tsx:7:1
Module not found: Can't resolve '@fortawesome/react-fontawesome'
   5 | import { HeroSlider } from '@/components/home/HeroSlider';
   6 | import { LogoScroller } from '@/components/home/LogoScroller';
>  7 | import { FontAwesomeIcon } from '@fortawesome/react-fontawesome';
     | ^^^^^^^^^^^^^^^^^^^^^^^^^^^^^^^^^^^^^^^^^^^^^^^^^^^^^^^^^^^^^^^^^
   8 | import {
   9 |   faBolt,
  10 |   faNetworkWired,

Import traces:
  Client Component Browser:
    ./app/page.tsx [Client Component Browser]
    ./app/page.tsx [Server Component]

  Client Component SSR:
    ./app/page.tsx [Client Component SSR]
    ./app/page.tsx [Server Component]

https://nextjs.org/docs/messages/module-not-found @ http://localhost:3000/_next/static/chunks/5f34d_next_dist_253e5923._.js:1920
[  525987ms] [ERROR] ./components/forms/rfq/RFQForm.tsx:5:1
Module not found: Can't resolve '@hookform/resolvers/zod'
  3 | import { useEffect, useRef } from 'react';
  4 | import { useForm } from 'react-hook-form';
> 5 | import { zodResolver } from '@hookform/resolvers/zod';
    | ^^^^^^^^^^^^^^^^^^^^^^^^^^^^^^^^^^^^^^^^^^^^^^^^^^^^^^
  6 | import { CheckCircle } from 'lucide-react';
  7 | import { rfqSchema, rfqPresetSchema, type RFQFormData, type RFQPresetFormData } from '@/lib/forms/schemas';
  8 | import { useFormSubmit } from '@/hooks/useFormSubmit';

Import traces:
  Client Component Browser:
    ./components/forms/rfq/RFQForm.tsx [Client Component Browser]
    ./app/page.tsx [Client Component Browser]
    ./app/page.tsx [Server Component]

  Client Component SSR:
    ./components/forms/rfq/RFQForm.tsx [Client Component SSR]
    ./app/page.tsx [Client Component SSR]
    ./app/page.tsx [Server Component]

https://nextjs.org/docs/messages/module-not-found @ http://localhost:3000/_next/static/chunks/5f34d_next_dist_253e5923._.js:1920
[  525987ms] [ERROR] ./lib/forms/schemas.ts:1:1
Module not found: Can't resolve 'zod'
> 1 | import { z } from 'zod';
    | ^^^^^^^^^^^^^^^^^^^^^^^^
  2 |
  3 | const baseFields = {
  4 |   firstName: z.string().min(1, 'First name is required'),

Import traces:
  Client Component Browser:
    ./lib/forms/schemas.ts [Client Component Browser]
    ./components/forms/rfq/RFQForm.tsx [Client Component Browser]
    ./app/page.tsx [Client Component Browser]
    ./app/page.tsx [Server Component]

  Client Component SSR:
    ./lib/forms/schemas.ts [Client Component SSR]
    ./components/forms/rfq/RFQForm.tsx [Client Component SSR]
    ./app/page.tsx [Client Component SSR]
    ./app/page.tsx [Server Component]

https://nextjs.org/docs/messages/module-not-found @ http://localhost:3000/_next/static/chunks/5f34d_next_dist_253e5923._.js:1920
[  526076ms] [ERROR] ./app/layout.tsx:3:1
Module not found: Can't resolve '@fortawesome/fontawesome-svg-core'
  1 | import type { Metadata } from "next";
  2 | import { Geist, Geist_Mono } from "next/font/google";
> 3 | import { config } from '@fortawesome/fontawesome-svg-core';
    | ^^^^^^^^^^^^^^^^^^^^^^^^^^^^^^^^^^^^^^^^^^^^^^^^^^^^^^^^^^^
  4 | import '@fortawesome/fontawesome-svg-core/styles.css';
  5 | import "./globals.css";
  6 | import { Header } from "@/components/layout/Header";

https://nextjs.org/docs/messages/module-not-found @ http://localhost:3000/_next/static/chunks/5f34d_next_dist_253e5923._.js:1920
[  526076ms] [ERROR] ./app/layout.tsx:4:1
Module not found: Can't resolve '@fortawesome/fontawesome-svg-core/styles.css'
  2 | import { Geist, Geist_Mono } from "next/font/google";
  3 | import { config } from '@fortawesome/fontawesome-svg-core';
> 4 | import '@fortawesome/fontawesome-svg-core/styles.css';
    | ^^^^^^^^^^^^^^^^^^^^^^^^^^^^^^^^^^^^^^^^^^^^^^^^^^^^^^
  5 | import "./globals.css";
  6 | import { Header } from "@/components/layout/Header";
  7 | import { Footer } from "@/components/layout/Footer";

https://nextjs.org/docs/messages/module-not-found @ http://localhost:3000/_next/static/chunks/5f34d_next_dist_253e5923._.js:1920
[  526076ms] [ERROR] ./app/page.tsx:8:1
Module not found: Can't resolve '@fortawesome/free-solid-svg-icons'
   6 | import { LogoScroller } from '@/components/home/LogoScroller';
   7 | import { FontAwesomeIcon } from '@fortawesome/react-fontawesome';
>  8 | import {
     | ^^^^^^^^
>  9 |   faBolt,
     | ^^^^^^^^^
> 10 |   faNetworkWired,
     | ^^^^^^^^^
> 11 |   faCode,
     | ^^^^^^^^^
> 12 |   faArrowRight,
     | ^^^^^^^^^
> 13 |   faCircleCheck,
     | ^^^^^^^^^
> 14 |   faChevronDown,
     | ^^^^^^^^^
> 15 | } from '@fortawesome/free-solid-svg-icons';
     | ^^^^^^^^^^^^^^^^^^^^^^^^^^^^^^^^^^^^^^^^^^^^
  16 | import { ImageWithFallback } from '@/components/shared/ImageWithFallback';
  17 | import { RFQForm } from '@/components/forms/rfq';
  18 |

Import traces:
  Client Component Browser:
    ./app/page.tsx [Client Component Browser]
    ./app/page.tsx [Server Component]

  Client Component SSR:
    ./app/page.tsx [Client Component SSR]
    ./app/page.tsx [Server Component]

https://nextjs.org/docs/messages/module-not-found @ http://localhost:3000/_next/static/chunks/5f34d_next_dist_253e5923._.js:1920
[  526076ms] [ERROR] ./app/page.tsx:7:1
Module not found: Can't resolve '@fortawesome/react-fontawesome'
   5 | import { HeroSlider } from '@/components/home/HeroSlider';
   6 | import { LogoScroller } from '@/components/home/LogoScroller';
>  7 | import { FontAwesomeIcon } from '@fortawesome/react-fontawesome';
     | ^^^^^^^^^^^^^^^^^^^^^^^^^^^^^^^^^^^^^^^^^^^^^^^^^^^^^^^^^^^^^^^^^
   8 | import {
   9 |   faBolt,
  10 |   faNetworkWired,

Import traces:
  Client Component Browser:
    ./app/page.tsx [Client Component Browser]
    ./app/page.tsx [Server Component]

  Client Component SSR:
    ./app/page.tsx [Client Component SSR]
    ./app/page.tsx [Server Component]

https://nextjs.org/docs/messages/module-not-found @ http://localhost:3000/_next/static/chunks/5f34d_next_dist_253e5923._.js:1920
[  526077ms] [ERROR] ./components/forms/rfq/RFQForm.tsx:5:1
Module not found: Can't resolve '@hookform/resolvers/zod'
  3 | import { useEffect, useRef } from 'react';
  4 | import { useForm } from 'react-hook-form';
> 5 | import { zodResolver } from '@hookform/resolvers/zod';
    | ^^^^^^^^^^^^^^^^^^^^^^^^^^^^^^^^^^^^^^^^^^^^^^^^^^^^^^
  6 | import { CheckCircle } from 'lucide-react';
  7 | import { rfqSchema, rfqPresetSchema, type RFQFormData, type RFQPresetFormData } from '@/lib/forms/schemas';
  8 | import { useFormSubmit } from '@/hooks/useFormSubmit';

Import traces:
  Client Component Browser:
    ./components/forms/rfq/RFQForm.tsx [Client Component Browser]
    ./app/page.tsx [Client Component Browser]
    ./app/page.tsx [Server Component]

  Client Component SSR:
    ./components/forms/rfq/RFQForm.tsx [Client Component SSR]
    ./app/page.tsx [Client Component SSR]
    ./app/page.tsx [Server Component]

https://nextjs.org/docs/messages/module-not-found @ http://localhost:3000/_next/static/chunks/5f34d_next_dist_253e5923._.js:1920
[  526077ms] [ERROR] ./lib/forms/schemas.ts:1:1
Module not found: Can't resolve 'zod'
> 1 | import { z } from 'zod';
    | ^^^^^^^^^^^^^^^^^^^^^^^^
  2 |
  3 | const baseFields = {
  4 |   firstName: z.string().min(1, 'First name is required'),

Import traces:
  Client Component Browser:
    ./lib/forms/schemas.ts [Client Component Browser]
    ./components/forms/rfq/RFQForm.tsx [Client Component Browser]
    ./app/page.tsx [Client Component Browser]
    ./app/page.tsx [Server Component]

  Client Component SSR:
    ./lib/forms/schemas.ts [Client Component SSR]
    ./components/forms/rfq/RFQForm.tsx [Client Component SSR]
    ./app/page.tsx [Client Component SSR]
    ./app/page.tsx [Server Component]

https://nextjs.org/docs/messages/module-not-found @ http://localhost:3000/_next/static/chunks/5f34d_next_dist_253e5923._.js:1920
[  526162ms] [ERROR] ./app/layout.tsx:3:1
Module not found: Can't resolve '@fortawesome/fontawesome-svg-core'
  1 | import type { Metadata } from "next";
  2 | import { Geist, Geist_Mono } from "next/font/google";
> 3 | import { config } from '@fortawesome/fontawesome-svg-core';
    | ^^^^^^^^^^^^^^^^^^^^^^^^^^^^^^^^^^^^^^^^^^^^^^^^^^^^^^^^^^^
  4 | import '@fortawesome/fontawesome-svg-core/styles.css';
  5 | import "./globals.css";
  6 | import { Header } from "@/components/layout/Header";

https://nextjs.org/docs/messages/module-not-found @ http://localhost:3000/_next/static/chunks/5f34d_next_dist_253e5923._.js:1920
[  526162ms] [ERROR] ./app/layout.tsx:4:1
Module not found: Can't resolve '@fortawesome/fontawesome-svg-core/styles.css'
  2 | import { Geist, Geist_Mono } from "next/font/google";
  3 | import { config } from '@fortawesome/fontawesome-svg-core';
> 4 | import '@fortawesome/fontawesome-svg-core/styles.css';
    | ^^^^^^^^^^^^^^^^^^^^^^^^^^^^^^^^^^^^^^^^^^^^^^^^^^^^^^
  5 | import "./globals.css";
  6 | import { Header } from "@/components/layout/Header";
  7 | import { Footer } from "@/components/layout/Footer";

https://nextjs.org/docs/messages/module-not-found @ http://localhost:3000/_next/static/chunks/5f34d_next_dist_253e5923._.js:1920
[  526162ms] [ERROR] ./app/page.tsx:8:1
Module not found: Can't resolve '@fortawesome/free-solid-svg-icons'
   6 | import { LogoScroller } from '@/components/home/LogoScroller';
   7 | import { FontAwesomeIcon } from '@fortawesome/react-fontawesome';
>  8 | import {
     | ^^^^^^^^
>  9 |   faBolt,
     | ^^^^^^^^^
> 10 |   faNetworkWired,
     | ^^^^^^^^^
> 11 |   faCode,
     | ^^^^^^^^^
> 12 |   faArrowRight,
     | ^^^^^^^^^
> 13 |   faCircleCheck,
     | ^^^^^^^^^
> 14 |   faChevronDown,
     | ^^^^^^^^^
> 15 | } from '@fortawesome/free-solid-svg-icons';
     | ^^^^^^^^^^^^^^^^^^^^^^^^^^^^^^^^^^^^^^^^^^^^
  16 | import { ImageWithFallback } from '@/components/shared/ImageWithFallback';
  17 | import { RFQForm } from '@/components/forms/rfq';
  18 |

Import traces:
  Client Component Browser:
    ./app/page.tsx [Client Component Browser]
    ./app/page.tsx [Server Component]

  Client Component SSR:
    ./app/page.tsx [Client Component SSR]
    ./app/page.tsx [Server Component]

https://nextjs.org/docs/messages/module-not-found @ http://localhost:3000/_next/static/chunks/5f34d_next_dist_253e5923._.js:1920
[  526162ms] [ERROR] ./app/page.tsx:7:1
Module not found: Can't resolve '@fortawesome/react-fontawesome'
   5 | import { HeroSlider } from '@/components/home/HeroSlider';
   6 | import { LogoScroller } from '@/components/home/LogoScroller';
>  7 | import { FontAwesomeIcon } from '@fortawesome/react-fontawesome';
     | ^^^^^^^^^^^^^^^^^^^^^^^^^^^^^^^^^^^^^^^^^^^^^^^^^^^^^^^^^^^^^^^^^
   8 | import {
   9 |   faBolt,
  10 |   faNetworkWired,

Import traces:
  Client Component Browser:
    ./app/page.tsx [Client Component Browser]
    ./app/page.tsx [Server Component]

  Client Component SSR:
    ./app/page.tsx [Client Component SSR]
    ./app/page.tsx [Server Component]

https://nextjs.org/docs/messages/module-not-found @ http://localhost:3000/_next/static/chunks/5f34d_next_dist_253e5923._.js:1920
[  526163ms] [ERROR] ./components/forms/rfq/RFQForm.tsx:5:1
Module not found: Can't resolve '@hookform/resolvers/zod'
  3 | import { useEffect, useRef } from 'react';
  4 | import { useForm } from 'react-hook-form';
> 5 | import { zodResolver } from '@hookform/resolvers/zod';
    | ^^^^^^^^^^^^^^^^^^^^^^^^^^^^^^^^^^^^^^^^^^^^^^^^^^^^^^
  6 | import { CheckCircle } from 'lucide-react';
  7 | import { rfqSchema, rfqPresetSchema, type RFQFormData, type RFQPresetFormData } from '@/lib/forms/schemas';
  8 | import { useFormSubmit } from '@/hooks/useFormSubmit';

Import traces:
  Client Component Browser:
    ./components/forms/rfq/RFQForm.tsx [Client Component Browser]
    ./app/page.tsx [Client Component Browser]
    ./app/page.tsx [Server Component]

  Client Component SSR:
    ./components/forms/rfq/RFQForm.tsx [Client Component SSR]
    ./app/page.tsx [Client Component SSR]
    ./app/page.tsx [Server Component]

https://nextjs.org/docs/messages/module-not-found @ http://localhost:3000/_next/static/chunks/5f34d_next_dist_253e5923._.js:1920
[  526163ms] [ERROR] ./lib/forms/schemas.ts:1:1
Module not found: Can't resolve 'zod'
> 1 | import { z } from 'zod';
    | ^^^^^^^^^^^^^^^^^^^^^^^^
  2 |
  3 | const baseFields = {
  4 |   firstName: z.string().min(1, 'First name is required'),

Import traces:
  Client Component Browser:
    ./lib/forms/schemas.ts [Client Component Browser]
    ./components/forms/rfq/RFQForm.tsx [Client Component Browser]
    ./app/page.tsx [Client Component Browser]
    ./app/page.tsx [Server Component]

  Client Component SSR:
    ./lib/forms/schemas.ts [Client Component SSR]
    ./components/forms/rfq/RFQForm.tsx [Client Component SSR]
    ./app/page.tsx [Client Component SSR]
    ./app/page.tsx [Server Component]

https://nextjs.org/docs/messages/module-not-found @ http://localhost:3000/_next/static/chunks/5f34d_next_dist_253e5923._.js:1920
[  526234ms] [ERROR] ./app/layout.tsx:3:1
Module not found: Can't resolve '@fortawesome/fontawesome-svg-core'
  1 | import type { Metadata } from "next";
  2 | import { Geist, Geist_Mono } from "next/font/google";
> 3 | import { config } from '@fortawesome/fontawesome-svg-core';
    | ^^^^^^^^^^^^^^^^^^^^^^^^^^^^^^^^^^^^^^^^^^^^^^^^^^^^^^^^^^^
  4 | import '@fortawesome/fontawesome-svg-core/styles.css';
  5 | import "./globals.css";
  6 | import { Header } from "@/components/layout/Header";

https://nextjs.org/docs/messages/module-not-found @ http://localhost:3000/_next/static/chunks/5f34d_next_dist_253e5923._.js:1920
[  526235ms] [ERROR] ./app/layout.tsx:4:1
Module not found: Can't resolve '@fortawesome/fontawesome-svg-core/styles.css'
  2 | import { Geist, Geist_Mono } from "next/font/google";
  3 | import { config } from '@fortawesome/fontawesome-svg-core';
> 4 | import '@fortawesome/fontawesome-svg-core/styles.css';
    | ^^^^^^^^^^^^^^^^^^^^^^^^^^^^^^^^^^^^^^^^^^^^^^^^^^^^^^
  5 | import "./globals.css";
  6 | import { Header } from "@/components/layout/Header";
  7 | import { Footer } from "@/components/layout/Footer";

https://nextjs.org/docs/messages/module-not-found @ http://localhost:3000/_next/static/chunks/5f34d_next_dist_253e5923._.js:1920
[  526235ms] [ERROR] ./app/page.tsx:8:1
Module not found: Can't resolve '@fortawesome/free-solid-svg-icons'
   6 | import { LogoScroller } from '@/components/home/LogoScroller';
   7 | import { FontAwesomeIcon } from '@fortawesome/react-fontawesome';
>  8 | import {
     | ^^^^^^^^
>  9 |   faBolt,
     | ^^^^^^^^^
> 10 |   faNetworkWired,
     | ^^^^^^^^^
> 11 |   faCode,
     | ^^^^^^^^^
> 12 |   faArrowRight,
     | ^^^^^^^^^
> 13 |   faCircleCheck,
     | ^^^^^^^^^
> 14 |   faChevronDown,
     | ^^^^^^^^^
> 15 | } from '@fortawesome/free-solid-svg-icons';
     | ^^^^^^^^^^^^^^^^^^^^^^^^^^^^^^^^^^^^^^^^^^^^
  16 | import { ImageWithFallback } from '@/components/shared/ImageWithFallback';
  17 | import { RFQForm } from '@/components/forms/rfq';
  18 |

Import traces:
  Client Component Browser:
    ./app/page.tsx [Client Component Browser]
    ./app/page.tsx [Server Component]

  Client Component SSR:
    ./app/page.tsx [Client Component SSR]
    ./app/page.tsx [Server Component]

https://nextjs.org/docs/messages/module-not-found @ http://localhost:3000/_next/static/chunks/5f34d_next_dist_253e5923._.js:1920
[  526235ms] [ERROR] ./app/page.tsx:7:1
Module not found: Can't resolve '@fortawesome/react-fontawesome'
   5 | import { HeroSlider } from '@/components/home/HeroSlider';
   6 | import { LogoScroller } from '@/components/home/LogoScroller';
>  7 | import { FontAwesomeIcon } from '@fortawesome/react-fontawesome';
     | ^^^^^^^^^^^^^^^^^^^^^^^^^^^^^^^^^^^^^^^^^^^^^^^^^^^^^^^^^^^^^^^^^
   8 | import {
   9 |   faBolt,
  10 |   faNetworkWired,

Import traces:
  Client Component Browser:
    ./app/page.tsx [Client Component Browser]
    ./app/page.tsx [Server Component]

  Client Component SSR:
    ./app/page.tsx [Client Component SSR]
    ./app/page.tsx [Server Component]

https://nextjs.org/docs/messages/module-not-found @ http://localhost:3000/_next/static/chunks/5f34d_next_dist_253e5923._.js:1920
[  526235ms] [ERROR] ./components/forms/rfq/RFQForm.tsx:5:1
Module not found: Can't resolve '@hookform/resolvers/zod'
  3 | import { useEffect, useRef } from 'react';
  4 | import { useForm } from 'react-hook-form';
> 5 | import { zodResolver } from '@hookform/resolvers/zod';
    | ^^^^^^^^^^^^^^^^^^^^^^^^^^^^^^^^^^^^^^^^^^^^^^^^^^^^^^
  6 | import { CheckCircle } from 'lucide-react';
  7 | import { rfqSchema, rfqPresetSchema, type RFQFormData, type RFQPresetFormData } from '@/lib/forms/schemas';
  8 | import { useFormSubmit } from '@/hooks/useFormSubmit';

Import traces:
  Client Component Browser:
    ./components/forms/rfq/RFQForm.tsx [Client Component Browser]
    ./app/page.tsx [Client Component Browser]
    ./app/page.tsx [Server Component]

  Client Component SSR:
    ./components/forms/rfq/RFQForm.tsx [Client Component SSR]
    ./app/page.tsx [Client Component SSR]
    ./app/page.tsx [Server Component]

https://nextjs.org/docs/messages/module-not-found @ http://localhost:3000/_next/static/chunks/5f34d_next_dist_253e5923._.js:1920
[  526236ms] [ERROR] ./lib/forms/schemas.ts:1:1
Module not found: Can't resolve 'zod'
> 1 | import { z } from 'zod';
    | ^^^^^^^^^^^^^^^^^^^^^^^^
  2 |
  3 | const baseFields = {
  4 |   firstName: z.string().min(1, 'First name is required'),

Import traces:
  Client Component Browser:
    ./lib/forms/schemas.ts [Client Component Browser]
    ./components/forms/rfq/RFQForm.tsx [Client Component Browser]
    ./app/page.tsx [Client Component Browser]
    ./app/page.tsx [Server Component]

  Client Component SSR:
    ./lib/forms/schemas.ts [Client Component SSR]
    ./components/forms/rfq/RFQForm.tsx [Client Component SSR]
    ./app/page.tsx [Client Component SSR]
    ./app/page.tsx [Server Component]

https://nextjs.org/docs/messages/module-not-found @ http://localhost:3000/_next/static/chunks/5f34d_next_dist_253e5923._.js:1920
[  526297ms] [ERROR] ./app/layout.tsx:3:1
Module not found: Can't resolve '@fortawesome/fontawesome-svg-core'
  1 | import type { Metadata } from "next";
  2 | import { Geist, Geist_Mono } from "next/font/google";
> 3 | import { config } from '@fortawesome/fontawesome-svg-core';
    | ^^^^^^^^^^^^^^^^^^^^^^^^^^^^^^^^^^^^^^^^^^^^^^^^^^^^^^^^^^^
  4 | import '@fortawesome/fontawesome-svg-core/styles.css';
  5 | import "./globals.css";
  6 | import { Header } from "@/components/layout/Header";

https://nextjs.org/docs/messages/module-not-found @ http://localhost:3000/_next/static/chunks/5f34d_next_dist_253e5923._.js:1920
[  526298ms] [ERROR] ./app/layout.tsx:4:1
Module not found: Can't resolve '@fortawesome/fontawesome-svg-core/styles.css'
  2 | import { Geist, Geist_Mono } from "next/font/google";
  3 | import { config } from '@fortawesome/fontawesome-svg-core';
> 4 | import '@fortawesome/fontawesome-svg-core/styles.css';
    | ^^^^^^^^^^^^^^^^^^^^^^^^^^^^^^^^^^^^^^^^^^^^^^^^^^^^^^
  5 | import "./globals.css";
  6 | import { Header } from "@/components/layout/Header";
  7 | import { Footer } from "@/components/layout/Footer";

https://nextjs.org/docs/messages/module-not-found @ http://localhost:3000/_next/static/chunks/5f34d_next_dist_253e5923._.js:1920
[  526298ms] [ERROR] ./app/page.tsx:8:1
Module not found: Can't resolve '@fortawesome/free-solid-svg-icons'
   6 | import { LogoScroller } from '@/components/home/LogoScroller';
   7 | import { FontAwesomeIcon } from '@fortawesome/react-fontawesome';
>  8 | import {
     | ^^^^^^^^
>  9 |   faBolt,
     | ^^^^^^^^^
> 10 |   faNetworkWired,
     | ^^^^^^^^^
> 11 |   faCode,
     | ^^^^^^^^^
> 12 |   faArrowRight,
     | ^^^^^^^^^
> 13 |   faCircleCheck,
     | ^^^^^^^^^
> 14 |   faChevronDown,
     | ^^^^^^^^^
> 15 | } from '@fortawesome/free-solid-svg-icons';
     | ^^^^^^^^^^^^^^^^^^^^^^^^^^^^^^^^^^^^^^^^^^^^
  16 | import { ImageWithFallback } from '@/components/shared/ImageWithFallback';
  17 | import { RFQForm } from '@/components/forms/rfq';
  18 |

Import traces:
  Client Component Browser:
    ./app/page.tsx [Client Component Browser]
    ./app/page.tsx [Server Component]

  Client Component SSR:
    ./app/page.tsx [Client Component SSR]
    ./app/page.tsx [Server Component]

https://nextjs.org/docs/messages/module-not-found @ http://localhost:3000/_next/static/chunks/5f34d_next_dist_253e5923._.js:1920
[  526298ms] [ERROR] ./app/page.tsx:7:1
Module not found: Can't resolve '@fortawesome/react-fontawesome'
   5 | import { HeroSlider } from '@/components/home/HeroSlider';
   6 | import { LogoScroller } from '@/components/home/LogoScroller';
>  7 | import { FontAwesomeIcon } from '@fortawesome/react-fontawesome';
     | ^^^^^^^^^^^^^^^^^^^^^^^^^^^^^^^^^^^^^^^^^^^^^^^^^^^^^^^^^^^^^^^^^
   8 | import {
   9 |   faBolt,
  10 |   faNetworkWired,

Import traces:
  Client Component Browser:
    ./app/page.tsx [Client Component Browser]
    ./app/page.tsx [Server Component]

  Client Component SSR:
    ./app/page.tsx [Client Component SSR]
    ./app/page.tsx [Server Component]

https://nextjs.org/docs/messages/module-not-found @ http://localhost:3000/_next/static/chunks/5f34d_next_dist_253e5923._.js:1920
[  526298ms] [ERROR] ./components/forms/rfq/RFQForm.tsx:5:1
Module not found: Can't resolve '@hookform/resolvers/zod'
  3 | import { useEffect, useRef } from 'react';
  4 | import { useForm } from 'react-hook-form';
> 5 | import { zodResolver } from '@hookform/resolvers/zod';
    | ^^^^^^^^^^^^^^^^^^^^^^^^^^^^^^^^^^^^^^^^^^^^^^^^^^^^^^
  6 | import { CheckCircle } from 'lucide-react';
  7 | import { rfqSchema, rfqPresetSchema, type RFQFormData, type RFQPresetFormData } from '@/lib/forms/schemas';
  8 | import { useFormSubmit } from '@/hooks/useFormSubmit';

Import traces:
  Client Component Browser:
    ./components/forms/rfq/RFQForm.tsx [Client Component Browser]
    ./app/page.tsx [Client Component Browser]
    ./app/page.tsx [Server Component]

  Client Component SSR:
    ./components/forms/rfq/RFQForm.tsx [Client Component SSR]
    ./app/page.tsx [Client Component SSR]
    ./app/page.tsx [Server Component]

https://nextjs.org/docs/messages/module-not-found @ http://localhost:3000/_next/static/chunks/5f34d_next_dist_253e5923._.js:1920
[  526298ms] [ERROR] ./lib/forms/schemas.ts:1:1
Module not found: Can't resolve 'zod'
> 1 | import { z } from 'zod';
    | ^^^^^^^^^^^^^^^^^^^^^^^^
  2 |
  3 | const baseFields = {
  4 |   firstName: z.string().min(1, 'First name is required'),

Import traces:
  Client Component Browser:
    ./lib/forms/schemas.ts [Client Component Browser]
    ./components/forms/rfq/RFQForm.tsx [Client Component Browser]
    ./app/page.tsx [Client Component Browser]
    ./app/page.tsx [Server Component]

  Client Component SSR:
    ./lib/forms/schemas.ts [Client Component SSR]
    ./components/forms/rfq/RFQForm.tsx [Client Component SSR]
    ./app/page.tsx [Client Component SSR]
    ./app/page.tsx [Server Component]

https://nextjs.org/docs/messages/module-not-found @ http://localhost:3000/_next/static/chunks/5f34d_next_dist_253e5923._.js:1920
[  526376ms] [ERROR] ./app/layout.tsx:3:1
Module not found: Can't resolve '@fortawesome/fontawesome-svg-core'
  1 | import type { Metadata } from "next";
  2 | import { Geist, Geist_Mono } from "next/font/google";
> 3 | import { config } from '@fortawesome/fontawesome-svg-core';
    | ^^^^^^^^^^^^^^^^^^^^^^^^^^^^^^^^^^^^^^^^^^^^^^^^^^^^^^^^^^^
  4 | import '@fortawesome/fontawesome-svg-core/styles.css';
  5 | import "./globals.css";
  6 | import { Header } from "@/components/layout/Header";

https://nextjs.org/docs/messages/module-not-found @ http://localhost:3000/_next/static/chunks/5f34d_next_dist_253e5923._.js:1920
[  526376ms] [ERROR] ./app/layout.tsx:4:1
Module not found: Can't resolve '@fortawesome/fontawesome-svg-core/styles.css'
  2 | import { Geist, Geist_Mono } from "next/font/google";
  3 | import { config } from '@fortawesome/fontawesome-svg-core';
> 4 | import '@fortawesome/fontawesome-svg-core/styles.css';
    | ^^^^^^^^^^^^^^^^^^^^^^^^^^^^^^^^^^^^^^^^^^^^^^^^^^^^^^
  5 | import "./globals.css";
  6 | import { Header } from "@/components/layout/Header";
  7 | import { Footer } from "@/components/layout/Footer";

https://nextjs.org/docs/messages/module-not-found @ http://localhost:3000/_next/static/chunks/5f34d_next_dist_253e5923._.js:1920
[  526376ms] [ERROR] ./app/page.tsx:8:1
Module not found: Can't resolve '@fortawesome/free-solid-svg-icons'
   6 | import { LogoScroller } from '@/components/home/LogoScroller';
   7 | import { FontAwesomeIcon } from '@fortawesome/react-fontawesome';
>  8 | import {
     | ^^^^^^^^
>  9 |   faBolt,
     | ^^^^^^^^^
> 10 |   faNetworkWired,
     | ^^^^^^^^^
> 11 |   faCode,
     | ^^^^^^^^^
> 12 |   faArrowRight,
     | ^^^^^^^^^
> 13 |   faCircleCheck,
     | ^^^^^^^^^
> 14 |   faChevronDown,
     | ^^^^^^^^^
> 15 | } from '@fortawesome/free-solid-svg-icons';
     | ^^^^^^^^^^^^^^^^^^^^^^^^^^^^^^^^^^^^^^^^^^^^
  16 | import { ImageWithFallback } from '@/components/shared/ImageWithFallback';
  17 | import { RFQForm } from '@/components/forms/rfq';
  18 |

Import traces:
  Client Component Browser:
    ./app/page.tsx [Client Component Browser]
    ./app/page.tsx [Server Component]

  Client Component SSR:
    ./app/page.tsx [Client Component SSR]
    ./app/page.tsx [Server Component]

https://nextjs.org/docs/messages/module-not-found @ http://localhost:3000/_next/static/chunks/5f34d_next_dist_253e5923._.js:1920
[  526376ms] [ERROR] ./app/page.tsx:7:1
Module not found: Can't resolve '@fortawesome/react-fontawesome'
   5 | import { HeroSlider } from '@/components/home/HeroSlider';
   6 | import { LogoScroller } from '@/components/home/LogoScroller';
>  7 | import { FontAwesomeIcon } from '@fortawesome/react-fontawesome';
     | ^^^^^^^^^^^^^^^^^^^^^^^^^^^^^^^^^^^^^^^^^^^^^^^^^^^^^^^^^^^^^^^^^
   8 | import {
   9 |   faBolt,
  10 |   faNetworkWired,

Import traces:
  Client Component Browser:
    ./app/page.tsx [Client Component Browser]
    ./app/page.tsx [Server Component]

  Client Component SSR:
    ./app/page.tsx [Client Component SSR]
    ./app/page.tsx [Server Component]

https://nextjs.org/docs/messages/module-not-found @ http://localhost:3000/_next/static/chunks/5f34d_next_dist_253e5923._.js:1920
[  526376ms] [ERROR] ./components/forms/rfq/RFQForm.tsx:5:1
Module not found: Can't resolve '@hookform/resolvers/zod'
  3 | import { useEffect, useRef } from 'react';
  4 | import { useForm } from 'react-hook-form';
> 5 | import { zodResolver } from '@hookform/resolvers/zod';
    | ^^^^^^^^^^^^^^^^^^^^^^^^^^^^^^^^^^^^^^^^^^^^^^^^^^^^^^
  6 | import { CheckCircle } from 'lucide-react';
  7 | import { rfqSchema, rfqPresetSchema, type RFQFormData, type RFQPresetFormData } from '@/lib/forms/schemas';
  8 | import { useFormSubmit } from '@/hooks/useFormSubmit';

Import traces:
  Client Component Browser:
    ./components/forms/rfq/RFQForm.tsx [Client Component Browser]
    ./app/page.tsx [Client Component Browser]
    ./app/page.tsx [Server Component]

  Client Component SSR:
    ./components/forms/rfq/RFQForm.tsx [Client Component SSR]
    ./app/page.tsx [Client Component SSR]
    ./app/page.tsx [Server Component]

https://nextjs.org/docs/messages/module-not-found @ http://localhost:3000/_next/static/chunks/5f34d_next_dist_253e5923._.js:1920
[  526376ms] [ERROR] ./lib/forms/schemas.ts:1:1
Module not found: Can't resolve 'zod'
> 1 | import { z } from 'zod';
    | ^^^^^^^^^^^^^^^^^^^^^^^^
  2 |
  3 | const baseFields = {
  4 |   firstName: z.string().min(1, 'First name is required'),

Import traces:
  Client Component Browser:
    ./lib/forms/schemas.ts [Client Component Browser]
    ./components/forms/rfq/RFQForm.tsx [Client Component Browser]
    ./app/page.tsx [Client Component Browser]
    ./app/page.tsx [Server Component]

  Client Component SSR:
    ./lib/forms/schemas.ts [Client Component SSR]
    ./components/forms/rfq/RFQForm.tsx [Client Component SSR]
    ./app/page.tsx [Client Component SSR]
    ./app/page.tsx [Server Component]

https://nextjs.org/docs/messages/module-not-found @ http://localhost:3000/_next/static/chunks/5f34d_next_dist_253e5923._.js:1920
[  526451ms] [ERROR] ./app/layout.tsx:3:1
Module not found: Can't resolve '@fortawesome/fontawesome-svg-core'
  1 | import type { Metadata } from "next";
  2 | import { Geist, Geist_Mono } from "next/font/google";
> 3 | import { config } from '@fortawesome/fontawesome-svg-core';
    | ^^^^^^^^^^^^^^^^^^^^^^^^^^^^^^^^^^^^^^^^^^^^^^^^^^^^^^^^^^^
  4 | import '@fortawesome/fontawesome-svg-core/styles.css';
  5 | import "./globals.css";
  6 | import { Header } from "@/components/layout/Header";

https://nextjs.org/docs/messages/module-not-found @ http://localhost:3000/_next/static/chunks/5f34d_next_dist_253e5923._.js:1920
[  526452ms] [ERROR] ./app/layout.tsx:4:1
Module not found: Can't resolve '@fortawesome/fontawesome-svg-core/styles.css'
  2 | import { Geist, Geist_Mono } from "next/font/google";
  3 | import { config } from '@fortawesome/fontawesome-svg-core';
> 4 | import '@fortawesome/fontawesome-svg-core/styles.css';
    | ^^^^^^^^^^^^^^^^^^^^^^^^^^^^^^^^^^^^^^^^^^^^^^^^^^^^^^
  5 | import "./globals.css";
  6 | import { Header } from "@/components/layout/Header";
  7 | import { Footer } from "@/components/layout/Footer";

https://nextjs.org/docs/messages/module-not-found @ http://localhost:3000/_next/static/chunks/5f34d_next_dist_253e5923._.js:1920
[  526452ms] [ERROR] ./app/page.tsx:8:1
Module not found: Can't resolve '@fortawesome/free-solid-svg-icons'
   6 | import { LogoScroller } from '@/components/home/LogoScroller';
   7 | import { FontAwesomeIcon } from '@fortawesome/react-fontawesome';
>  8 | import {
     | ^^^^^^^^
>  9 |   faBolt,
     | ^^^^^^^^^
> 10 |   faNetworkWired,
     | ^^^^^^^^^
> 11 |   faCode,
     | ^^^^^^^^^
> 12 |   faArrowRight,
     | ^^^^^^^^^
> 13 |   faCircleCheck,
     | ^^^^^^^^^
> 14 |   faChevronDown,
     | ^^^^^^^^^
> 15 | } from '@fortawesome/free-solid-svg-icons';
     | ^^^^^^^^^^^^^^^^^^^^^^^^^^^^^^^^^^^^^^^^^^^^
  16 | import { ImageWithFallback } from '@/components/shared/ImageWithFallback';
  17 | import { RFQForm } from '@/components/forms/rfq';
  18 |

Import traces:
  Client Component Browser:
    ./app/page.tsx [Client Component Browser]
    ./app/page.tsx [Server Component]

  Client Component SSR:
    ./app/page.tsx [Client Component SSR]
    ./app/page.tsx [Server Component]

https://nextjs.org/docs/messages/module-not-found @ http://localhost:3000/_next/static/chunks/5f34d_next_dist_253e5923._.js:1920
[  526452ms] [ERROR] ./app/page.tsx:7:1
Module not found: Can't resolve '@fortawesome/react-fontawesome'
   5 | import { HeroSlider } from '@/components/home/HeroSlider';
   6 | import { LogoScroller } from '@/components/home/LogoScroller';
>  7 | import { FontAwesomeIcon } from '@fortawesome/react-fontawesome';
     | ^^^^^^^^^^^^^^^^^^^^^^^^^^^^^^^^^^^^^^^^^^^^^^^^^^^^^^^^^^^^^^^^^
   8 | import {
   9 |   faBolt,
  10 |   faNetworkWired,

Import traces:
  Client Component Browser:
    ./app/page.tsx [Client Component Browser]
    ./app/page.tsx [Server Component]

  Client Component SSR:
    ./app/page.tsx [Client Component SSR]
    ./app/page.tsx [Server Component]

https://nextjs.org/docs/messages/module-not-found @ http://localhost:3000/_next/static/chunks/5f34d_next_dist_253e5923._.js:1920
[  526452ms] [ERROR] ./components/forms/rfq/RFQForm.tsx:5:1
Module not found: Can't resolve '@hookform/resolvers/zod'
  3 | import { useEffect, useRef } from 'react';
  4 | import { useForm } from 'react-hook-form';
> 5 | import { zodResolver } from '@hookform/resolvers/zod';
    | ^^^^^^^^^^^^^^^^^^^^^^^^^^^^^^^^^^^^^^^^^^^^^^^^^^^^^^
  6 | import { CheckCircle } from 'lucide-react';
  7 | import { rfqSchema, rfqPresetSchema, type RFQFormData, type RFQPresetFormData } from '@/lib/forms/schemas';
  8 | import { useFormSubmit } from '@/hooks/useFormSubmit';

Import traces:
  Client Component Browser:
    ./components/forms/rfq/RFQForm.tsx [Client Component Browser]
    ./app/page.tsx [Client Component Browser]
    ./app/page.tsx [Server Component]

  Client Component SSR:
    ./components/forms/rfq/RFQForm.tsx [Client Component SSR]
    ./app/page.tsx [Client Component SSR]
    ./app/page.tsx [Server Component]

https://nextjs.org/docs/messages/module-not-found @ http://localhost:3000/_next/static/chunks/5f34d_next_dist_253e5923._.js:1920
[  526453ms] [ERROR] ./lib/forms/schemas.ts:1:1
Module not found: Can't resolve 'zod'
> 1 | import { z } from 'zod';
    | ^^^^^^^^^^^^^^^^^^^^^^^^
  2 |
  3 | const baseFields = {
  4 |   firstName: z.string().min(1, 'First name is required'),

Import traces:
  Client Component Browser:
    ./lib/forms/schemas.ts [Client Component Browser]
    ./components/forms/rfq/RFQForm.tsx [Client Component Browser]
    ./app/page.tsx [Client Component Browser]
    ./app/page.tsx [Server Component]

  Client Component SSR:
    ./lib/forms/schemas.ts [Client Component SSR]
    ./components/forms/rfq/RFQForm.tsx [Client Component SSR]
    ./app/page.tsx [Client Component SSR]
    ./app/page.tsx [Server Component]

https://nextjs.org/docs/messages/module-not-found @ http://localhost:3000/_next/static/chunks/5f34d_next_dist_253e5923._.js:1920
[  526515ms] [ERROR] ./app/layout.tsx:3:1
Module not found: Can't resolve '@fortawesome/fontawesome-svg-core'
  1 | import type { Metadata } from "next";
  2 | import { Geist, Geist_Mono } from "next/font/google";
> 3 | import { config } from '@fortawesome/fontawesome-svg-core';
    | ^^^^^^^^^^^^^^^^^^^^^^^^^^^^^^^^^^^^^^^^^^^^^^^^^^^^^^^^^^^
  4 | import '@fortawesome/fontawesome-svg-core/styles.css';
  5 | import "./globals.css";
  6 | import { Header } from "@/components/layout/Header";

https://nextjs.org/docs/messages/module-not-found @ http://localhost:3000/_next/static/chunks/5f34d_next_dist_253e5923._.js:1920
[  526515ms] [ERROR] ./app/layout.tsx:4:1
Module not found: Can't resolve '@fortawesome/fontawesome-svg-core/styles.css'
  2 | import { Geist, Geist_Mono } from "next/font/google";
  3 | import { config } from '@fortawesome/fontawesome-svg-core';
> 4 | import '@fortawesome/fontawesome-svg-core/styles.css';
    | ^^^^^^^^^^^^^^^^^^^^^^^^^^^^^^^^^^^^^^^^^^^^^^^^^^^^^^
  5 | import "./globals.css";
  6 | import { Header } from "@/components/layout/Header";
  7 | import { Footer } from "@/components/layout/Footer";

https://nextjs.org/docs/messages/module-not-found @ http://localhost:3000/_next/static/chunks/5f34d_next_dist_253e5923._.js:1920
[  526515ms] [ERROR] ./app/page.tsx:8:1
Module not found: Can't resolve '@fortawesome/free-solid-svg-icons'
   6 | import { LogoScroller } from '@/components/home/LogoScroller';
   7 | import { FontAwesomeIcon } from '@fortawesome/react-fontawesome';
>  8 | import {
     | ^^^^^^^^
>  9 |   faBolt,
     | ^^^^^^^^^
> 10 |   faNetworkWired,
     | ^^^^^^^^^
> 11 |   faCode,
     | ^^^^^^^^^
> 12 |   faArrowRight,
     | ^^^^^^^^^
> 13 |   faCircleCheck,
     | ^^^^^^^^^
> 14 |   faChevronDown,
     | ^^^^^^^^^
> 15 | } from '@fortawesome/free-solid-svg-icons';
     | ^^^^^^^^^^^^^^^^^^^^^^^^^^^^^^^^^^^^^^^^^^^^
  16 | import { ImageWithFallback } from '@/components/shared/ImageWithFallback';
  17 | import { RFQForm } from '@/components/forms/rfq';
  18 |

Import traces:
  Client Component Browser:
    ./app/page.tsx [Client Component Browser]
    ./app/page.tsx [Server Component]

  Client Component SSR:
    ./app/page.tsx [Client Component SSR]
    ./app/page.tsx [Server Component]

https://nextjs.org/docs/messages/module-not-found @ http://localhost:3000/_next/static/chunks/5f34d_next_dist_253e5923._.js:1920
[  526515ms] [ERROR] ./app/page.tsx:7:1
Module not found: Can't resolve '@fortawesome/react-fontawesome'
   5 | import { HeroSlider } from '@/components/home/HeroSlider';
   6 | import { LogoScroller } from '@/components/home/LogoScroller';
>  7 | import { FontAwesomeIcon } from '@fortawesome/react-fontawesome';
     | ^^^^^^^^^^^^^^^^^^^^^^^^^^^^^^^^^^^^^^^^^^^^^^^^^^^^^^^^^^^^^^^^^
   8 | import {
   9 |   faBolt,
  10 |   faNetworkWired,

Import traces:
  Client Component Browser:
    ./app/page.tsx [Client Component Browser]
    ./app/page.tsx [Server Component]

  Client Component SSR:
    ./app/page.tsx [Client Component SSR]
    ./app/page.tsx [Server Component]

https://nextjs.org/docs/messages/module-not-found @ http://localhost:3000/_next/static/chunks/5f34d_next_dist_253e5923._.js:1920
[  526515ms] [ERROR] ./components/forms/rfq/RFQForm.tsx:5:1
Module not found: Can't resolve '@hookform/resolvers/zod'
  3 | import { useEffect, useRef } from 'react';
  4 | import { useForm } from 'react-hook-form';
> 5 | import { zodResolver } from '@hookform/resolvers/zod';
    | ^^^^^^^^^^^^^^^^^^^^^^^^^^^^^^^^^^^^^^^^^^^^^^^^^^^^^^
  6 | import { CheckCircle } from 'lucide-react';
  7 | import { rfqSchema, rfqPresetSchema, type RFQFormData, type RFQPresetFormData } from '@/lib/forms/schemas';
  8 | import { useFormSubmit } from '@/hooks/useFormSubmit';

Import traces:
  Client Component Browser:
    ./components/forms/rfq/RFQForm.tsx [Client Component Browser]
    ./app/page.tsx [Client Component Browser]
    ./app/page.tsx [Server Component]

  Client Component SSR:
    ./components/forms/rfq/RFQForm.tsx [Client Component SSR]
    ./app/page.tsx [Client Component SSR]
    ./app/page.tsx [Server Component]

https://nextjs.org/docs/messages/module-not-found @ http://localhost:3000/_next/static/chunks/5f34d_next_dist_253e5923._.js:1920
[  526515ms] [ERROR] ./lib/forms/schemas.ts:1:1
Module not found: Can't resolve 'zod'
> 1 | import { z } from 'zod';
    | ^^^^^^^^^^^^^^^^^^^^^^^^
  2 |
  3 | const baseFields = {
  4 |   firstName: z.string().min(1, 'First name is required'),

Import traces:
  Client Component Browser:
    ./lib/forms/schemas.ts [Client Component Browser]
    ./components/forms/rfq/RFQForm.tsx [Client Component Browser]
    ./app/page.tsx [Client Component Browser]
    ./app/page.tsx [Server Component]

  Client Component SSR:
    ./lib/forms/schemas.ts [Client Component SSR]
    ./components/forms/rfq/RFQForm.tsx [Client Component SSR]
    ./app/page.tsx [Client Component SSR]
    ./app/page.tsx [Server Component]

https://nextjs.org/docs/messages/module-not-found @ http://localhost:3000/_next/static/chunks/5f34d_next_dist_253e5923._.js:1920
[  526594ms] [ERROR] ./app/layout.tsx:3:1
Module not found: Can't resolve '@fortawesome/fontawesome-svg-core'
  1 | import type { Metadata } from "next";
  2 | import { Geist, Geist_Mono } from "next/font/google";
> 3 | import { config } from '@fortawesome/fontawesome-svg-core';
    | ^^^^^^^^^^^^^^^^^^^^^^^^^^^^^^^^^^^^^^^^^^^^^^^^^^^^^^^^^^^
  4 | import '@fortawesome/fontawesome-svg-core/styles.css';
  5 | import "./globals.css";
  6 | import { Header } from "@/components/layout/Header";

https://nextjs.org/docs/messages/module-not-found @ http://localhost:3000/_next/static/chunks/5f34d_next_dist_253e5923._.js:1920
[  526594ms] [ERROR] ./app/layout.tsx:4:1
Module not found: Can't resolve '@fortawesome/fontawesome-svg-core/styles.css'
  2 | import { Geist, Geist_Mono } from "next/font/google";
  3 | import { config } from '@fortawesome/fontawesome-svg-core';
> 4 | import '@fortawesome/fontawesome-svg-core/styles.css';
    | ^^^^^^^^^^^^^^^^^^^^^^^^^^^^^^^^^^^^^^^^^^^^^^^^^^^^^^
  5 | import "./globals.css";
  6 | import { Header } from "@/components/layout/Header";
  7 | import { Footer } from "@/components/layout/Footer";

https://nextjs.org/docs/messages/module-not-found @ http://localhost:3000/_next/static/chunks/5f34d_next_dist_253e5923._.js:1920
[  526594ms] [ERROR] ./app/page.tsx:8:1
Module not found: Can't resolve '@fortawesome/free-solid-svg-icons'
   6 | import { LogoScroller } from '@/components/home/LogoScroller';
   7 | import { FontAwesomeIcon } from '@fortawesome/react-fontawesome';
>  8 | import {
     | ^^^^^^^^
>  9 |   faBolt,
     | ^^^^^^^^^
> 10 |   faNetworkWired,
     | ^^^^^^^^^
> 11 |   faCode,
     | ^^^^^^^^^
> 12 |   faArrowRight,
     | ^^^^^^^^^
> 13 |   faCircleCheck,
     | ^^^^^^^^^
> 14 |   faChevronDown,
     | ^^^^^^^^^
> 15 | } from '@fortawesome/free-solid-svg-icons';
     | ^^^^^^^^^^^^^^^^^^^^^^^^^^^^^^^^^^^^^^^^^^^^
  16 | import { ImageWithFallback } from '@/components/shared/ImageWithFallback';
  17 | import { RFQForm } from '@/components/forms/rfq';
  18 |

Import traces:
  Client Component Browser:
    ./app/page.tsx [Client Component Browser]
    ./app/page.tsx [Server Component]

  Client Component SSR:
    ./app/page.tsx [Client Component SSR]
    ./app/page.tsx [Server Component]

https://nextjs.org/docs/messages/module-not-found @ http://localhost:3000/_next/static/chunks/5f34d_next_dist_253e5923._.js:1920
[  526594ms] [ERROR] ./app/page.tsx:7:1
Module not found: Can't resolve '@fortawesome/react-fontawesome'
   5 | import { HeroSlider } from '@/components/home/HeroSlider';
   6 | import { LogoScroller } from '@/components/home/LogoScroller';
>  7 | import { FontAwesomeIcon } from '@fortawesome/react-fontawesome';
     | ^^^^^^^^^^^^^^^^^^^^^^^^^^^^^^^^^^^^^^^^^^^^^^^^^^^^^^^^^^^^^^^^^
   8 | import {
   9 |   faBolt,
  10 |   faNetworkWired,

Import traces:
  Client Component Browser:
    ./app/page.tsx [Client Component Browser]
    ./app/page.tsx [Server Component]

  Client Component SSR:
    ./app/page.tsx [Client Component SSR]
    ./app/page.tsx [Server Component]

https://nextjs.org/docs/messages/module-not-found @ http://localhost:3000/_next/static/chunks/5f34d_next_dist_253e5923._.js:1920
[  526594ms] [ERROR] ./components/forms/rfq/RFQForm.tsx:5:1
Module not found: Can't resolve '@hookform/resolvers/zod'
  3 | import { useEffect, useRef } from 'react';
  4 | import { useForm } from 'react-hook-form';
> 5 | import { zodResolver } from '@hookform/resolvers/zod';
    | ^^^^^^^^^^^^^^^^^^^^^^^^^^^^^^^^^^^^^^^^^^^^^^^^^^^^^^
  6 | import { CheckCircle } from 'lucide-react';
  7 | import { rfqSchema, rfqPresetSchema, type RFQFormData, type RFQPresetFormData } from '@/lib/forms/schemas';
  8 | import { useFormSubmit } from '@/hooks/useFormSubmit';

Import traces:
  Client Component Browser:
    ./components/forms/rfq/RFQForm.tsx [Client Component Browser]
    ./app/page.tsx [Client Component Browser]
    ./app/page.tsx [Server Component]

  Client Component SSR:
    ./components/forms/rfq/RFQForm.tsx [Client Component SSR]
    ./app/page.tsx [Client Component SSR]
    ./app/page.tsx [Server Component]

https://nextjs.org/docs/messages/module-not-found @ http://localhost:3000/_next/static/chunks/5f34d_next_dist_253e5923._.js:1920
[  526594ms] [ERROR] ./lib/forms/schemas.ts:1:1
Module not found: Can't resolve 'zod'
> 1 | import { z } from 'zod';
    | ^^^^^^^^^^^^^^^^^^^^^^^^
  2 |
  3 | const baseFields = {
  4 |   firstName: z.string().min(1, 'First name is required'),

Import traces:
  Client Component Browser:
    ./lib/forms/schemas.ts [Client Component Browser]
    ./components/forms/rfq/RFQForm.tsx [Client Component Browser]
    ./app/page.tsx [Client Component Browser]
    ./app/page.tsx [Server Component]

  Client Component SSR:
    ./lib/forms/schemas.ts [Client Component SSR]
    ./components/forms/rfq/RFQForm.tsx [Client Component SSR]
    ./app/page.tsx [Client Component SSR]
    ./app/page.tsx [Server Component]

https://nextjs.org/docs/messages/module-not-found @ http://localhost:3000/_next/static/chunks/5f34d_next_dist_253e5923._.js:1920
[  526659ms] [ERROR] ./app/layout.tsx:3:1
Module not found: Can't resolve '@fortawesome/fontawesome-svg-core'
  1 | import type { Metadata } from "next";
  2 | import { Geist, Geist_Mono } from "next/font/google";
> 3 | import { config } from '@fortawesome/fontawesome-svg-core';
    | ^^^^^^^^^^^^^^^^^^^^^^^^^^^^^^^^^^^^^^^^^^^^^^^^^^^^^^^^^^^
  4 | import '@fortawesome/fontawesome-svg-core/styles.css';
  5 | import "./globals.css";
  6 | import { Header } from "@/components/layout/Header";

https://nextjs.org/docs/messages/module-not-found @ http://localhost:3000/_next/static/chunks/5f34d_next_dist_253e5923._.js:1920
[  526659ms] [ERROR] ./app/layout.tsx:4:1
Module not found: Can't resolve '@fortawesome/fontawesome-svg-core/styles.css'
  2 | import { Geist, Geist_Mono } from "next/font/google";
  3 | import { config } from '@fortawesome/fontawesome-svg-core';
> 4 | import '@fortawesome/fontawesome-svg-core/styles.css';
    | ^^^^^^^^^^^^^^^^^^^^^^^^^^^^^^^^^^^^^^^^^^^^^^^^^^^^^^
  5 | import "./globals.css";
  6 | import { Header } from "@/components/layout/Header";
  7 | import { Footer } from "@/components/layout/Footer";

https://nextjs.org/docs/messages/module-not-found @ http://localhost:3000/_next/static/chunks/5f34d_next_dist_253e5923._.js:1920
[  526659ms] [ERROR] ./app/page.tsx:8:1
Module not found: Can't resolve '@fortawesome/free-solid-svg-icons'
   6 | import { LogoScroller } from '@/components/home/LogoScroller';
   7 | import { FontAwesomeIcon } from '@fortawesome/react-fontawesome';
>  8 | import {
     | ^^^^^^^^
>  9 |   faBolt,
     | ^^^^^^^^^
> 10 |   faNetworkWired,
     | ^^^^^^^^^
> 11 |   faCode,
     | ^^^^^^^^^
> 12 |   faArrowRight,
     | ^^^^^^^^^
> 13 |   faCircleCheck,
     | ^^^^^^^^^
> 14 |   faChevronDown,
     | ^^^^^^^^^
> 15 | } from '@fortawesome/free-solid-svg-icons';
     | ^^^^^^^^^^^^^^^^^^^^^^^^^^^^^^^^^^^^^^^^^^^^
  16 | import { ImageWithFallback } from '@/components/shared/ImageWithFallback';
  17 | import { RFQForm } from '@/components/forms/rfq';
  18 |

Import traces:
  Client Component Browser:
    ./app/page.tsx [Client Component Browser]
    ./app/page.tsx [Server Component]

  Client Component SSR:
    ./app/page.tsx [Client Component SSR]
    ./app/page.tsx [Server Component]

https://nextjs.org/docs/messages/module-not-found @ http://localhost:3000/_next/static/chunks/5f34d_next_dist_253e5923._.js:1920
[  526659ms] [ERROR] ./app/page.tsx:7:1
Module not found: Can't resolve '@fortawesome/react-fontawesome'
   5 | import { HeroSlider } from '@/components/home/HeroSlider';
   6 | import { LogoScroller } from '@/components/home/LogoScroller';
>  7 | import { FontAwesomeIcon } from '@fortawesome/react-fontawesome';
     | ^^^^^^^^^^^^^^^^^^^^^^^^^^^^^^^^^^^^^^^^^^^^^^^^^^^^^^^^^^^^^^^^^
   8 | import {
   9 |   faBolt,
  10 |   faNetworkWired,

Import traces:
  Client Component Browser:
    ./app/page.tsx [Client Component Browser]
    ./app/page.tsx [Server Component]

  Client Component SSR:
    ./app/page.tsx [Client Component SSR]
    ./app/page.tsx [Server Component]

https://nextjs.org/docs/messages/module-not-found @ http://localhost:3000/_next/static/chunks/5f34d_next_dist_253e5923._.js:1920
[  526659ms] [ERROR] ./components/forms/rfq/RFQForm.tsx:5:1
Module not found: Can't resolve '@hookform/resolvers/zod'
  3 | import { useEffect, useRef } from 'react';
  4 | import { useForm } from 'react-hook-form';
> 5 | import { zodResolver } from '@hookform/resolvers/zod';
    | ^^^^^^^^^^^^^^^^^^^^^^^^^^^^^^^^^^^^^^^^^^^^^^^^^^^^^^
  6 | import { CheckCircle } from 'lucide-react';
  7 | import { rfqSchema, rfqPresetSchema, type RFQFormData, type RFQPresetFormData } from '@/lib/forms/schemas';
  8 | import { useFormSubmit } from '@/hooks/useFormSubmit';

Import traces:
  Client Component Browser:
    ./components/forms/rfq/RFQForm.tsx [Client Component Browser]
    ./app/page.tsx [Client Component Browser]
    ./app/page.tsx [Server Component]

  Client Component SSR:
    ./components/forms/rfq/RFQForm.tsx [Client Component SSR]
    ./app/page.tsx [Client Component SSR]
    ./app/page.tsx [Server Component]

https://nextjs.org/docs/messages/module-not-found @ http://localhost:3000/_next/static/chunks/5f34d_next_dist_253e5923._.js:1920
[  526659ms] [ERROR] ./lib/forms/schemas.ts:1:1
Module not found: Can't resolve 'zod'
> 1 | import { z } from 'zod';
    | ^^^^^^^^^^^^^^^^^^^^^^^^
  2 |
  3 | const baseFields = {
  4 |   firstName: z.string().min(1, 'First name is required'),

Import traces:
  Client Component Browser:
    ./lib/forms/schemas.ts [Client Component Browser]
    ./components/forms/rfq/RFQForm.tsx [Client Component Browser]
    ./app/page.tsx [Client Component Browser]
    ./app/page.tsx [Server Component]

  Client Component SSR:
    ./lib/forms/schemas.ts [Client Component SSR]
    ./components/forms/rfq/RFQForm.tsx [Client Component SSR]
    ./app/page.tsx [Client Component SSR]
    ./app/page.tsx [Server Component]

https://nextjs.org/docs/messages/module-not-found @ http://localhost:3000/_next/static/chunks/5f34d_next_dist_253e5923._.js:1920
[  526717ms] [ERROR] ./app/layout.tsx:3:1
Module not found: Can't resolve '@fortawesome/fontawesome-svg-core'
  1 | import type { Metadata } from "next";
  2 | import { Geist, Geist_Mono } from "next/font/google";
> 3 | import { config } from '@fortawesome/fontawesome-svg-core';
    | ^^^^^^^^^^^^^^^^^^^^^^^^^^^^^^^^^^^^^^^^^^^^^^^^^^^^^^^^^^^
  4 | import '@fortawesome/fontawesome-svg-core/styles.css';
  5 | import "./globals.css";
  6 | import { Header } from "@/components/layout/Header";

https://nextjs.org/docs/messages/module-not-found @ http://localhost:3000/_next/static/chunks/5f34d_next_dist_253e5923._.js:1920
[  526717ms] [ERROR] ./app/layout.tsx:4:1
Module not found: Can't resolve '@fortawesome/fontawesome-svg-core/styles.css'
  2 | import { Geist, Geist_Mono } from "next/font/google";
  3 | import { config } from '@fortawesome/fontawesome-svg-core';
> 4 | import '@fortawesome/fontawesome-svg-core/styles.css';
    | ^^^^^^^^^^^^^^^^^^^^^^^^^^^^^^^^^^^^^^^^^^^^^^^^^^^^^^
  5 | import "./globals.css";
  6 | import { Header } from "@/components/layout/Header";
  7 | import { Footer } from "@/components/layout/Footer";

https://nextjs.org/docs/messages/module-not-found @ http://localhost:3000/_next/static/chunks/5f34d_next_dist_253e5923._.js:1920
[  526717ms] [ERROR] ./app/page.tsx:8:1
Module not found: Can't resolve '@fortawesome/free-solid-svg-icons'
   6 | import { LogoScroller } from '@/components/home/LogoScroller';
   7 | import { FontAwesomeIcon } from '@fortawesome/react-fontawesome';
>  8 | import {
     | ^^^^^^^^
>  9 |   faBolt,
     | ^^^^^^^^^
> 10 |   faNetworkWired,
     | ^^^^^^^^^
> 11 |   faCode,
     | ^^^^^^^^^
> 12 |   faArrowRight,
     | ^^^^^^^^^
> 13 |   faCircleCheck,
     | ^^^^^^^^^
> 14 |   faChevronDown,
     | ^^^^^^^^^
> 15 | } from '@fortawesome/free-solid-svg-icons';
     | ^^^^^^^^^^^^^^^^^^^^^^^^^^^^^^^^^^^^^^^^^^^^
  16 | import { ImageWithFallback } from '@/components/shared/ImageWithFallback';
  17 | import { RFQForm } from '@/components/forms/rfq';
  18 |

Import traces:
  Client Component Browser:
    ./app/page.tsx [Client Component Browser]
    ./app/page.tsx [Server Component]

  Client Component SSR:
    ./app/page.tsx [Client Component SSR]
    ./app/page.tsx [Server Component]

https://nextjs.org/docs/messages/module-not-found @ http://localhost:3000/_next/static/chunks/5f34d_next_dist_253e5923._.js:1920
[  526718ms] [ERROR] ./app/page.tsx:7:1
Module not found: Can't resolve '@fortawesome/react-fontawesome'
   5 | import { HeroSlider } from '@/components/home/HeroSlider';
   6 | import { LogoScroller } from '@/components/home/LogoScroller';
>  7 | import { FontAwesomeIcon } from '@fortawesome/react-fontawesome';
     | ^^^^^^^^^^^^^^^^^^^^^^^^^^^^^^^^^^^^^^^^^^^^^^^^^^^^^^^^^^^^^^^^^
   8 | import {
   9 |   faBolt,
  10 |   faNetworkWired,

Import traces:
  Client Component Browser:
    ./app/page.tsx [Client Component Browser]
    ./app/page.tsx [Server Component]

  Client Component SSR:
    ./app/page.tsx [Client Component SSR]
    ./app/page.tsx [Server Component]

https://nextjs.org/docs/messages/module-not-found @ http://localhost:3000/_next/static/chunks/5f34d_next_dist_253e5923._.js:1920
[  526718ms] [ERROR] ./components/forms/rfq/RFQForm.tsx:5:1
Module not found: Can't resolve '@hookform/resolvers/zod'
  3 | import { useEffect, useRef } from 'react';
  4 | import { useForm } from 'react-hook-form';
> 5 | import { zodResolver } from '@hookform/resolvers/zod';
    | ^^^^^^^^^^^^^^^^^^^^^^^^^^^^^^^^^^^^^^^^^^^^^^^^^^^^^^
  6 | import { CheckCircle } from 'lucide-react';
  7 | import { rfqSchema, rfqPresetSchema, type RFQFormData, type RFQPresetFormData } from '@/lib/forms/schemas';
  8 | import { useFormSubmit } from '@/hooks/useFormSubmit';

Import traces:
  Client Component Browser:
    ./components/forms/rfq/RFQForm.tsx [Client Component Browser]
    ./app/page.tsx [Client Component Browser]
    ./app/page.tsx [Server Component]

  Client Component SSR:
    ./components/forms/rfq/RFQForm.tsx [Client Component SSR]
    ./app/page.tsx [Client Component SSR]
    ./app/page.tsx [Server Component]

https://nextjs.org/docs/messages/module-not-found @ http://localhost:3000/_next/static/chunks/5f34d_next_dist_253e5923._.js:1920
[  526718ms] [ERROR] ./lib/forms/schemas.ts:1:1
Module not found: Can't resolve 'zod'
> 1 | import { z } from 'zod';
    | ^^^^^^^^^^^^^^^^^^^^^^^^
  2 |
  3 | const baseFields = {
  4 |   firstName: z.string().min(1, 'First name is required'),

Import traces:
  Client Component Browser:
    ./lib/forms/schemas.ts [Client Component Browser]
    ./components/forms/rfq/RFQForm.tsx [Client Component Browser]
    ./app/page.tsx [Client Component Browser]
    ./app/page.tsx [Server Component]

  Client Component SSR:
    ./lib/forms/schemas.ts [Client Component SSR]
    ./components/forms/rfq/RFQForm.tsx [Client Component SSR]
    ./app/page.tsx [Client Component SSR]
    ./app/page.tsx [Server Component]

https://nextjs.org/docs/messages/module-not-found @ http://localhost:3000/_next/static/chunks/5f34d_next_dist_253e5923._.js:1920
[  526781ms] [ERROR] ./app/layout.tsx:3:1
Module not found: Can't resolve '@fortawesome/fontawesome-svg-core'
  1 | import type { Metadata } from "next";
  2 | import { Geist, Geist_Mono } from "next/font/google";
> 3 | import { config } from '@fortawesome/fontawesome-svg-core';
    | ^^^^^^^^^^^^^^^^^^^^^^^^^^^^^^^^^^^^^^^^^^^^^^^^^^^^^^^^^^^
  4 | import '@fortawesome/fontawesome-svg-core/styles.css';
  5 | import "./globals.css";
  6 | import { Header } from "@/components/layout/Header";

https://nextjs.org/docs/messages/module-not-found @ http://localhost:3000/_next/static/chunks/5f34d_next_dist_253e5923._.js:1920
[  526782ms] [ERROR] ./app/layout.tsx:4:1
Module not found: Can't resolve '@fortawesome/fontawesome-svg-core/styles.css'
  2 | import { Geist, Geist_Mono } from "next/font/google";
  3 | import { config } from '@fortawesome/fontawesome-svg-core';
> 4 | import '@fortawesome/fontawesome-svg-core/styles.css';
    | ^^^^^^^^^^^^^^^^^^^^^^^^^^^^^^^^^^^^^^^^^^^^^^^^^^^^^^
  5 | import "./globals.css";
  6 | import { Header } from "@/components/layout/Header";
  7 | import { Footer } from "@/components/layout/Footer";

https://nextjs.org/docs/messages/module-not-found @ http://localhost:3000/_next/static/chunks/5f34d_next_dist_253e5923._.js:1920
[  526782ms] [ERROR] ./app/page.tsx:8:1
Module not found: Can't resolve '@fortawesome/free-solid-svg-icons'
   6 | import { LogoScroller } from '@/components/home/LogoScroller';
   7 | import { FontAwesomeIcon } from '@fortawesome/react-fontawesome';
>  8 | import {
     | ^^^^^^^^
>  9 |   faBolt,
     | ^^^^^^^^^
> 10 |   faNetworkWired,
     | ^^^^^^^^^
> 11 |   faCode,
     | ^^^^^^^^^
> 12 |   faArrowRight,
     | ^^^^^^^^^
> 13 |   faCircleCheck,
     | ^^^^^^^^^
> 14 |   faChevronDown,
     | ^^^^^^^^^
> 15 | } from '@fortawesome/free-solid-svg-icons';
     | ^^^^^^^^^^^^^^^^^^^^^^^^^^^^^^^^^^^^^^^^^^^^
  16 | import { ImageWithFallback } from '@/components/shared/ImageWithFallback';
  17 | import { RFQForm } from '@/components/forms/rfq';
  18 |

Import traces:
  Client Component Browser:
    ./app/page.tsx [Client Component Browser]
    ./app/page.tsx [Server Component]

  Client Component SSR:
    ./app/page.tsx [Client Component SSR]
    ./app/page.tsx [Server Component]

https://nextjs.org/docs/messages/module-not-found @ http://localhost:3000/_next/static/chunks/5f34d_next_dist_253e5923._.js:1920
[  526782ms] [ERROR] ./app/page.tsx:7:1
Module not found: Can't resolve '@fortawesome/react-fontawesome'
   5 | import { HeroSlider } from '@/components/home/HeroSlider';
   6 | import { LogoScroller } from '@/components/home/LogoScroller';
>  7 | import { FontAwesomeIcon } from '@fortawesome/react-fontawesome';
     | ^^^^^^^^^^^^^^^^^^^^^^^^^^^^^^^^^^^^^^^^^^^^^^^^^^^^^^^^^^^^^^^^^
   8 | import {
   9 |   faBolt,
  10 |   faNetworkWired,

Import traces:
  Client Component Browser:
    ./app/page.tsx [Client Component Browser]
    ./app/page.tsx [Server Component]

  Client Component SSR:
    ./app/page.tsx [Client Component SSR]
    ./app/page.tsx [Server Component]

https://nextjs.org/docs/messages/module-not-found @ http://localhost:3000/_next/static/chunks/5f34d_next_dist_253e5923._.js:1920
[  526782ms] [ERROR] ./components/forms/rfq/RFQForm.tsx:5:1
Module not found: Can't resolve '@hookform/resolvers/zod'
  3 | import { useEffect, useRef } from 'react';
  4 | import { useForm } from 'react-hook-form';
> 5 | import { zodResolver } from '@hookform/resolvers/zod';
    | ^^^^^^^^^^^^^^^^^^^^^^^^^^^^^^^^^^^^^^^^^^^^^^^^^^^^^^
  6 | import { CheckCircle } from 'lucide-react';
  7 | import { rfqSchema, rfqPresetSchema, type RFQFormData, type RFQPresetFormData } from '@/lib/forms/schemas';
  8 | import { useFormSubmit } from '@/hooks/useFormSubmit';

Import traces:
  Client Component Browser:
    ./components/forms/rfq/RFQForm.tsx [Client Component Browser]
    ./app/page.tsx [Client Component Browser]
    ./app/page.tsx [Server Component]

  Client Component SSR:
    ./components/forms/rfq/RFQForm.tsx [Client Component SSR]
    ./app/page.tsx [Client Component SSR]
    ./app/page.tsx [Server Component]

https://nextjs.org/docs/messages/module-not-found @ http://localhost:3000/_next/static/chunks/5f34d_next_dist_253e5923._.js:1920
[  526782ms] [ERROR] ./lib/forms/schemas.ts:1:1
Module not found: Can't resolve 'zod'
> 1 | import { z } from 'zod';
    | ^^^^^^^^^^^^^^^^^^^^^^^^
  2 |
  3 | const baseFields = {
  4 |   firstName: z.string().min(1, 'First name is required'),

Import traces:
  Client Component Browser:
    ./lib/forms/schemas.ts [Client Component Browser]
    ./components/forms/rfq/RFQForm.tsx [Client Component Browser]
    ./app/page.tsx [Client Component Browser]
    ./app/page.tsx [Server Component]

  Client Component SSR:
    ./lib/forms/schemas.ts [Client Component SSR]
    ./components/forms/rfq/RFQForm.tsx [Client Component SSR]
    ./app/page.tsx [Client Component SSR]
    ./app/page.tsx [Server Component]

https://nextjs.org/docs/messages/module-not-found @ http://localhost:3000/_next/static/chunks/5f34d_next_dist_253e5923._.js:1920
[  526858ms] [ERROR] ./app/layout.tsx:3:1
Module not found: Can't resolve '@fortawesome/fontawesome-svg-core'
  1 | import type { Metadata } from "next";
  2 | import { Geist, Geist_Mono } from "next/font/google";
> 3 | import { config } from '@fortawesome/fontawesome-svg-core';
    | ^^^^^^^^^^^^^^^^^^^^^^^^^^^^^^^^^^^^^^^^^^^^^^^^^^^^^^^^^^^
  4 | import '@fortawesome/fontawesome-svg-core/styles.css';
  5 | import "./globals.css";
  6 | import { Header } from "@/components/layout/Header";

https://nextjs.org/docs/messages/module-not-found @ http://localhost:3000/_next/static/chunks/5f34d_next_dist_253e5923._.js:1920
[  526858ms] [ERROR] ./app/layout.tsx:4:1
Module not found: Can't resolve '@fortawesome/fontawesome-svg-core/styles.css'
  2 | import { Geist, Geist_Mono } from "next/font/google";
  3 | import { config } from '@fortawesome/fontawesome-svg-core';
> 4 | import '@fortawesome/fontawesome-svg-core/styles.css';
    | ^^^^^^^^^^^^^^^^^^^^^^^^^^^^^^^^^^^^^^^^^^^^^^^^^^^^^^
  5 | import "./globals.css";
  6 | import { Header } from "@/components/layout/Header";
  7 | import { Footer } from "@/components/layout/Footer";

https://nextjs.org/docs/messages/module-not-found @ http://localhost:3000/_next/static/chunks/5f34d_next_dist_253e5923._.js:1920
[  526858ms] [ERROR] ./app/page.tsx:8:1
Module not found: Can't resolve '@fortawesome/free-solid-svg-icons'
   6 | import { LogoScroller } from '@/components/home/LogoScroller';
   7 | import { FontAwesomeIcon } from '@fortawesome/react-fontawesome';
>  8 | import {
     | ^^^^^^^^
>  9 |   faBolt,
     | ^^^^^^^^^
> 10 |   faNetworkWired,
     | ^^^^^^^^^
> 11 |   faCode,
     | ^^^^^^^^^
> 12 |   faArrowRight,
     | ^^^^^^^^^
> 13 |   faCircleCheck,
     | ^^^^^^^^^
> 14 |   faChevronDown,
     | ^^^^^^^^^
> 15 | } from '@fortawesome/free-solid-svg-icons';
     | ^^^^^^^^^^^^^^^^^^^^^^^^^^^^^^^^^^^^^^^^^^^^
  16 | import { ImageWithFallback } from '@/components/shared/ImageWithFallback';
  17 | import { RFQForm } from '@/components/forms/rfq';
  18 |

Import traces:
  Client Component Browser:
    ./app/page.tsx [Client Component Browser]
    ./app/page.tsx [Server Component]

  Client Component SSR:
    ./app/page.tsx [Client Component SSR]
    ./app/page.tsx [Server Component]

https://nextjs.org/docs/messages/module-not-found @ http://localhost:3000/_next/static/chunks/5f34d_next_dist_253e5923._.js:1920
[  526858ms] [ERROR] ./app/page.tsx:7:1
Module not found: Can't resolve '@fortawesome/react-fontawesome'
   5 | import { HeroSlider } from '@/components/home/HeroSlider';
   6 | import { LogoScroller } from '@/components/home/LogoScroller';
>  7 | import { FontAwesomeIcon } from '@fortawesome/react-fontawesome';
     | ^^^^^^^^^^^^^^^^^^^^^^^^^^^^^^^^^^^^^^^^^^^^^^^^^^^^^^^^^^^^^^^^^
   8 | import {
   9 |   faBolt,
  10 |   faNetworkWired,

Import traces:
  Client Component Browser:
    ./app/page.tsx [Client Component Browser]
    ./app/page.tsx [Server Component]

  Client Component SSR:
    ./app/page.tsx [Client Component SSR]
    ./app/page.tsx [Server Component]

https://nextjs.org/docs/messages/module-not-found @ http://localhost:3000/_next/static/chunks/5f34d_next_dist_253e5923._.js:1920
[  526858ms] [ERROR] ./components/forms/rfq/RFQForm.tsx:5:1
Module not found: Can't resolve '@hookform/resolvers/zod'
  3 | import { useEffect, useRef } from 'react';
  4 | import { useForm } from 'react-hook-form';
> 5 | import { zodResolver } from '@hookform/resolvers/zod';
    | ^^^^^^^^^^^^^^^^^^^^^^^^^^^^^^^^^^^^^^^^^^^^^^^^^^^^^^
  6 | import { CheckCircle } from 'lucide-react';
  7 | import { rfqSchema, rfqPresetSchema, type RFQFormData, type RFQPresetFormData } from '@/lib/forms/schemas';
  8 | import { useFormSubmit } from '@/hooks/useFormSubmit';

Import traces:
  Client Component Browser:
    ./components/forms/rfq/RFQForm.tsx [Client Component Browser]
    ./app/page.tsx [Client Component Browser]
    ./app/page.tsx [Server Component]

  Client Component SSR:
    ./components/forms/rfq/RFQForm.tsx [Client Component SSR]
    ./app/page.tsx [Client Component SSR]
    ./app/page.tsx [Server Component]

https://nextjs.org/docs/messages/module-not-found @ http://localhost:3000/_next/static/chunks/5f34d_next_dist_253e5923._.js:1920
[  526858ms] [ERROR] ./lib/forms/schemas.ts:1:1
Module not found: Can't resolve 'zod'
> 1 | import { z } from 'zod';
    | ^^^^^^^^^^^^^^^^^^^^^^^^
  2 |
  3 | const baseFields = {
  4 |   firstName: z.string().min(1, 'First name is required'),

Import traces:
  Client Component Browser:
    ./lib/forms/schemas.ts [Client Component Browser]
    ./components/forms/rfq/RFQForm.tsx [Client Component Browser]
    ./app/page.tsx [Client Component Browser]
    ./app/page.tsx [Server Component]

  Client Component SSR:
    ./lib/forms/schemas.ts [Client Component SSR]
    ./components/forms/rfq/RFQForm.tsx [Client Component SSR]
    ./app/page.tsx [Client Component SSR]
    ./app/page.tsx [Server Component]

https://nextjs.org/docs/messages/module-not-found @ http://localhost:3000/_next/static/chunks/5f34d_next_dist_253e5923._.js:1920
[  526947ms] [ERROR] ./app/layout.tsx:3:1
Module not found: Can't resolve '@fortawesome/fontawesome-svg-core'
  1 | import type { Metadata } from "next";
  2 | import { Geist, Geist_Mono } from "next/font/google";
> 3 | import { config } from '@fortawesome/fontawesome-svg-core';
    | ^^^^^^^^^^^^^^^^^^^^^^^^^^^^^^^^^^^^^^^^^^^^^^^^^^^^^^^^^^^
  4 | import '@fortawesome/fontawesome-svg-core/styles.css';
  5 | import "./globals.css";
  6 | import { Header } from "@/components/layout/Header";

https://nextjs.org/docs/messages/module-not-found @ http://localhost:3000/_next/static/chunks/5f34d_next_dist_253e5923._.js:1920
[  526947ms] [ERROR] ./app/layout.tsx:4:1
Module not found: Can't resolve '@fortawesome/fontawesome-svg-core/styles.css'
  2 | import { Geist, Geist_Mono } from "next/font/google";
  3 | import { config } from '@fortawesome/fontawesome-svg-core';
> 4 | import '@fortawesome/fontawesome-svg-core/styles.css';
    | ^^^^^^^^^^^^^^^^^^^^^^^^^^^^^^^^^^^^^^^^^^^^^^^^^^^^^^
  5 | import "./globals.css";
  6 | import { Header } from "@/components/layout/Header";
  7 | import { Footer } from "@/components/layout/Footer";

https://nextjs.org/docs/messages/module-not-found @ http://localhost:3000/_next/static/chunks/5f34d_next_dist_253e5923._.js:1920
[  526948ms] [ERROR] ./app/page.tsx:8:1
Module not found: Can't resolve '@fortawesome/free-solid-svg-icons'
   6 | import { LogoScroller } from '@/components/home/LogoScroller';
   7 | import { FontAwesomeIcon } from '@fortawesome/react-fontawesome';
>  8 | import {
     | ^^^^^^^^
>  9 |   faBolt,
     | ^^^^^^^^^
> 10 |   faNetworkWired,
     | ^^^^^^^^^
> 11 |   faCode,
     | ^^^^^^^^^
> 12 |   faArrowRight,
     | ^^^^^^^^^
> 13 |   faCircleCheck,
     | ^^^^^^^^^
> 14 |   faChevronDown,
     | ^^^^^^^^^
> 15 | } from '@fortawesome/free-solid-svg-icons';
     | ^^^^^^^^^^^^^^^^^^^^^^^^^^^^^^^^^^^^^^^^^^^^
  16 | import { ImageWithFallback } from '@/components/shared/ImageWithFallback';
  17 | import { RFQForm } from '@/components/forms/rfq';
  18 |

Import traces:
  Client Component Browser:
    ./app/page.tsx [Client Component Browser]
    ./app/page.tsx [Server Component]

  Client Component SSR:
    ./app/page.tsx [Client Component SSR]
    ./app/page.tsx [Server Component]

https://nextjs.org/docs/messages/module-not-found @ http://localhost:3000/_next/static/chunks/5f34d_next_dist_253e5923._.js:1920
[  526948ms] [ERROR] ./app/page.tsx:7:1
Module not found: Can't resolve '@fortawesome/react-fontawesome'
   5 | import { HeroSlider } from '@/components/home/HeroSlider';
   6 | import { LogoScroller } from '@/components/home/LogoScroller';
>  7 | import { FontAwesomeIcon } from '@fortawesome/react-fontawesome';
     | ^^^^^^^^^^^^^^^^^^^^^^^^^^^^^^^^^^^^^^^^^^^^^^^^^^^^^^^^^^^^^^^^^
   8 | import {
   9 |   faBolt,
  10 |   faNetworkWired,

Import traces:
  Client Component Browser:
    ./app/page.tsx [Client Component Browser]
    ./app/page.tsx [Server Component]

  Client Component SSR:
    ./app/page.tsx [Client Component SSR]
    ./app/page.tsx [Server Component]

https://nextjs.org/docs/messages/module-not-found @ http://localhost:3000/_next/static/chunks/5f34d_next_dist_253e5923._.js:1920
[  526948ms] [ERROR] ./components/forms/rfq/RFQForm.tsx:5:1
Module not found: Can't resolve '@hookform/resolvers/zod'
  3 | import { useEffect, useRef } from 'react';
  4 | import { useForm } from 'react-hook-form';
> 5 | import { zodResolver } from '@hookform/resolvers/zod';
    | ^^^^^^^^^^^^^^^^^^^^^^^^^^^^^^^^^^^^^^^^^^^^^^^^^^^^^^
  6 | import { CheckCircle } from 'lucide-react';
  7 | import { rfqSchema, rfqPresetSchema, type RFQFormData, type RFQPresetFormData } from '@/lib/forms/schemas';
  8 | import { useFormSubmit } from '@/hooks/useFormSubmit';

Import traces:
  Client Component Browser:
    ./components/forms/rfq/RFQForm.tsx [Client Component Browser]
    ./app/page.tsx [Client Component Browser]
    ./app/page.tsx [Server Component]

  Client Component SSR:
    ./components/forms/rfq/RFQForm.tsx [Client Component SSR]
    ./app/page.tsx [Client Component SSR]
    ./app/page.tsx [Server Component]

https://nextjs.org/docs/messages/module-not-found @ http://localhost:3000/_next/static/chunks/5f34d_next_dist_253e5923._.js:1920
[  526949ms] [ERROR] ./lib/forms/schemas.ts:1:1
Module not found: Can't resolve 'zod'
> 1 | import { z } from 'zod';
    | ^^^^^^^^^^^^^^^^^^^^^^^^
  2 |
  3 | const baseFields = {
  4 |   firstName: z.string().min(1, 'First name is required'),

Import traces:
  Client Component Browser:
    ./lib/forms/schemas.ts [Client Component Browser]
    ./components/forms/rfq/RFQForm.tsx [Client Component Browser]
    ./app/page.tsx [Client Component Browser]
    ./app/page.tsx [Server Component]

  Client Component SSR:
    ./lib/forms/schemas.ts [Client Component SSR]
    ./components/forms/rfq/RFQForm.tsx [Client Component SSR]
    ./app/page.tsx [Client Component SSR]
    ./app/page.tsx [Server Component]

https://nextjs.org/docs/messages/module-not-found @ http://localhost:3000/_next/static/chunks/5f34d_next_dist_253e5923._.js:1920
[  527030ms] [ERROR] ./app/layout.tsx:3:1
Module not found: Can't resolve '@fortawesome/fontawesome-svg-core'
  1 | import type { Metadata } from "next";
  2 | import { Geist, Geist_Mono } from "next/font/google";
> 3 | import { config } from '@fortawesome/fontawesome-svg-core';
    | ^^^^^^^^^^^^^^^^^^^^^^^^^^^^^^^^^^^^^^^^^^^^^^^^^^^^^^^^^^^
  4 | import '@fortawesome/fontawesome-svg-core/styles.css';
  5 | import "./globals.css";
  6 | import { Header } from "@/components/layout/Header";

https://nextjs.org/docs/messages/module-not-found @ http://localhost:3000/_next/static/chunks/5f34d_next_dist_253e5923._.js:1920
[  527030ms] [ERROR] ./app/layout.tsx:4:1
Module not found: Can't resolve '@fortawesome/fontawesome-svg-core/styles.css'
  2 | import { Geist, Geist_Mono } from "next/font/google";
  3 | import { config } from '@fortawesome/fontawesome-svg-core';
> 4 | import '@fortawesome/fontawesome-svg-core/styles.css';
    | ^^^^^^^^^^^^^^^^^^^^^^^^^^^^^^^^^^^^^^^^^^^^^^^^^^^^^^
  5 | import "./globals.css";
  6 | import { Header } from "@/components/layout/Header";
  7 | import { Footer } from "@/components/layout/Footer";

https://nextjs.org/docs/messages/module-not-found @ http://localhost:3000/_next/static/chunks/5f34d_next_dist_253e5923._.js:1920
[  527030ms] [ERROR] ./app/page.tsx:8:1
Module not found: Can't resolve '@fortawesome/free-solid-svg-icons'
   6 | import { LogoScroller } from '@/components/home/LogoScroller';
   7 | import { FontAwesomeIcon } from '@fortawesome/react-fontawesome';
>  8 | import {
     | ^^^^^^^^
>  9 |   faBolt,
     | ^^^^^^^^^
> 10 |   faNetworkWired,
     | ^^^^^^^^^
> 11 |   faCode,
     | ^^^^^^^^^
> 12 |   faArrowRight,
     | ^^^^^^^^^
> 13 |   faCircleCheck,
     | ^^^^^^^^^
> 14 |   faChevronDown,
     | ^^^^^^^^^
> 15 | } from '@fortawesome/free-solid-svg-icons';
     | ^^^^^^^^^^^^^^^^^^^^^^^^^^^^^^^^^^^^^^^^^^^^
  16 | import { ImageWithFallback } from '@/components/shared/ImageWithFallback';
  17 | import { RFQForm } from '@/components/forms/rfq';
  18 |

Import traces:
  Client Component Browser:
    ./app/page.tsx [Client Component Browser]
    ./app/page.tsx [Server Component]

  Client Component SSR:
    ./app/page.tsx [Client Component SSR]
    ./app/page.tsx [Server Component]

https://nextjs.org/docs/messages/module-not-found @ http://localhost:3000/_next/static/chunks/5f34d_next_dist_253e5923._.js:1920
[  527030ms] [ERROR] ./app/page.tsx:7:1
Module not found: Can't resolve '@fortawesome/react-fontawesome'
   5 | import { HeroSlider } from '@/components/home/HeroSlider';
   6 | import { LogoScroller } from '@/components/home/LogoScroller';
>  7 | import { FontAwesomeIcon } from '@fortawesome/react-fontawesome';
     | ^^^^^^^^^^^^^^^^^^^^^^^^^^^^^^^^^^^^^^^^^^^^^^^^^^^^^^^^^^^^^^^^^
   8 | import {
   9 |   faBolt,
  10 |   faNetworkWired,

Import traces:
  Client Component Browser:
    ./app/page.tsx [Client Component Browser]
    ./app/page.tsx [Server Component]

  Client Component SSR:
    ./app/page.tsx [Client Component SSR]
    ./app/page.tsx [Server Component]

https://nextjs.org/docs/messages/module-not-found @ http://localhost:3000/_next/static/chunks/5f34d_next_dist_253e5923._.js:1920
[  527030ms] [ERROR] ./components/forms/rfq/RFQForm.tsx:5:1
Module not found: Can't resolve '@hookform/resolvers/zod'
  3 | import { useEffect, useRef } from 'react';
  4 | import { useForm } from 'react-hook-form';
> 5 | import { zodResolver } from '@hookform/resolvers/zod';
    | ^^^^^^^^^^^^^^^^^^^^^^^^^^^^^^^^^^^^^^^^^^^^^^^^^^^^^^
  6 | import { CheckCircle } from 'lucide-react';
  7 | import { rfqSchema, rfqPresetSchema, type RFQFormData, type RFQPresetFormData } from '@/lib/forms/schemas';
  8 | import { useFormSubmit } from '@/hooks/useFormSubmit';

Import traces:
  Client Component Browser:
    ./components/forms/rfq/RFQForm.tsx [Client Component Browser]
    ./app/page.tsx [Client Component Browser]
    ./app/page.tsx [Server Component]

  Client Component SSR:
    ./components/forms/rfq/RFQForm.tsx [Client Component SSR]
    ./app/page.tsx [Client Component SSR]
    ./app/page.tsx [Server Component]

https://nextjs.org/docs/messages/module-not-found @ http://localhost:3000/_next/static/chunks/5f34d_next_dist_253e5923._.js:1920
[  527030ms] [ERROR] ./lib/forms/schemas.ts:1:1
Module not found: Can't resolve 'zod'
> 1 | import { z } from 'zod';
    | ^^^^^^^^^^^^^^^^^^^^^^^^
  2 |
  3 | const baseFields = {
  4 |   firstName: z.string().min(1, 'First name is required'),

Import traces:
  Client Component Browser:
    ./lib/forms/schemas.ts [Client Component Browser]
    ./components/forms/rfq/RFQForm.tsx [Client Component Browser]
    ./app/page.tsx [Client Component Browser]
    ./app/page.tsx [Server Component]

  Client Component SSR:
    ./lib/forms/schemas.ts [Client Component SSR]
    ./components/forms/rfq/RFQForm.tsx [Client Component SSR]
    ./app/page.tsx [Client Component SSR]
    ./app/page.tsx [Server Component]

https://nextjs.org/docs/messages/module-not-found @ http://localhost:3000/_next/static/chunks/5f34d_next_dist_253e5923._.js:1920
[  527110ms] [ERROR] ./app/layout.tsx:3:1
Module not found: Can't resolve '@fortawesome/fontawesome-svg-core'
  1 | import type { Metadata } from "next";
  2 | import { Geist, Geist_Mono } from "next/font/google";
> 3 | import { config } from '@fortawesome/fontawesome-svg-core';
    | ^^^^^^^^^^^^^^^^^^^^^^^^^^^^^^^^^^^^^^^^^^^^^^^^^^^^^^^^^^^
  4 | import '@fortawesome/fontawesome-svg-core/styles.css';
  5 | import "./globals.css";
  6 | import { Header } from "@/components/layout/Header";

https://nextjs.org/docs/messages/module-not-found @ http://localhost:3000/_next/static/chunks/5f34d_next_dist_253e5923._.js:1920
[  527110ms] [ERROR] ./app/layout.tsx:4:1
Module not found: Can't resolve '@fortawesome/fontawesome-svg-core/styles.css'
  2 | import { Geist, Geist_Mono } from "next/font/google";
  3 | import { config } from '@fortawesome/fontawesome-svg-core';
> 4 | import '@fortawesome/fontawesome-svg-core/styles.css';
    | ^^^^^^^^^^^^^^^^^^^^^^^^^^^^^^^^^^^^^^^^^^^^^^^^^^^^^^
  5 | import "./globals.css";
  6 | import { Header } from "@/components/layout/Header";
  7 | import { Footer } from "@/components/layout/Footer";

https://nextjs.org/docs/messages/module-not-found @ http://localhost:3000/_next/static/chunks/5f34d_next_dist_253e5923._.js:1920
[  527110ms] [ERROR] ./app/page.tsx:8:1
Module not found: Can't resolve '@fortawesome/free-solid-svg-icons'
   6 | import { LogoScroller } from '@/components/home/LogoScroller';
   7 | import { FontAwesomeIcon } from '@fortawesome/react-fontawesome';
>  8 | import {
     | ^^^^^^^^
>  9 |   faBolt,
     | ^^^^^^^^^
> 10 |   faNetworkWired,
     | ^^^^^^^^^
> 11 |   faCode,
     | ^^^^^^^^^
> 12 |   faArrowRight,
     | ^^^^^^^^^
> 13 |   faCircleCheck,
     | ^^^^^^^^^
> 14 |   faChevronDown,
     | ^^^^^^^^^
> 15 | } from '@fortawesome/free-solid-svg-icons';
     | ^^^^^^^^^^^^^^^^^^^^^^^^^^^^^^^^^^^^^^^^^^^^
  16 | import { ImageWithFallback } from '@/components/shared/ImageWithFallback';
  17 | import { RFQForm } from '@/components/forms/rfq';
  18 |

Import traces:
  Client Component Browser:
    ./app/page.tsx [Client Component Browser]
    ./app/page.tsx [Server Component]

  Client Component SSR:
    ./app/page.tsx [Client Component SSR]
    ./app/page.tsx [Server Component]

https://nextjs.org/docs/messages/module-not-found @ http://localhost:3000/_next/static/chunks/5f34d_next_dist_253e5923._.js:1920
[  527110ms] [ERROR] ./app/page.tsx:7:1
Module not found: Can't resolve '@fortawesome/react-fontawesome'
   5 | import { HeroSlider } from '@/components/home/HeroSlider';
   6 | import { LogoScroller } from '@/components/home/LogoScroller';
>  7 | import { FontAwesomeIcon } from '@fortawesome/react-fontawesome';
     | ^^^^^^^^^^^^^^^^^^^^^^^^^^^^^^^^^^^^^^^^^^^^^^^^^^^^^^^^^^^^^^^^^
   8 | import {
   9 |   faBolt,
  10 |   faNetworkWired,

Import traces:
  Client Component Browser:
    ./app/page.tsx [Client Component Browser]
    ./app/page.tsx [Server Component]

  Client Component SSR:
    ./app/page.tsx [Client Component SSR]
    ./app/page.tsx [Server Component]

https://nextjs.org/docs/messages/module-not-found @ http://localhost:3000/_next/static/chunks/5f34d_next_dist_253e5923._.js:1920
[  527110ms] [ERROR] ./components/forms/rfq/RFQForm.tsx:5:1
Module not found: Can't resolve '@hookform/resolvers/zod'
  3 | import { useEffect, useRef } from 'react';
  4 | import { useForm } from 'react-hook-form';
> 5 | import { zodResolver } from '@hookform/resolvers/zod';
    | ^^^^^^^^^^^^^^^^^^^^^^^^^^^^^^^^^^^^^^^^^^^^^^^^^^^^^^
  6 | import { CheckCircle } from 'lucide-react';
  7 | import { rfqSchema, rfqPresetSchema, type RFQFormData, type RFQPresetFormData } from '@/lib/forms/schemas';
  8 | import { useFormSubmit } from '@/hooks/useFormSubmit';

Import traces:
  Client Component Browser:
    ./components/forms/rfq/RFQForm.tsx [Client Component Browser]
    ./app/page.tsx [Client Component Browser]
    ./app/page.tsx [Server Component]

  Client Component SSR:
    ./components/forms/rfq/RFQForm.tsx [Client Component SSR]
    ./app/page.tsx [Client Component SSR]
    ./app/page.tsx [Server Component]

https://nextjs.org/docs/messages/module-not-found @ http://localhost:3000/_next/static/chunks/5f34d_next_dist_253e5923._.js:1920
[  527110ms] [ERROR] ./lib/forms/schemas.ts:1:1
Module not found: Can't resolve 'zod'
> 1 | import { z } from 'zod';
    | ^^^^^^^^^^^^^^^^^^^^^^^^
  2 |
  3 | const baseFields = {
  4 |   firstName: z.string().min(1, 'First name is required'),

Import traces:
  Client Component Browser:
    ./lib/forms/schemas.ts [Client Component Browser]
    ./components/forms/rfq/RFQForm.tsx [Client Component Browser]
    ./app/page.tsx [Client Component Browser]
    ./app/page.tsx [Server Component]

  Client Component SSR:
    ./lib/forms/schemas.ts [Client Component SSR]
    ./components/forms/rfq/RFQForm.tsx [Client Component SSR]
    ./app/page.tsx [Client Component SSR]
    ./app/page.tsx [Server Component]

https://nextjs.org/docs/messages/module-not-found @ http://localhost:3000/_next/static/chunks/5f34d_next_dist_253e5923._.js:1920
[  527175ms] [ERROR] ./app/layout.tsx:3:1
Module not found: Can't resolve '@fortawesome/fontawesome-svg-core'
  1 | import type { Metadata } from "next";
  2 | import { Geist, Geist_Mono } from "next/font/google";
> 3 | import { config } from '@fortawesome/fontawesome-svg-core';
    | ^^^^^^^^^^^^^^^^^^^^^^^^^^^^^^^^^^^^^^^^^^^^^^^^^^^^^^^^^^^
  4 | import '@fortawesome/fontawesome-svg-core/styles.css';
  5 | import "./globals.css";
  6 | import { Header } from "@/components/layout/Header";

https://nextjs.org/docs/messages/module-not-found @ http://localhost:3000/_next/static/chunks/5f34d_next_dist_253e5923._.js:1920
[  527175ms] [ERROR] ./app/layout.tsx:4:1
Module not found: Can't resolve '@fortawesome/fontawesome-svg-core/styles.css'
  2 | import { Geist, Geist_Mono } from "next/font/google";
  3 | import { config } from '@fortawesome/fontawesome-svg-core';
> 4 | import '@fortawesome/fontawesome-svg-core/styles.css';
    | ^^^^^^^^^^^^^^^^^^^^^^^^^^^^^^^^^^^^^^^^^^^^^^^^^^^^^^
  5 | import "./globals.css";
  6 | import { Header } from "@/components/layout/Header";
  7 | import { Footer } from "@/components/layout/Footer";

https://nextjs.org/docs/messages/module-not-found @ http://localhost:3000/_next/static/chunks/5f34d_next_dist_253e5923._.js:1920
[  527175ms] [ERROR] ./app/page.tsx:8:1
Module not found: Can't resolve '@fortawesome/free-solid-svg-icons'
   6 | import { LogoScroller } from '@/components/home/LogoScroller';
   7 | import { FontAwesomeIcon } from '@fortawesome/react-fontawesome';
>  8 | import {
     | ^^^^^^^^
>  9 |   faBolt,
     | ^^^^^^^^^
> 10 |   faNetworkWired,
     | ^^^^^^^^^
> 11 |   faCode,
     | ^^^^^^^^^
> 12 |   faArrowRight,
     | ^^^^^^^^^
> 13 |   faCircleCheck,
     | ^^^^^^^^^
> 14 |   faChevronDown,
     | ^^^^^^^^^
> 15 | } from '@fortawesome/free-solid-svg-icons';
     | ^^^^^^^^^^^^^^^^^^^^^^^^^^^^^^^^^^^^^^^^^^^^
  16 | import { ImageWithFallback } from '@/components/shared/ImageWithFallback';
  17 | import { RFQForm } from '@/components/forms/rfq';
  18 |

Import traces:
  Client Component Browser:
    ./app/page.tsx [Client Component Browser]
    ./app/page.tsx [Server Component]

  Client Component SSR:
    ./app/page.tsx [Client Component SSR]
    ./app/page.tsx [Server Component]

https://nextjs.org/docs/messages/module-not-found @ http://localhost:3000/_next/static/chunks/5f34d_next_dist_253e5923._.js:1920
[  527176ms] [ERROR] ./app/page.tsx:7:1
Module not found: Can't resolve '@fortawesome/react-fontawesome'
   5 | import { HeroSlider } from '@/components/home/HeroSlider';
   6 | import { LogoScroller } from '@/components/home/LogoScroller';
>  7 | import { FontAwesomeIcon } from '@fortawesome/react-fontawesome';
     | ^^^^^^^^^^^^^^^^^^^^^^^^^^^^^^^^^^^^^^^^^^^^^^^^^^^^^^^^^^^^^^^^^
   8 | import {
   9 |   faBolt,
  10 |   faNetworkWired,

Import traces:
  Client Component Browser:
    ./app/page.tsx [Client Component Browser]
    ./app/page.tsx [Server Component]

  Client Component SSR:
    ./app/page.tsx [Client Component SSR]
    ./app/page.tsx [Server Component]

https://nextjs.org/docs/messages/module-not-found @ http://localhost:3000/_next/static/chunks/5f34d_next_dist_253e5923._.js:1920
[  527176ms] [ERROR] ./components/forms/rfq/RFQForm.tsx:5:1
Module not found: Can't resolve '@hookform/resolvers/zod'
  3 | import { useEffect, useRef } from 'react';
  4 | import { useForm } from 'react-hook-form';
> 5 | import { zodResolver } from '@hookform/resolvers/zod';
    | ^^^^^^^^^^^^^^^^^^^^^^^^^^^^^^^^^^^^^^^^^^^^^^^^^^^^^^
  6 | import { CheckCircle } from 'lucide-react';
  7 | import { rfqSchema, rfqPresetSchema, type RFQFormData, type RFQPresetFormData } from '@/lib/forms/schemas';
  8 | import { useFormSubmit } from '@/hooks/useFormSubmit';

Import traces:
  Client Component Browser:
    ./components/forms/rfq/RFQForm.tsx [Client Component Browser]
    ./app/page.tsx [Client Component Browser]
    ./app/page.tsx [Server Component]

  Client Component SSR:
    ./components/forms/rfq/RFQForm.tsx [Client Component SSR]
    ./app/page.tsx [Client Component SSR]
    ./app/page.tsx [Server Component]

https://nextjs.org/docs/messages/module-not-found @ http://localhost:3000/_next/static/chunks/5f34d_next_dist_253e5923._.js:1920
[  527176ms] [ERROR] ./lib/forms/schemas.ts:1:1
Module not found: Can't resolve 'zod'
> 1 | import { z } from 'zod';
    | ^^^^^^^^^^^^^^^^^^^^^^^^
  2 |
  3 | const baseFields = {
  4 |   firstName: z.string().min(1, 'First name is required'),

Import traces:
  Client Component Browser:
    ./lib/forms/schemas.ts [Client Component Browser]
    ./components/forms/rfq/RFQForm.tsx [Client Component Browser]
    ./app/page.tsx [Client Component Browser]
    ./app/page.tsx [Server Component]

  Client Component SSR:
    ./lib/forms/schemas.ts [Client Component SSR]
    ./components/forms/rfq/RFQForm.tsx [Client Component SSR]
    ./app/page.tsx [Client Component SSR]
    ./app/page.tsx [Server Component]

https://nextjs.org/docs/messages/module-not-found @ http://localhost:3000/_next/static/chunks/5f34d_next_dist_253e5923._.js:1920
[  527245ms] [ERROR] ./app/layout.tsx:3:1
Module not found: Can't resolve '@fortawesome/fontawesome-svg-core'
  1 | import type { Metadata } from "next";
  2 | import { Geist, Geist_Mono } from "next/font/google";
> 3 | import { config } from '@fortawesome/fontawesome-svg-core';
    | ^^^^^^^^^^^^^^^^^^^^^^^^^^^^^^^^^^^^^^^^^^^^^^^^^^^^^^^^^^^
  4 | import '@fortawesome/fontawesome-svg-core/styles.css';
  5 | import "./globals.css";
  6 | import { Header } from "@/components/layout/Header";

https://nextjs.org/docs/messages/module-not-found @ http://localhost:3000/_next/static/chunks/5f34d_next_dist_253e5923._.js:1920
[  527245ms] [ERROR] ./app/layout.tsx:4:1
Module not found: Can't resolve '@fortawesome/fontawesome-svg-core/styles.css'
  2 | import { Geist, Geist_Mono } from "next/font/google";
  3 | import { config } from '@fortawesome/fontawesome-svg-core';
> 4 | import '@fortawesome/fontawesome-svg-core/styles.css';
    | ^^^^^^^^^^^^^^^^^^^^^^^^^^^^^^^^^^^^^^^^^^^^^^^^^^^^^^
  5 | import "./globals.css";
  6 | import { Header } from "@/components/layout/Header";
  7 | import { Footer } from "@/components/layout/Footer";

https://nextjs.org/docs/messages/module-not-found @ http://localhost:3000/_next/static/chunks/5f34d_next_dist_253e5923._.js:1920
[  527245ms] [ERROR] ./app/page.tsx:8:1
Module not found: Can't resolve '@fortawesome/free-solid-svg-icons'
   6 | import { LogoScroller } from '@/components/home/LogoScroller';
   7 | import { FontAwesomeIcon } from '@fortawesome/react-fontawesome';
>  8 | import {
     | ^^^^^^^^
>  9 |   faBolt,
     | ^^^^^^^^^
> 10 |   faNetworkWired,
     | ^^^^^^^^^
> 11 |   faCode,
     | ^^^^^^^^^
> 12 |   faArrowRight,
     | ^^^^^^^^^
> 13 |   faCircleCheck,
     | ^^^^^^^^^
> 14 |   faChevronDown,
     | ^^^^^^^^^
> 15 | } from '@fortawesome/free-solid-svg-icons';
     | ^^^^^^^^^^^^^^^^^^^^^^^^^^^^^^^^^^^^^^^^^^^^
  16 | import { ImageWithFallback } from '@/components/shared/ImageWithFallback';
  17 | import { RFQForm } from '@/components/forms/rfq';
  18 |

Import traces:
  Client Component Browser:
    ./app/page.tsx [Client Component Browser]
    ./app/page.tsx [Server Component]

  Client Component SSR:
    ./app/page.tsx [Client Component SSR]
    ./app/page.tsx [Server Component]

https://nextjs.org/docs/messages/module-not-found @ http://localhost:3000/_next/static/chunks/5f34d_next_dist_253e5923._.js:1920
[  527245ms] [ERROR] ./app/page.tsx:7:1
Module not found: Can't resolve '@fortawesome/react-fontawesome'
   5 | import { HeroSlider } from '@/components/home/HeroSlider';
   6 | import { LogoScroller } from '@/components/home/LogoScroller';
>  7 | import { FontAwesomeIcon } from '@fortawesome/react-fontawesome';
     | ^^^^^^^^^^^^^^^^^^^^^^^^^^^^^^^^^^^^^^^^^^^^^^^^^^^^^^^^^^^^^^^^^
   8 | import {
   9 |   faBolt,
  10 |   faNetworkWired,

Import traces:
  Client Component Browser:
    ./app/page.tsx [Client Component Browser]
    ./app/page.tsx [Server Component]

  Client Component SSR:
    ./app/page.tsx [Client Component SSR]
    ./app/page.tsx [Server Component]

https://nextjs.org/docs/messages/module-not-found @ http://localhost:3000/_next/static/chunks/5f34d_next_dist_253e5923._.js:1920
[  527246ms] [ERROR] ./components/forms/rfq/RFQForm.tsx:5:1
Module not found: Can't resolve '@hookform/resolvers/zod'
  3 | import { useEffect, useRef } from 'react';
  4 | import { useForm } from 'react-hook-form';
> 5 | import { zodResolver } from '@hookform/resolvers/zod';
    | ^^^^^^^^^^^^^^^^^^^^^^^^^^^^^^^^^^^^^^^^^^^^^^^^^^^^^^
  6 | import { CheckCircle } from 'lucide-react';
  7 | import { rfqSchema, rfqPresetSchema, type RFQFormData, type RFQPresetFormData } from '@/lib/forms/schemas';
  8 | import { useFormSubmit } from '@/hooks/useFormSubmit';

Import traces:
  Client Component Browser:
    ./components/forms/rfq/RFQForm.tsx [Client Component Browser]
    ./app/page.tsx [Client Component Browser]
    ./app/page.tsx [Server Component]

  Client Component SSR:
    ./components/forms/rfq/RFQForm.tsx [Client Component SSR]
    ./app/page.tsx [Client Component SSR]
    ./app/page.tsx [Server Component]

https://nextjs.org/docs/messages/module-not-found @ http://localhost:3000/_next/static/chunks/5f34d_next_dist_253e5923._.js:1920
[  527246ms] [ERROR] ./lib/forms/schemas.ts:1:1
Module not found: Can't resolve 'zod'
> 1 | import { z } from 'zod';
    | ^^^^^^^^^^^^^^^^^^^^^^^^
  2 |
  3 | const baseFields = {
  4 |   firstName: z.string().min(1, 'First name is required'),

Import traces:
  Client Component Browser:
    ./lib/forms/schemas.ts [Client Component Browser]
    ./components/forms/rfq/RFQForm.tsx [Client Component Browser]
    ./app/page.tsx [Client Component Browser]
    ./app/page.tsx [Server Component]

  Client Component SSR:
    ./lib/forms/schemas.ts [Client Component SSR]
    ./components/forms/rfq/RFQForm.tsx [Client Component SSR]
    ./app/page.tsx [Client Component SSR]
    ./app/page.tsx [Server Component]

https://nextjs.org/docs/messages/module-not-found @ http://localhost:3000/_next/static/chunks/5f34d_next_dist_253e5923._.js:1920
[  527339ms] [ERROR] ./app/layout.tsx:3:1
Module not found: Can't resolve '@fortawesome/fontawesome-svg-core'
  1 | import type { Metadata } from "next";
  2 | import { Geist, Geist_Mono } from "next/font/google";
> 3 | import { config } from '@fortawesome/fontawesome-svg-core';
    | ^^^^^^^^^^^^^^^^^^^^^^^^^^^^^^^^^^^^^^^^^^^^^^^^^^^^^^^^^^^
  4 | import '@fortawesome/fontawesome-svg-core/styles.css';
  5 | import "./globals.css";
  6 | import { Header } from "@/components/layout/Header";

https://nextjs.org/docs/messages/module-not-found @ http://localhost:3000/_next/static/chunks/5f34d_next_dist_253e5923._.js:1920
[  527339ms] [ERROR] ./app/layout.tsx:4:1
Module not found: Can't resolve '@fortawesome/fontawesome-svg-core/styles.css'
  2 | import { Geist, Geist_Mono } from "next/font/google";
  3 | import { config } from '@fortawesome/fontawesome-svg-core';
> 4 | import '@fortawesome/fontawesome-svg-core/styles.css';
    | ^^^^^^^^^^^^^^^^^^^^^^^^^^^^^^^^^^^^^^^^^^^^^^^^^^^^^^
  5 | import "./globals.css";
  6 | import { Header } from "@/components/layout/Header";
  7 | import { Footer } from "@/components/layout/Footer";

https://nextjs.org/docs/messages/module-not-found @ http://localhost:3000/_next/static/chunks/5f34d_next_dist_253e5923._.js:1920
[  527339ms] [ERROR] ./app/page.tsx:8:1
Module not found: Can't resolve '@fortawesome/free-solid-svg-icons'
   6 | import { LogoScroller } from '@/components/home/LogoScroller';
   7 | import { FontAwesomeIcon } from '@fortawesome/react-fontawesome';
>  8 | import {
     | ^^^^^^^^
>  9 |   faBolt,
     | ^^^^^^^^^
> 10 |   faNetworkWired,
     | ^^^^^^^^^
> 11 |   faCode,
     | ^^^^^^^^^
> 12 |   faArrowRight,
     | ^^^^^^^^^
> 13 |   faCircleCheck,
     | ^^^^^^^^^
> 14 |   faChevronDown,
     | ^^^^^^^^^
> 15 | } from '@fortawesome/free-solid-svg-icons';
     | ^^^^^^^^^^^^^^^^^^^^^^^^^^^^^^^^^^^^^^^^^^^^
  16 | import { ImageWithFallback } from '@/components/shared/ImageWithFallback';
  17 | import { RFQForm } from '@/components/forms/rfq';
  18 |

Import traces:
  Client Component Browser:
    ./app/page.tsx [Client Component Browser]
    ./app/page.tsx [Server Component]

  Client Component SSR:
    ./app/page.tsx [Client Component SSR]
    ./app/page.tsx [Server Component]

https://nextjs.org/docs/messages/module-not-found @ http://localhost:3000/_next/static/chunks/5f34d_next_dist_253e5923._.js:1920
[  527340ms] [ERROR] ./app/page.tsx:7:1
Module not found: Can't resolve '@fortawesome/react-fontawesome'
   5 | import { HeroSlider } from '@/components/home/HeroSlider';
   6 | import { LogoScroller } from '@/components/home/LogoScroller';
>  7 | import { FontAwesomeIcon } from '@fortawesome/react-fontawesome';
     | ^^^^^^^^^^^^^^^^^^^^^^^^^^^^^^^^^^^^^^^^^^^^^^^^^^^^^^^^^^^^^^^^^
   8 | import {
   9 |   faBolt,
  10 |   faNetworkWired,

Import traces:
  Client Component Browser:
    ./app/page.tsx [Client Component Browser]
    ./app/page.tsx [Server Component]

  Client Component SSR:
    ./app/page.tsx [Client Component SSR]
    ./app/page.tsx [Server Component]

https://nextjs.org/docs/messages/module-not-found @ http://localhost:3000/_next/static/chunks/5f34d_next_dist_253e5923._.js:1920
[  527340ms] [ERROR] ./components/forms/rfq/RFQForm.tsx:5:1
Module not found: Can't resolve '@hookform/resolvers/zod'
  3 | import { useEffect, useRef } from 'react';
  4 | import { useForm } from 'react-hook-form';
> 5 | import { zodResolver } from '@hookform/resolvers/zod';
    | ^^^^^^^^^^^^^^^^^^^^^^^^^^^^^^^^^^^^^^^^^^^^^^^^^^^^^^
  6 | import { CheckCircle } from 'lucide-react';
  7 | import { rfqSchema, rfqPresetSchema, type RFQFormData, type RFQPresetFormData } from '@/lib/forms/schemas';
  8 | import { useFormSubmit } from '@/hooks/useFormSubmit';

Import traces:
  Client Component Browser:
    ./components/forms/rfq/RFQForm.tsx [Client Component Browser]
    ./app/page.tsx [Client Component Browser]
    ./app/page.tsx [Server Component]

  Client Component SSR:
    ./components/forms/rfq/RFQForm.tsx [Client Component SSR]
    ./app/page.tsx [Client Component SSR]
    ./app/page.tsx [Server Component]

https://nextjs.org/docs/messages/module-not-found @ http://localhost:3000/_next/static/chunks/5f34d_next_dist_253e5923._.js:1920
[  527340ms] [ERROR] ./lib/forms/schemas.ts:1:1
Module not found: Can't resolve 'zod'
> 1 | import { z } from 'zod';
    | ^^^^^^^^^^^^^^^^^^^^^^^^
  2 |
  3 | const baseFields = {
  4 |   firstName: z.string().min(1, 'First name is required'),

Import traces:
  Client Component Browser:
    ./lib/forms/schemas.ts [Client Component Browser]
    ./components/forms/rfq/RFQForm.tsx [Client Component Browser]
    ./app/page.tsx [Client Component Browser]
    ./app/page.tsx [Server Component]

  Client Component SSR:
    ./lib/forms/schemas.ts [Client Component SSR]
    ./components/forms/rfq/RFQForm.tsx [Client Component SSR]
    ./app/page.tsx [Client Component SSR]
    ./app/page.tsx [Server Component]

https://nextjs.org/docs/messages/module-not-found @ http://localhost:3000/_next/static/chunks/5f34d_next_dist_253e5923._.js:1920
[  527408ms] [ERROR] ./app/layout.tsx:3:1
Module not found: Can't resolve '@fortawesome/fontawesome-svg-core'
  1 | import type { Metadata } from "next";
  2 | import { Geist, Geist_Mono } from "next/font/google";
> 3 | import { config } from '@fortawesome/fontawesome-svg-core';
    | ^^^^^^^^^^^^^^^^^^^^^^^^^^^^^^^^^^^^^^^^^^^^^^^^^^^^^^^^^^^
  4 | import '@fortawesome/fontawesome-svg-core/styles.css';
  5 | import "./globals.css";
  6 | import { Header } from "@/components/layout/Header";

https://nextjs.org/docs/messages/module-not-found @ http://localhost:3000/_next/static/chunks/5f34d_next_dist_253e5923._.js:1920
[  527408ms] [ERROR] ./app/layout.tsx:4:1
Module not found: Can't resolve '@fortawesome/fontawesome-svg-core/styles.css'
  2 | import { Geist, Geist_Mono } from "next/font/google";
  3 | import { config } from '@fortawesome/fontawesome-svg-core';
> 4 | import '@fortawesome/fontawesome-svg-core/styles.css';
    | ^^^^^^^^^^^^^^^^^^^^^^^^^^^^^^^^^^^^^^^^^^^^^^^^^^^^^^
  5 | import "./globals.css";
  6 | import { Header } from "@/components/layout/Header";
  7 | import { Footer } from "@/components/layout/Footer";

https://nextjs.org/docs/messages/module-not-found @ http://localhost:3000/_next/static/chunks/5f34d_next_dist_253e5923._.js:1920
[  527408ms] [ERROR] ./app/page.tsx:8:1
Module not found: Can't resolve '@fortawesome/free-solid-svg-icons'
   6 | import { LogoScroller } from '@/components/home/LogoScroller';
   7 | import { FontAwesomeIcon } from '@fortawesome/react-fontawesome';
>  8 | import {
     | ^^^^^^^^
>  9 |   faBolt,
     | ^^^^^^^^^
> 10 |   faNetworkWired,
     | ^^^^^^^^^
> 11 |   faCode,
     | ^^^^^^^^^
> 12 |   faArrowRight,
     | ^^^^^^^^^
> 13 |   faCircleCheck,
     | ^^^^^^^^^
> 14 |   faChevronDown,
     | ^^^^^^^^^
> 15 | } from '@fortawesome/free-solid-svg-icons';
     | ^^^^^^^^^^^^^^^^^^^^^^^^^^^^^^^^^^^^^^^^^^^^
  16 | import { ImageWithFallback } from '@/components/shared/ImageWithFallback';
  17 | import { RFQForm } from '@/components/forms/rfq';
  18 |

Import traces:
  Client Component Browser:
    ./app/page.tsx [Client Component Browser]
    ./app/page.tsx [Server Component]

  Client Component SSR:
    ./app/page.tsx [Client Component SSR]
    ./app/page.tsx [Server Component]

https://nextjs.org/docs/messages/module-not-found @ http://localhost:3000/_next/static/chunks/5f34d_next_dist_253e5923._.js:1920
[  527408ms] [ERROR] ./app/page.tsx:7:1
Module not found: Can't resolve '@fortawesome/react-fontawesome'
   5 | import { HeroSlider } from '@/components/home/HeroSlider';
   6 | import { LogoScroller } from '@/components/home/LogoScroller';
>  7 | import { FontAwesomeIcon } from '@fortawesome/react-fontawesome';
     | ^^^^^^^^^^^^^^^^^^^^^^^^^^^^^^^^^^^^^^^^^^^^^^^^^^^^^^^^^^^^^^^^^
   8 | import {
   9 |   faBolt,
  10 |   faNetworkWired,

Import traces:
  Client Component Browser:
    ./app/page.tsx [Client Component Browser]
    ./app/page.tsx [Server Component]

  Client Component SSR:
    ./app/page.tsx [Client Component SSR]
    ./app/page.tsx [Server Component]

https://nextjs.org/docs/messages/module-not-found @ http://localhost:3000/_next/static/chunks/5f34d_next_dist_253e5923._.js:1920
[  527408ms] [ERROR] ./components/forms/rfq/RFQForm.tsx:5:1
Module not found: Can't resolve '@hookform/resolvers/zod'
  3 | import { useEffect, useRef } from 'react';
  4 | import { useForm } from 'react-hook-form';
> 5 | import { zodResolver } from '@hookform/resolvers/zod';
    | ^^^^^^^^^^^^^^^^^^^^^^^^^^^^^^^^^^^^^^^^^^^^^^^^^^^^^^
  6 | import { CheckCircle } from 'lucide-react';
  7 | import { rfqSchema, rfqPresetSchema, type RFQFormData, type RFQPresetFormData } from '@/lib/forms/schemas';
  8 | import { useFormSubmit } from '@/hooks/useFormSubmit';

Import traces:
  Client Component Browser:
    ./components/forms/rfq/RFQForm.tsx [Client Component Browser]
    ./app/page.tsx [Client Component Browser]
    ./app/page.tsx [Server Component]

  Client Component SSR:
    ./components/forms/rfq/RFQForm.tsx [Client Component SSR]
    ./app/page.tsx [Client Component SSR]
    ./app/page.tsx [Server Component]

https://nextjs.org/docs/messages/module-not-found @ http://localhost:3000/_next/static/chunks/5f34d_next_dist_253e5923._.js:1920
[  527408ms] [ERROR] ./lib/forms/schemas.ts:1:1
Module not found: Can't resolve 'zod'
> 1 | import { z } from 'zod';
    | ^^^^^^^^^^^^^^^^^^^^^^^^
  2 |
  3 | const baseFields = {
  4 |   firstName: z.string().min(1, 'First name is required'),

Import traces:
  Client Component Browser:
    ./lib/forms/schemas.ts [Client Component Browser]
    ./components/forms/rfq/RFQForm.tsx [Client Component Browser]
    ./app/page.tsx [Client Component Browser]
    ./app/page.tsx [Server Component]

  Client Component SSR:
    ./lib/forms/schemas.ts [Client Component SSR]
    ./components/forms/rfq/RFQForm.tsx [Client Component SSR]
    ./app/page.tsx [Client Component SSR]
    ./app/page.tsx [Server Component]

https://nextjs.org/docs/messages/module-not-found @ http://localhost:3000/_next/static/chunks/5f34d_next_dist_253e5923._.js:1920
[  527488ms] [ERROR] ./app/layout.tsx:3:1
Module not found: Can't resolve '@fortawesome/fontawesome-svg-core'
  1 | import type { Metadata } from "next";
  2 | import { Geist, Geist_Mono } from "next/font/google";
> 3 | import { config } from '@fortawesome/fontawesome-svg-core';
    | ^^^^^^^^^^^^^^^^^^^^^^^^^^^^^^^^^^^^^^^^^^^^^^^^^^^^^^^^^^^
  4 | import '@fortawesome/fontawesome-svg-core/styles.css';
  5 | import "./globals.css";
  6 | import { Header } from "@/components/layout/Header";

https://nextjs.org/docs/messages/module-not-found @ http://localhost:3000/_next/static/chunks/5f34d_next_dist_253e5923._.js:1920
[  527489ms] [ERROR] ./app/layout.tsx:4:1
Module not found: Can't resolve '@fortawesome/fontawesome-svg-core/styles.css'
  2 | import { Geist, Geist_Mono } from "next/font/google";
  3 | import { config } from '@fortawesome/fontawesome-svg-core';
> 4 | import '@fortawesome/fontawesome-svg-core/styles.css';
    | ^^^^^^^^^^^^^^^^^^^^^^^^^^^^^^^^^^^^^^^^^^^^^^^^^^^^^^
  5 | import "./globals.css";
  6 | import { Header } from "@/components/layout/Header";
  7 | import { Footer } from "@/components/layout/Footer";

https://nextjs.org/docs/messages/module-not-found @ http://localhost:3000/_next/static/chunks/5f34d_next_dist_253e5923._.js:1920
[  527489ms] [ERROR] ./app/page.tsx:8:1
Module not found: Can't resolve '@fortawesome/free-solid-svg-icons'
   6 | import { LogoScroller } from '@/components/home/LogoScroller';
   7 | import { FontAwesomeIcon } from '@fortawesome/react-fontawesome';
>  8 | import {
     | ^^^^^^^^
>  9 |   faBolt,
     | ^^^^^^^^^
> 10 |   faNetworkWired,
     | ^^^^^^^^^
> 11 |   faCode,
     | ^^^^^^^^^
> 12 |   faArrowRight,
     | ^^^^^^^^^
> 13 |   faCircleCheck,
     | ^^^^^^^^^
> 14 |   faChevronDown,
     | ^^^^^^^^^
> 15 | } from '@fortawesome/free-solid-svg-icons';
     | ^^^^^^^^^^^^^^^^^^^^^^^^^^^^^^^^^^^^^^^^^^^^
  16 | import { ImageWithFallback } from '@/components/shared/ImageWithFallback';
  17 | import { RFQForm } from '@/components/forms/rfq';
  18 |

Import traces:
  Client Component Browser:
    ./app/page.tsx [Client Component Browser]
    ./app/page.tsx [Server Component]

  Client Component SSR:
    ./app/page.tsx [Client Component SSR]
    ./app/page.tsx [Server Component]

https://nextjs.org/docs/messages/module-not-found @ http://localhost:3000/_next/static/chunks/5f34d_next_dist_253e5923._.js:1920
[  527489ms] [ERROR] ./app/page.tsx:7:1
Module not found: Can't resolve '@fortawesome/react-fontawesome'
   5 | import { HeroSlider } from '@/components/home/HeroSlider';
   6 | import { LogoScroller } from '@/components/home/LogoScroller';
>  7 | import { FontAwesomeIcon } from '@fortawesome/react-fontawesome';
     | ^^^^^^^^^^^^^^^^^^^^^^^^^^^^^^^^^^^^^^^^^^^^^^^^^^^^^^^^^^^^^^^^^
   8 | import {
   9 |   faBolt,
  10 |   faNetworkWired,

Import traces:
  Client Component Browser:
    ./app/page.tsx [Client Component Browser]
    ./app/page.tsx [Server Component]

  Client Component SSR:
    ./app/page.tsx [Client Component SSR]
    ./app/page.tsx [Server Component]

https://nextjs.org/docs/messages/module-not-found @ http://localhost:3000/_next/static/chunks/5f34d_next_dist_253e5923._.js:1920
[  527489ms] [ERROR] ./components/forms/rfq/RFQForm.tsx:5:1
Module not found: Can't resolve '@hookform/resolvers/zod'
  3 | import { useEffect, useRef } from 'react';
  4 | import { useForm } from 'react-hook-form';
> 5 | import { zodResolver } from '@hookform/resolvers/zod';
    | ^^^^^^^^^^^^^^^^^^^^^^^^^^^^^^^^^^^^^^^^^^^^^^^^^^^^^^
  6 | import { CheckCircle } from 'lucide-react';
  7 | import { rfqSchema, rfqPresetSchema, type RFQFormData, type RFQPresetFormData } from '@/lib/forms/schemas';
  8 | import { useFormSubmit } from '@/hooks/useFormSubmit';

Import traces:
  Client Component Browser:
    ./components/forms/rfq/RFQForm.tsx [Client Component Browser]
    ./app/page.tsx [Client Component Browser]
    ./app/page.tsx [Server Component]

  Client Component SSR:
    ./components/forms/rfq/RFQForm.tsx [Client Component SSR]
    ./app/page.tsx [Client Component SSR]
    ./app/page.tsx [Server Component]

https://nextjs.org/docs/messages/module-not-found @ http://localhost:3000/_next/static/chunks/5f34d_next_dist_253e5923._.js:1920
[  527489ms] [ERROR] ./lib/forms/schemas.ts:1:1
Module not found: Can't resolve 'zod'
> 1 | import { z } from 'zod';
    | ^^^^^^^^^^^^^^^^^^^^^^^^
  2 |
  3 | const baseFields = {
  4 |   firstName: z.string().min(1, 'First name is required'),

Import traces:
  Client Component Browser:
    ./lib/forms/schemas.ts [Client Component Browser]
    ./components/forms/rfq/RFQForm.tsx [Client Component Browser]
    ./app/page.tsx [Client Component Browser]
    ./app/page.tsx [Server Component]

  Client Component SSR:
    ./lib/forms/schemas.ts [Client Component SSR]
    ./components/forms/rfq/RFQForm.tsx [Client Component SSR]
    ./app/page.tsx [Client Component SSR]
    ./app/page.tsx [Server Component]

https://nextjs.org/docs/messages/module-not-found @ http://localhost:3000/_next/static/chunks/5f34d_next_dist_253e5923._.js:1920
[  527562ms] [ERROR] ./app/layout.tsx:3:1
Module not found: Can't resolve '@fortawesome/fontawesome-svg-core'
  1 | import type { Metadata } from "next";
  2 | import { Geist, Geist_Mono } from "next/font/google";
> 3 | import { config } from '@fortawesome/fontawesome-svg-core';
    | ^^^^^^^^^^^^^^^^^^^^^^^^^^^^^^^^^^^^^^^^^^^^^^^^^^^^^^^^^^^
  4 | import '@fortawesome/fontawesome-svg-core/styles.css';
  5 | import "./globals.css";
  6 | import { Header } from "@/components/layout/Header";

https://nextjs.org/docs/messages/module-not-found @ http://localhost:3000/_next/static/chunks/5f34d_next_dist_253e5923._.js:1920
[  527562ms] [ERROR] ./app/layout.tsx:4:1
Module not found: Can't resolve '@fortawesome/fontawesome-svg-core/styles.css'
  2 | import { Geist, Geist_Mono } from "next/font/google";
  3 | import { config } from '@fortawesome/fontawesome-svg-core';
> 4 | import '@fortawesome/fontawesome-svg-core/styles.css';
    | ^^^^^^^^^^^^^^^^^^^^^^^^^^^^^^^^^^^^^^^^^^^^^^^^^^^^^^
  5 | import "./globals.css";
  6 | import { Header } from "@/components/layout/Header";
  7 | import { Footer } from "@/components/layout/Footer";

https://nextjs.org/docs/messages/module-not-found @ http://localhost:3000/_next/static/chunks/5f34d_next_dist_253e5923._.js:1920
[  527562ms] [ERROR] ./app/page.tsx:8:1
Module not found: Can't resolve '@fortawesome/free-solid-svg-icons'
   6 | import { LogoScroller } from '@/components/home/LogoScroller';
   7 | import { FontAwesomeIcon } from '@fortawesome/react-fontawesome';
>  8 | import {
     | ^^^^^^^^
>  9 |   faBolt,
     | ^^^^^^^^^
> 10 |   faNetworkWired,
     | ^^^^^^^^^
> 11 |   faCode,
     | ^^^^^^^^^
> 12 |   faArrowRight,
     | ^^^^^^^^^
> 13 |   faCircleCheck,
     | ^^^^^^^^^
> 14 |   faChevronDown,
     | ^^^^^^^^^
> 15 | } from '@fortawesome/free-solid-svg-icons';
     | ^^^^^^^^^^^^^^^^^^^^^^^^^^^^^^^^^^^^^^^^^^^^
  16 | import { ImageWithFallback } from '@/components/shared/ImageWithFallback';
  17 | import { RFQForm } from '@/components/forms/rfq';
  18 |

Import traces:
  Client Component Browser:
    ./app/page.tsx [Client Component Browser]
    ./app/page.tsx [Server Component]

  Client Component SSR:
    ./app/page.tsx [Client Component SSR]
    ./app/page.tsx [Server Component]

https://nextjs.org/docs/messages/module-not-found @ http://localhost:3000/_next/static/chunks/5f34d_next_dist_253e5923._.js:1920
[  527563ms] [ERROR] ./app/page.tsx:7:1
Module not found: Can't resolve '@fortawesome/react-fontawesome'
   5 | import { HeroSlider } from '@/components/home/HeroSlider';
   6 | import { LogoScroller } from '@/components/home/LogoScroller';
>  7 | import { FontAwesomeIcon } from '@fortawesome/react-fontawesome';
     | ^^^^^^^^^^^^^^^^^^^^^^^^^^^^^^^^^^^^^^^^^^^^^^^^^^^^^^^^^^^^^^^^^
   8 | import {
   9 |   faBolt,
  10 |   faNetworkWired,

Import traces:
  Client Component Browser:
    ./app/page.tsx [Client Component Browser]
    ./app/page.tsx [Server Component]

  Client Component SSR:
    ./app/page.tsx [Client Component SSR]
    ./app/page.tsx [Server Component]

https://nextjs.org/docs/messages/module-not-found @ http://localhost:3000/_next/static/chunks/5f34d_next_dist_253e5923._.js:1920
[  527563ms] [ERROR] ./components/forms/rfq/RFQForm.tsx:5:1
Module not found: Can't resolve '@hookform/resolvers/zod'
  3 | import { useEffect, useRef } from 'react';
  4 | import { useForm } from 'react-hook-form';
> 5 | import { zodResolver } from '@hookform/resolvers/zod';
    | ^^^^^^^^^^^^^^^^^^^^^^^^^^^^^^^^^^^^^^^^^^^^^^^^^^^^^^
  6 | import { CheckCircle } from 'lucide-react';
  7 | import { rfqSchema, rfqPresetSchema, type RFQFormData, type RFQPresetFormData } from '@/lib/forms/schemas';
  8 | import { useFormSubmit } from '@/hooks/useFormSubmit';

Import traces:
  Client Component Browser:
    ./components/forms/rfq/RFQForm.tsx [Client Component Browser]
    ./app/page.tsx [Client Component Browser]
    ./app/page.tsx [Server Component]

  Client Component SSR:
    ./components/forms/rfq/RFQForm.tsx [Client Component SSR]
    ./app/page.tsx [Client Component SSR]
    ./app/page.tsx [Server Component]

https://nextjs.org/docs/messages/module-not-found @ http://localhost:3000/_next/static/chunks/5f34d_next_dist_253e5923._.js:1920
[  527563ms] [ERROR] ./lib/forms/schemas.ts:1:1
Module not found: Can't resolve 'zod'
> 1 | import { z } from 'zod';
    | ^^^^^^^^^^^^^^^^^^^^^^^^
  2 |
  3 | const baseFields = {
  4 |   firstName: z.string().min(1, 'First name is required'),

Import traces:
  Client Component Browser:
    ./lib/forms/schemas.ts [Client Component Browser]
    ./components/forms/rfq/RFQForm.tsx [Client Component Browser]
    ./app/page.tsx [Client Component Browser]
    ./app/page.tsx [Server Component]

  Client Component SSR:
    ./lib/forms/schemas.ts [Client Component SSR]
    ./components/forms/rfq/RFQForm.tsx [Client Component SSR]
    ./app/page.tsx [Client Component SSR]
    ./app/page.tsx [Server Component]

https://nextjs.org/docs/messages/module-not-found @ http://localhost:3000/_next/static/chunks/5f34d_next_dist_253e5923._.js:1920
[  527642ms] [ERROR] ./app/layout.tsx:3:1
Module not found: Can't resolve '@fortawesome/fontawesome-svg-core'
  1 | import type { Metadata } from "next";
  2 | import { Geist, Geist_Mono } from "next/font/google";
> 3 | import { config } from '@fortawesome/fontawesome-svg-core';
    | ^^^^^^^^^^^^^^^^^^^^^^^^^^^^^^^^^^^^^^^^^^^^^^^^^^^^^^^^^^^
  4 | import '@fortawesome/fontawesome-svg-core/styles.css';
  5 | import "./globals.css";
  6 | import { Header } from "@/components/layout/Header";

https://nextjs.org/docs/messages/module-not-found @ http://localhost:3000/_next/static/chunks/5f34d_next_dist_253e5923._.js:1920
[  527642ms] [ERROR] ./app/layout.tsx:4:1
Module not found: Can't resolve '@fortawesome/fontawesome-svg-core/styles.css'
  2 | import { Geist, Geist_Mono } from "next/font/google";
  3 | import { config } from '@fortawesome/fontawesome-svg-core';
> 4 | import '@fortawesome/fontawesome-svg-core/styles.css';
    | ^^^^^^^^^^^^^^^^^^^^^^^^^^^^^^^^^^^^^^^^^^^^^^^^^^^^^^
  5 | import "./globals.css";
  6 | import { Header } from "@/components/layout/Header";
  7 | import { Footer } from "@/components/layout/Footer";

https://nextjs.org/docs/messages/module-not-found @ http://localhost:3000/_next/static/chunks/5f34d_next_dist_253e5923._.js:1920
[  527642ms] [ERROR] ./app/page.tsx:8:1
Module not found: Can't resolve '@fortawesome/free-solid-svg-icons'
   6 | import { LogoScroller } from '@/components/home/LogoScroller';
   7 | import { FontAwesomeIcon } from '@fortawesome/react-fontawesome';
>  8 | import {
     | ^^^^^^^^
>  9 |   faBolt,
     | ^^^^^^^^^
> 10 |   faNetworkWired,
     | ^^^^^^^^^
> 11 |   faCode,
     | ^^^^^^^^^
> 12 |   faArrowRight,
     | ^^^^^^^^^
> 13 |   faCircleCheck,
     | ^^^^^^^^^
> 14 |   faChevronDown,
     | ^^^^^^^^^
> 15 | } from '@fortawesome/free-solid-svg-icons';
     | ^^^^^^^^^^^^^^^^^^^^^^^^^^^^^^^^^^^^^^^^^^^^
  16 | import { ImageWithFallback } from '@/components/shared/ImageWithFallback';
  17 | import { RFQForm } from '@/components/forms/rfq';
  18 |

Import traces:
  Client Component Browser:
    ./app/page.tsx [Client Component Browser]
    ./app/page.tsx [Server Component]

  Client Component SSR:
    ./app/page.tsx [Client Component SSR]
    ./app/page.tsx [Server Component]

https://nextjs.org/docs/messages/module-not-found @ http://localhost:3000/_next/static/chunks/5f34d_next_dist_253e5923._.js:1920
[  527642ms] [ERROR] ./app/page.tsx:7:1
Module not found: Can't resolve '@fortawesome/react-fontawesome'
   5 | import { HeroSlider } from '@/components/home/HeroSlider';
   6 | import { LogoScroller } from '@/components/home/LogoScroller';
>  7 | import { FontAwesomeIcon } from '@fortawesome/react-fontawesome';
     | ^^^^^^^^^^^^^^^^^^^^^^^^^^^^^^^^^^^^^^^^^^^^^^^^^^^^^^^^^^^^^^^^^
   8 | import {
   9 |   faBolt,
  10 |   faNetworkWired,

Import traces:
  Client Component Browser:
    ./app/page.tsx [Client Component Browser]
    ./app/page.tsx [Server Component]

  Client Component SSR:
    ./app/page.tsx [Client Component SSR]
    ./app/page.tsx [Server Component]

https://nextjs.org/docs/messages/module-not-found @ http://localhost:3000/_next/static/chunks/5f34d_next_dist_253e5923._.js:1920
[  527642ms] [ERROR] ./components/forms/rfq/RFQForm.tsx:5:1
Module not found: Can't resolve '@hookform/resolvers/zod'
  3 | import { useEffect, useRef } from 'react';
  4 | import { useForm } from 'react-hook-form';
> 5 | import { zodResolver } from '@hookform/resolvers/zod';
    | ^^^^^^^^^^^^^^^^^^^^^^^^^^^^^^^^^^^^^^^^^^^^^^^^^^^^^^
  6 | import { CheckCircle } from 'lucide-react';
  7 | import { rfqSchema, rfqPresetSchema, type RFQFormData, type RFQPresetFormData } from '@/lib/forms/schemas';
  8 | import { useFormSubmit } from '@/hooks/useFormSubmit';

Import traces:
  Client Component Browser:
    ./components/forms/rfq/RFQForm.tsx [Client Component Browser]
    ./app/page.tsx [Client Component Browser]
    ./app/page.tsx [Server Component]

  Client Component SSR:
    ./components/forms/rfq/RFQForm.tsx [Client Component SSR]
    ./app/page.tsx [Client Component SSR]
    ./app/page.tsx [Server Component]

https://nextjs.org/docs/messages/module-not-found @ http://localhost:3000/_next/static/chunks/5f34d_next_dist_253e5923._.js:1920
[  527642ms] [ERROR] ./lib/forms/schemas.ts:1:1
Module not found: Can't resolve 'zod'
> 1 | import { z } from 'zod';
    | ^^^^^^^^^^^^^^^^^^^^^^^^
  2 |
  3 | const baseFields = {
  4 |   firstName: z.string().min(1, 'First name is required'),

Import traces:
  Client Component Browser:
    ./lib/forms/schemas.ts [Client Component Browser]
    ./components/forms/rfq/RFQForm.tsx [Client Component Browser]
    ./app/page.tsx [Client Component Browser]
    ./app/page.tsx [Server Component]

  Client Component SSR:
    ./lib/forms/schemas.ts [Client Component SSR]
    ./components/forms/rfq/RFQForm.tsx [Client Component SSR]
    ./app/page.tsx [Client Component SSR]
    ./app/page.tsx [Server Component]

https://nextjs.org/docs/messages/module-not-found @ http://localhost:3000/_next/static/chunks/5f34d_next_dist_253e5923._.js:1920
[  527717ms] [ERROR] ./app/layout.tsx:3:1
Module not found: Can't resolve '@fortawesome/fontawesome-svg-core'
  1 | import type { Metadata } from "next";
  2 | import { Geist, Geist_Mono } from "next/font/google";
> 3 | import { config } from '@fortawesome/fontawesome-svg-core';
    | ^^^^^^^^^^^^^^^^^^^^^^^^^^^^^^^^^^^^^^^^^^^^^^^^^^^^^^^^^^^
  4 | import '@fortawesome/fontawesome-svg-core/styles.css';
  5 | import "./globals.css";
  6 | import { Header } from "@/components/layout/Header";

https://nextjs.org/docs/messages/module-not-found @ http://localhost:3000/_next/static/chunks/5f34d_next_dist_253e5923._.js:1920
[  527717ms] [ERROR] ./app/layout.tsx:4:1
Module not found: Can't resolve '@fortawesome/fontawesome-svg-core/styles.css'
  2 | import { Geist, Geist_Mono } from "next/font/google";
  3 | import { config } from '@fortawesome/fontawesome-svg-core';
> 4 | import '@fortawesome/fontawesome-svg-core/styles.css';
    | ^^^^^^^^^^^^^^^^^^^^^^^^^^^^^^^^^^^^^^^^^^^^^^^^^^^^^^
  5 | import "./globals.css";
  6 | import { Header } from "@/components/layout/Header";
  7 | import { Footer } from "@/components/layout/Footer";

https://nextjs.org/docs/messages/module-not-found @ http://localhost:3000/_next/static/chunks/5f34d_next_dist_253e5923._.js:1920
[  527718ms] [ERROR] ./app/page.tsx:8:1
Module not found: Can't resolve '@fortawesome/free-solid-svg-icons'
   6 | import { LogoScroller } from '@/components/home/LogoScroller';
   7 | import { FontAwesomeIcon } from '@fortawesome/react-fontawesome';
>  8 | import {
     | ^^^^^^^^
>  9 |   faBolt,
     | ^^^^^^^^^
> 10 |   faNetworkWired,
     | ^^^^^^^^^
> 11 |   faCode,
     | ^^^^^^^^^
> 12 |   faArrowRight,
     | ^^^^^^^^^
> 13 |   faCircleCheck,
     | ^^^^^^^^^
> 14 |   faChevronDown,
     | ^^^^^^^^^
> 15 | } from '@fortawesome/free-solid-svg-icons';
     | ^^^^^^^^^^^^^^^^^^^^^^^^^^^^^^^^^^^^^^^^^^^^
  16 | import { ImageWithFallback } from '@/components/shared/ImageWithFallback';
  17 | import { RFQForm } from '@/components/forms/rfq';
  18 |

Import traces:
  Client Component Browser:
    ./app/page.tsx [Client Component Browser]
    ./app/page.tsx [Server Component]

  Client Component SSR:
    ./app/page.tsx [Client Component SSR]
    ./app/page.tsx [Server Component]

https://nextjs.org/docs/messages/module-not-found @ http://localhost:3000/_next/static/chunks/5f34d_next_dist_253e5923._.js:1920
[  527718ms] [ERROR] ./app/page.tsx:7:1
Module not found: Can't resolve '@fortawesome/react-fontawesome'
   5 | import { HeroSlider } from '@/components/home/HeroSlider';
   6 | import { LogoScroller } from '@/components/home/LogoScroller';
>  7 | import { FontAwesomeIcon } from '@fortawesome/react-fontawesome';
     | ^^^^^^^^^^^^^^^^^^^^^^^^^^^^^^^^^^^^^^^^^^^^^^^^^^^^^^^^^^^^^^^^^
   8 | import {
   9 |   faBolt,
  10 |   faNetworkWired,

Import traces:
  Client Component Browser:
    ./app/page.tsx [Client Component Browser]
    ./app/page.tsx [Server Component]

  Client Component SSR:
    ./app/page.tsx [Client Component SSR]
    ./app/page.tsx [Server Component]

https://nextjs.org/docs/messages/module-not-found @ http://localhost:3000/_next/static/chunks/5f34d_next_dist_253e5923._.js:1920
[  527718ms] [ERROR] ./components/forms/rfq/RFQForm.tsx:5:1
Module not found: Can't resolve '@hookform/resolvers/zod'
  3 | import { useEffect, useRef } from 'react';
  4 | import { useForm } from 'react-hook-form';
> 5 | import { zodResolver } from '@hookform/resolvers/zod';
    | ^^^^^^^^^^^^^^^^^^^^^^^^^^^^^^^^^^^^^^^^^^^^^^^^^^^^^^
  6 | import { CheckCircle } from 'lucide-react';
  7 | import { rfqSchema, rfqPresetSchema, type RFQFormData, type RFQPresetFormData } from '@/lib/forms/schemas';
  8 | import { useFormSubmit } from '@/hooks/useFormSubmit';

Import traces:
  Client Component Browser:
    ./components/forms/rfq/RFQForm.tsx [Client Component Browser]
    ./app/page.tsx [Client Component Browser]
    ./app/page.tsx [Server Component]

  Client Component SSR:
    ./components/forms/rfq/RFQForm.tsx [Client Component SSR]
    ./app/page.tsx [Client Component SSR]
    ./app/page.tsx [Server Component]

https://nextjs.org/docs/messages/module-not-found @ http://localhost:3000/_next/static/chunks/5f34d_next_dist_253e5923._.js:1920
[  527718ms] [ERROR] ./lib/forms/schemas.ts:1:1
Module not found: Can't resolve 'zod'
> 1 | import { z } from 'zod';
    | ^^^^^^^^^^^^^^^^^^^^^^^^
  2 |
  3 | const baseFields = {
  4 |   firstName: z.string().min(1, 'First name is required'),

Import traces:
  Client Component Browser:
    ./lib/forms/schemas.ts [Client Component Browser]
    ./components/forms/rfq/RFQForm.tsx [Client Component Browser]
    ./app/page.tsx [Client Component Browser]
    ./app/page.tsx [Server Component]

  Client Component SSR:
    ./lib/forms/schemas.ts [Client Component SSR]
    ./components/forms/rfq/RFQForm.tsx [Client Component SSR]
    ./app/page.tsx [Client Component SSR]
    ./app/page.tsx [Server Component]

https://nextjs.org/docs/messages/module-not-found @ http://localhost:3000/_next/static/chunks/5f34d_next_dist_253e5923._.js:1920
[  527794ms] [ERROR] ./app/layout.tsx:3:1
Module not found: Can't resolve '@fortawesome/fontawesome-svg-core'
  1 | import type { Metadata } from "next";
  2 | import { Geist, Geist_Mono } from "next/font/google";
> 3 | import { config } from '@fortawesome/fontawesome-svg-core';
    | ^^^^^^^^^^^^^^^^^^^^^^^^^^^^^^^^^^^^^^^^^^^^^^^^^^^^^^^^^^^
  4 | import '@fortawesome/fontawesome-svg-core/styles.css';
  5 | import "./globals.css";
  6 | import { Header } from "@/components/layout/Header";

https://nextjs.org/docs/messages/module-not-found @ http://localhost:3000/_next/static/chunks/5f34d_next_dist_253e5923._.js:1920
[  527794ms] [ERROR] ./app/layout.tsx:4:1
Module not found: Can't resolve '@fortawesome/fontawesome-svg-core/styles.css'
  2 | import { Geist, Geist_Mono } from "next/font/google";
  3 | import { config } from '@fortawesome/fontawesome-svg-core';
> 4 | import '@fortawesome/fontawesome-svg-core/styles.css';
    | ^^^^^^^^^^^^^^^^^^^^^^^^^^^^^^^^^^^^^^^^^^^^^^^^^^^^^^
  5 | import "./globals.css";
  6 | import { Header } from "@/components/layout/Header";
  7 | import { Footer } from "@/components/layout/Footer";

https://nextjs.org/docs/messages/module-not-found @ http://localhost:3000/_next/static/chunks/5f34d_next_dist_253e5923._.js:1920
[  527794ms] [ERROR] ./app/page.tsx:8:1
Module not found: Can't resolve '@fortawesome/free-solid-svg-icons'
   6 | import { LogoScroller } from '@/components/home/LogoScroller';
   7 | import { FontAwesomeIcon } from '@fortawesome/react-fontawesome';
>  8 | import {
     | ^^^^^^^^
>  9 |   faBolt,
     | ^^^^^^^^^
> 10 |   faNetworkWired,
     | ^^^^^^^^^
> 11 |   faCode,
     | ^^^^^^^^^
> 12 |   faArrowRight,
     | ^^^^^^^^^
> 13 |   faCircleCheck,
     | ^^^^^^^^^
> 14 |   faChevronDown,
     | ^^^^^^^^^
> 15 | } from '@fortawesome/free-solid-svg-icons';
     | ^^^^^^^^^^^^^^^^^^^^^^^^^^^^^^^^^^^^^^^^^^^^
  16 | import { ImageWithFallback } from '@/components/shared/ImageWithFallback';
  17 | import { RFQForm } from '@/components/forms/rfq';
  18 |

Import traces:
  Client Component Browser:
    ./app/page.tsx [Client Component Browser]
    ./app/page.tsx [Server Component]

  Client Component SSR:
    ./app/page.tsx [Client Component SSR]
    ./app/page.tsx [Server Component]

https://nextjs.org/docs/messages/module-not-found @ http://localhost:3000/_next/static/chunks/5f34d_next_dist_253e5923._.js:1920
[  527794ms] [ERROR] ./app/page.tsx:7:1
Module not found: Can't resolve '@fortawesome/react-fontawesome'
   5 | import { HeroSlider } from '@/components/home/HeroSlider';
   6 | import { LogoScroller } from '@/components/home/LogoScroller';
>  7 | import { FontAwesomeIcon } from '@fortawesome/react-fontawesome';
     | ^^^^^^^^^^^^^^^^^^^^^^^^^^^^^^^^^^^^^^^^^^^^^^^^^^^^^^^^^^^^^^^^^
   8 | import {
   9 |   faBolt,
  10 |   faNetworkWired,

Import traces:
  Client Component Browser:
    ./app/page.tsx [Client Component Browser]
    ./app/page.tsx [Server Component]

  Client Component SSR:
    ./app/page.tsx [Client Component SSR]
    ./app/page.tsx [Server Component]

https://nextjs.org/docs/messages/module-not-found @ http://localhost:3000/_next/static/chunks/5f34d_next_dist_253e5923._.js:1920
[  527794ms] [ERROR] ./components/forms/rfq/RFQForm.tsx:5:1
Module not found: Can't resolve '@hookform/resolvers/zod'
  3 | import { useEffect, useRef } from 'react';
  4 | import { useForm } from 'react-hook-form';
> 5 | import { zodResolver } from '@hookform/resolvers/zod';
    | ^^^^^^^^^^^^^^^^^^^^^^^^^^^^^^^^^^^^^^^^^^^^^^^^^^^^^^
  6 | import { CheckCircle } from 'lucide-react';
  7 | import { rfqSchema, rfqPresetSchema, type RFQFormData, type RFQPresetFormData } from '@/lib/forms/schemas';
  8 | import { useFormSubmit } from '@/hooks/useFormSubmit';

Import traces:
  Client Component Browser:
    ./components/forms/rfq/RFQForm.tsx [Client Component Browser]
    ./app/page.tsx [Client Component Browser]
    ./app/page.tsx [Server Component]

  Client Component SSR:
    ./components/forms/rfq/RFQForm.tsx [Client Component SSR]
    ./app/page.tsx [Client Component SSR]
    ./app/page.tsx [Server Component]

https://nextjs.org/docs/messages/module-not-found @ http://localhost:3000/_next/static/chunks/5f34d_next_dist_253e5923._.js:1920
[  527794ms] [ERROR] ./lib/forms/schemas.ts:1:1
Module not found: Can't resolve 'zod'
> 1 | import { z } from 'zod';
    | ^^^^^^^^^^^^^^^^^^^^^^^^
  2 |
  3 | const baseFields = {
  4 |   firstName: z.string().min(1, 'First name is required'),

Import traces:
  Client Component Browser:
    ./lib/forms/schemas.ts [Client Component Browser]
    ./components/forms/rfq/RFQForm.tsx [Client Component Browser]
    ./app/page.tsx [Client Component Browser]
    ./app/page.tsx [Server Component]

  Client Component SSR:
    ./lib/forms/schemas.ts [Client Component SSR]
    ./components/forms/rfq/RFQForm.tsx [Client Component SSR]
    ./app/page.tsx [Client Component SSR]
    ./app/page.tsx [Server Component]

https://nextjs.org/docs/messages/module-not-found @ http://localhost:3000/_next/static/chunks/5f34d_next_dist_253e5923._.js:1920
[  527859ms] [ERROR] ./app/layout.tsx:3:1
Module not found: Can't resolve '@fortawesome/fontawesome-svg-core'
  1 | import type { Metadata } from "next";
  2 | import { Geist, Geist_Mono } from "next/font/google";
> 3 | import { config } from '@fortawesome/fontawesome-svg-core';
    | ^^^^^^^^^^^^^^^^^^^^^^^^^^^^^^^^^^^^^^^^^^^^^^^^^^^^^^^^^^^
  4 | import '@fortawesome/fontawesome-svg-core/styles.css';
  5 | import "./globals.css";
  6 | import { Header } from "@/components/layout/Header";

https://nextjs.org/docs/messages/module-not-found @ http://localhost:3000/_next/static/chunks/5f34d_next_dist_253e5923._.js:1920
[  527859ms] [ERROR] ./app/layout.tsx:4:1
Module not found: Can't resolve '@fortawesome/fontawesome-svg-core/styles.css'
  2 | import { Geist, Geist_Mono } from "next/font/google";
  3 | import { config } from '@fortawesome/fontawesome-svg-core';
> 4 | import '@fortawesome/fontawesome-svg-core/styles.css';
    | ^^^^^^^^^^^^^^^^^^^^^^^^^^^^^^^^^^^^^^^^^^^^^^^^^^^^^^
  5 | import "./globals.css";
  6 | import { Header } from "@/components/layout/Header";
  7 | import { Footer } from "@/components/layout/Footer";

https://nextjs.org/docs/messages/module-not-found @ http://localhost:3000/_next/static/chunks/5f34d_next_dist_253e5923._.js:1920
[  527859ms] [ERROR] ./app/page.tsx:8:1
Module not found: Can't resolve '@fortawesome/free-solid-svg-icons'
   6 | import { LogoScroller } from '@/components/home/LogoScroller';
   7 | import { FontAwesomeIcon } from '@fortawesome/react-fontawesome';
>  8 | import {
     | ^^^^^^^^
>  9 |   faBolt,
     | ^^^^^^^^^
> 10 |   faNetworkWired,
     | ^^^^^^^^^
> 11 |   faCode,
     | ^^^^^^^^^
> 12 |   faArrowRight,
     | ^^^^^^^^^
> 13 |   faCircleCheck,
     | ^^^^^^^^^
> 14 |   faChevronDown,
     | ^^^^^^^^^
> 15 | } from '@fortawesome/free-solid-svg-icons';
     | ^^^^^^^^^^^^^^^^^^^^^^^^^^^^^^^^^^^^^^^^^^^^
  16 | import { ImageWithFallback } from '@/components/shared/ImageWithFallback';
  17 | import { RFQForm } from '@/components/forms/rfq';
  18 |

Import traces:
  Client Component Browser:
    ./app/page.tsx [Client Component Browser]
    ./app/page.tsx [Server Component]

  Client Component SSR:
    ./app/page.tsx [Client Component SSR]
    ./app/page.tsx [Server Component]

https://nextjs.org/docs/messages/module-not-found @ http://localhost:3000/_next/static/chunks/5f34d_next_dist_253e5923._.js:1920
[  527859ms] [ERROR] ./app/page.tsx:7:1
Module not found: Can't resolve '@fortawesome/react-fontawesome'
   5 | import { HeroSlider } from '@/components/home/HeroSlider';
   6 | import { LogoScroller } from '@/components/home/LogoScroller';
>  7 | import { FontAwesomeIcon } from '@fortawesome/react-fontawesome';
     | ^^^^^^^^^^^^^^^^^^^^^^^^^^^^^^^^^^^^^^^^^^^^^^^^^^^^^^^^^^^^^^^^^
   8 | import {
   9 |   faBolt,
  10 |   faNetworkWired,

Import traces:
  Client Component Browser:
    ./app/page.tsx [Client Component Browser]
    ./app/page.tsx [Server Component]

  Client Component SSR:
    ./app/page.tsx [Client Component SSR]
    ./app/page.tsx [Server Component]

https://nextjs.org/docs/messages/module-not-found @ http://localhost:3000/_next/static/chunks/5f34d_next_dist_253e5923._.js:1920
[  527859ms] [ERROR] ./components/forms/rfq/RFQForm.tsx:5:1
Module not found: Can't resolve '@hookform/resolvers/zod'
  3 | import { useEffect, useRef } from 'react';
  4 | import { useForm } from 'react-hook-form';
> 5 | import { zodResolver } from '@hookform/resolvers/zod';
    | ^^^^^^^^^^^^^^^^^^^^^^^^^^^^^^^^^^^^^^^^^^^^^^^^^^^^^^
  6 | import { CheckCircle } from 'lucide-react';
  7 | import { rfqSchema, rfqPresetSchema, type RFQFormData, type RFQPresetFormData } from '@/lib/forms/schemas';
  8 | import { useFormSubmit } from '@/hooks/useFormSubmit';

Import traces:
  Client Component Browser:
    ./components/forms/rfq/RFQForm.tsx [Client Component Browser]
    ./app/page.tsx [Client Component Browser]
    ./app/page.tsx [Server Component]

  Client Component SSR:
    ./components/forms/rfq/RFQForm.tsx [Client Component SSR]
    ./app/page.tsx [Client Component SSR]
    ./app/page.tsx [Server Component]

https://nextjs.org/docs/messages/module-not-found @ http://localhost:3000/_next/static/chunks/5f34d_next_dist_253e5923._.js:1920
[  527859ms] [ERROR] ./lib/forms/schemas.ts:1:1
Module not found: Can't resolve 'zod'
> 1 | import { z } from 'zod';
    | ^^^^^^^^^^^^^^^^^^^^^^^^
  2 |
  3 | const baseFields = {
  4 |   firstName: z.string().min(1, 'First name is required'),

Import traces:
  Client Component Browser:
    ./lib/forms/schemas.ts [Client Component Browser]
    ./components/forms/rfq/RFQForm.tsx [Client Component Browser]
    ./app/page.tsx [Client Component Browser]
    ./app/page.tsx [Server Component]

  Client Component SSR:
    ./lib/forms/schemas.ts [Client Component SSR]
    ./components/forms/rfq/RFQForm.tsx [Client Component SSR]
    ./app/page.tsx [Client Component SSR]
    ./app/page.tsx [Server Component]

https://nextjs.org/docs/messages/module-not-found @ http://localhost:3000/_next/static/chunks/5f34d_next_dist_253e5923._.js:1920
[  527930ms] [ERROR] ./app/layout.tsx:3:1
Module not found: Can't resolve '@fortawesome/fontawesome-svg-core'
  1 | import type { Metadata } from "next";
  2 | import { Geist, Geist_Mono } from "next/font/google";
> 3 | import { config } from '@fortawesome/fontawesome-svg-core';
    | ^^^^^^^^^^^^^^^^^^^^^^^^^^^^^^^^^^^^^^^^^^^^^^^^^^^^^^^^^^^
  4 | import '@fortawesome/fontawesome-svg-core/styles.css';
  5 | import "./globals.css";
  6 | import { Header } from "@/components/layout/Header";

https://nextjs.org/docs/messages/module-not-found @ http://localhost:3000/_next/static/chunks/5f34d_next_dist_253e5923._.js:1920
[  527931ms] [ERROR] ./app/layout.tsx:4:1
Module not found: Can't resolve '@fortawesome/fontawesome-svg-core/styles.css'
  2 | import { Geist, Geist_Mono } from "next/font/google";
  3 | import { config } from '@fortawesome/fontawesome-svg-core';
> 4 | import '@fortawesome/fontawesome-svg-core/styles.css';
    | ^^^^^^^^^^^^^^^^^^^^^^^^^^^^^^^^^^^^^^^^^^^^^^^^^^^^^^
  5 | import "./globals.css";
  6 | import { Header } from "@/components/layout/Header";
  7 | import { Footer } from "@/components/layout/Footer";

https://nextjs.org/docs/messages/module-not-found @ http://localhost:3000/_next/static/chunks/5f34d_next_dist_253e5923._.js:1920
[  527931ms] [ERROR] ./app/page.tsx:8:1
Module not found: Can't resolve '@fortawesome/free-solid-svg-icons'
   6 | import { LogoScroller } from '@/components/home/LogoScroller';
   7 | import { FontAwesomeIcon } from '@fortawesome/react-fontawesome';
>  8 | import {
     | ^^^^^^^^
>  9 |   faBolt,
     | ^^^^^^^^^
> 10 |   faNetworkWired,
     | ^^^^^^^^^
> 11 |   faCode,
     | ^^^^^^^^^
> 12 |   faArrowRight,
     | ^^^^^^^^^
> 13 |   faCircleCheck,
     | ^^^^^^^^^
> 14 |   faChevronDown,
     | ^^^^^^^^^
> 15 | } from '@fortawesome/free-solid-svg-icons';
     | ^^^^^^^^^^^^^^^^^^^^^^^^^^^^^^^^^^^^^^^^^^^^
  16 | import { ImageWithFallback } from '@/components/shared/ImageWithFallback';
  17 | import { RFQForm } from '@/components/forms/rfq';
  18 |

Import traces:
  Client Component Browser:
    ./app/page.tsx [Client Component Browser]
    ./app/page.tsx [Server Component]

  Client Component SSR:
    ./app/page.tsx [Client Component SSR]
    ./app/page.tsx [Server Component]

https://nextjs.org/docs/messages/module-not-found @ http://localhost:3000/_next/static/chunks/5f34d_next_dist_253e5923._.js:1920
[  527931ms] [ERROR] ./app/page.tsx:7:1
Module not found: Can't resolve '@fortawesome/react-fontawesome'
   5 | import { HeroSlider } from '@/components/home/HeroSlider';
   6 | import { LogoScroller } from '@/components/home/LogoScroller';
>  7 | import { FontAwesomeIcon } from '@fortawesome/react-fontawesome';
     | ^^^^^^^^^^^^^^^^^^^^^^^^^^^^^^^^^^^^^^^^^^^^^^^^^^^^^^^^^^^^^^^^^
   8 | import {
   9 |   faBolt,
  10 |   faNetworkWired,

Import traces:
  Client Component Browser:
    ./app/page.tsx [Client Component Browser]
    ./app/page.tsx [Server Component]

  Client Component SSR:
    ./app/page.tsx [Client Component SSR]
    ./app/page.tsx [Server Component]

https://nextjs.org/docs/messages/module-not-found @ http://localhost:3000/_next/static/chunks/5f34d_next_dist_253e5923._.js:1920
[  527931ms] [ERROR] ./components/forms/rfq/RFQForm.tsx:5:1
Module not found: Can't resolve '@hookform/resolvers/zod'
  3 | import { useEffect, useRef } from 'react';
  4 | import { useForm } from 'react-hook-form';
> 5 | import { zodResolver } from '@hookform/resolvers/zod';
    | ^^^^^^^^^^^^^^^^^^^^^^^^^^^^^^^^^^^^^^^^^^^^^^^^^^^^^^
  6 | import { CheckCircle } from 'lucide-react';
  7 | import { rfqSchema, rfqPresetSchema, type RFQFormData, type RFQPresetFormData } from '@/lib/forms/schemas';
  8 | import { useFormSubmit } from '@/hooks/useFormSubmit';

Import traces:
  Client Component Browser:
    ./components/forms/rfq/RFQForm.tsx [Client Component Browser]
    ./app/page.tsx [Client Component Browser]
    ./app/page.tsx [Server Component]

  Client Component SSR:
    ./components/forms/rfq/RFQForm.tsx [Client Component SSR]
    ./app/page.tsx [Client Component SSR]
    ./app/page.tsx [Server Component]

https://nextjs.org/docs/messages/module-not-found @ http://localhost:3000/_next/static/chunks/5f34d_next_dist_253e5923._.js:1920
[  527931ms] [ERROR] ./lib/forms/schemas.ts:1:1
Module not found: Can't resolve 'zod'
> 1 | import { z } from 'zod';
    | ^^^^^^^^^^^^^^^^^^^^^^^^
  2 |
  3 | const baseFields = {
  4 |   firstName: z.string().min(1, 'First name is required'),

Import traces:
  Client Component Browser:
    ./lib/forms/schemas.ts [Client Component Browser]
    ./components/forms/rfq/RFQForm.tsx [Client Component Browser]
    ./app/page.tsx [Client Component Browser]
    ./app/page.tsx [Server Component]

  Client Component SSR:
    ./lib/forms/schemas.ts [Client Component SSR]
    ./components/forms/rfq/RFQForm.tsx [Client Component SSR]
    ./app/page.tsx [Client Component SSR]
    ./app/page.tsx [Server Component]

https://nextjs.org/docs/messages/module-not-found @ http://localhost:3000/_next/static/chunks/5f34d_next_dist_253e5923._.js:1920
[  528009ms] [ERROR] ./app/layout.tsx:3:1
Module not found: Can't resolve '@fortawesome/fontawesome-svg-core'
  1 | import type { Metadata } from "next";
  2 | import { Geist, Geist_Mono } from "next/font/google";
> 3 | import { config } from '@fortawesome/fontawesome-svg-core';
    | ^^^^^^^^^^^^^^^^^^^^^^^^^^^^^^^^^^^^^^^^^^^^^^^^^^^^^^^^^^^
  4 | import '@fortawesome/fontawesome-svg-core/styles.css';
  5 | import "./globals.css";
  6 | import { Header } from "@/components/layout/Header";

https://nextjs.org/docs/messages/module-not-found @ http://localhost:3000/_next/static/chunks/5f34d_next_dist_253e5923._.js:1920
[  528009ms] [ERROR] ./app/layout.tsx:4:1
Module not found: Can't resolve '@fortawesome/fontawesome-svg-core/styles.css'
  2 | import { Geist, Geist_Mono } from "next/font/google";
  3 | import { config } from '@fortawesome/fontawesome-svg-core';
> 4 | import '@fortawesome/fontawesome-svg-core/styles.css';
    | ^^^^^^^^^^^^^^^^^^^^^^^^^^^^^^^^^^^^^^^^^^^^^^^^^^^^^^
  5 | import "./globals.css";
  6 | import { Header } from "@/components/layout/Header";
  7 | import { Footer } from "@/components/layout/Footer";

https://nextjs.org/docs/messages/module-not-found @ http://localhost:3000/_next/static/chunks/5f34d_next_dist_253e5923._.js:1920
[  528009ms] [ERROR] ./app/page.tsx:8:1
Module not found: Can't resolve '@fortawesome/free-solid-svg-icons'
   6 | import { LogoScroller } from '@/components/home/LogoScroller';
   7 | import { FontAwesomeIcon } from '@fortawesome/react-fontawesome';
>  8 | import {
     | ^^^^^^^^
>  9 |   faBolt,
     | ^^^^^^^^^
> 10 |   faNetworkWired,
     | ^^^^^^^^^
> 11 |   faCode,
     | ^^^^^^^^^
> 12 |   faArrowRight,
     | ^^^^^^^^^
> 13 |   faCircleCheck,
     | ^^^^^^^^^
> 14 |   faChevronDown,
     | ^^^^^^^^^
> 15 | } from '@fortawesome/free-solid-svg-icons';
     | ^^^^^^^^^^^^^^^^^^^^^^^^^^^^^^^^^^^^^^^^^^^^
  16 | import { ImageWithFallback } from '@/components/shared/ImageWithFallback';
  17 | import { RFQForm } from '@/components/forms/rfq';
  18 |

Import traces:
  Client Component Browser:
    ./app/page.tsx [Client Component Browser]
    ./app/page.tsx [Server Component]

  Client Component SSR:
    ./app/page.tsx [Client Component SSR]
    ./app/page.tsx [Server Component]

https://nextjs.org/docs/messages/module-not-found @ http://localhost:3000/_next/static/chunks/5f34d_next_dist_253e5923._.js:1920
[  528010ms] [ERROR] ./app/page.tsx:7:1
Module not found: Can't resolve '@fortawesome/react-fontawesome'
   5 | import { HeroSlider } from '@/components/home/HeroSlider';
   6 | import { LogoScroller } from '@/components/home/LogoScroller';
>  7 | import { FontAwesomeIcon } from '@fortawesome/react-fontawesome';
     | ^^^^^^^^^^^^^^^^^^^^^^^^^^^^^^^^^^^^^^^^^^^^^^^^^^^^^^^^^^^^^^^^^
   8 | import {
   9 |   faBolt,
  10 |   faNetworkWired,

Import traces:
  Client Component Browser:
    ./app/page.tsx [Client Component Browser]
    ./app/page.tsx [Server Component]

  Client Component SSR:
    ./app/page.tsx [Client Component SSR]
    ./app/page.tsx [Server Component]

https://nextjs.org/docs/messages/module-not-found @ http://localhost:3000/_next/static/chunks/5f34d_next_dist_253e5923._.js:1920
[  528010ms] [ERROR] ./components/forms/rfq/RFQForm.tsx:5:1
Module not found: Can't resolve '@hookform/resolvers/zod'
  3 | import { useEffect, useRef } from 'react';
  4 | import { useForm } from 'react-hook-form';
> 5 | import { zodResolver } from '@hookform/resolvers/zod';
    | ^^^^^^^^^^^^^^^^^^^^^^^^^^^^^^^^^^^^^^^^^^^^^^^^^^^^^^
  6 | import { CheckCircle } from 'lucide-react';
  7 | import { rfqSchema, rfqPresetSchema, type RFQFormData, type RFQPresetFormData } from '@/lib/forms/schemas';
  8 | import { useFormSubmit } from '@/hooks/useFormSubmit';

Import traces:
  Client Component Browser:
    ./components/forms/rfq/RFQForm.tsx [Client Component Browser]
    ./app/page.tsx [Client Component Browser]
    ./app/page.tsx [Server Component]

  Client Component SSR:
    ./components/forms/rfq/RFQForm.tsx [Client Component SSR]
    ./app/page.tsx [Client Component SSR]
    ./app/page.tsx [Server Component]

https://nextjs.org/docs/messages/module-not-found @ http://localhost:3000/_next/static/chunks/5f34d_next_dist_253e5923._.js:1920
[  528010ms] [ERROR] ./lib/forms/schemas.ts:1:1
Module not found: Can't resolve 'zod'
> 1 | import { z } from 'zod';
    | ^^^^^^^^^^^^^^^^^^^^^^^^
  2 |
  3 | const baseFields = {
  4 |   firstName: z.string().min(1, 'First name is required'),

Import traces:
  Client Component Browser:
    ./lib/forms/schemas.ts [Client Component Browser]
    ./components/forms/rfq/RFQForm.tsx [Client Component Browser]
    ./app/page.tsx [Client Component Browser]
    ./app/page.tsx [Server Component]

  Client Component SSR:
    ./lib/forms/schemas.ts [Client Component SSR]
    ./components/forms/rfq/RFQForm.tsx [Client Component SSR]
    ./app/page.tsx [Client Component SSR]
    ./app/page.tsx [Server Component]

https://nextjs.org/docs/messages/module-not-found @ http://localhost:3000/_next/static/chunks/5f34d_next_dist_253e5923._.js:1920
[  528073ms] [ERROR] ./app/layout.tsx:3:1
Module not found: Can't resolve '@fortawesome/fontawesome-svg-core'
  1 | import type { Metadata } from "next";
  2 | import { Geist, Geist_Mono } from "next/font/google";
> 3 | import { config } from '@fortawesome/fontawesome-svg-core';
    | ^^^^^^^^^^^^^^^^^^^^^^^^^^^^^^^^^^^^^^^^^^^^^^^^^^^^^^^^^^^
  4 | import '@fortawesome/fontawesome-svg-core/styles.css';
  5 | import "./globals.css";
  6 | import { Header } from "@/components/layout/Header";

https://nextjs.org/docs/messages/module-not-found @ http://localhost:3000/_next/static/chunks/5f34d_next_dist_253e5923._.js:1920
[  528073ms] [ERROR] ./app/layout.tsx:4:1
Module not found: Can't resolve '@fortawesome/fontawesome-svg-core/styles.css'
  2 | import { Geist, Geist_Mono } from "next/font/google";
  3 | import { config } from '@fortawesome/fontawesome-svg-core';
> 4 | import '@fortawesome/fontawesome-svg-core/styles.css';
    | ^^^^^^^^^^^^^^^^^^^^^^^^^^^^^^^^^^^^^^^^^^^^^^^^^^^^^^
  5 | import "./globals.css";
  6 | import { Header } from "@/components/layout/Header";
  7 | import { Footer } from "@/components/layout/Footer";

https://nextjs.org/docs/messages/module-not-found @ http://localhost:3000/_next/static/chunks/5f34d_next_dist_253e5923._.js:1920
[  528073ms] [ERROR] ./app/page.tsx:8:1
Module not found: Can't resolve '@fortawesome/free-solid-svg-icons'
   6 | import { LogoScroller } from '@/components/home/LogoScroller';
   7 | import { FontAwesomeIcon } from '@fortawesome/react-fontawesome';
>  8 | import {
     | ^^^^^^^^
>  9 |   faBolt,
     | ^^^^^^^^^
> 10 |   faNetworkWired,
     | ^^^^^^^^^
> 11 |   faCode,
     | ^^^^^^^^^
> 12 |   faArrowRight,
     | ^^^^^^^^^
> 13 |   faCircleCheck,
     | ^^^^^^^^^
> 14 |   faChevronDown,
     | ^^^^^^^^^
> 15 | } from '@fortawesome/free-solid-svg-icons';
     | ^^^^^^^^^^^^^^^^^^^^^^^^^^^^^^^^^^^^^^^^^^^^
  16 | import { ImageWithFallback } from '@/components/shared/ImageWithFallback';
  17 | import { RFQForm } from '@/components/forms/rfq';
  18 |

Import traces:
  Client Component Browser:
    ./app/page.tsx [Client Component Browser]
    ./app/page.tsx [Server Component]

  Client Component SSR:
    ./app/page.tsx [Client Component SSR]
    ./app/page.tsx [Server Component]

https://nextjs.org/docs/messages/module-not-found @ http://localhost:3000/_next/static/chunks/5f34d_next_dist_253e5923._.js:1920
[  528073ms] [ERROR] ./app/page.tsx:7:1
Module not found: Can't resolve '@fortawesome/react-fontawesome'
   5 | import { HeroSlider } from '@/components/home/HeroSlider';
   6 | import { LogoScroller } from '@/components/home/LogoScroller';
>  7 | import { FontAwesomeIcon } from '@fortawesome/react-fontawesome';
     | ^^^^^^^^^^^^^^^^^^^^^^^^^^^^^^^^^^^^^^^^^^^^^^^^^^^^^^^^^^^^^^^^^
   8 | import {
   9 |   faBolt,
  10 |   faNetworkWired,

Import traces:
  Client Component Browser:
    ./app/page.tsx [Client Component Browser]
    ./app/page.tsx [Server Component]

  Client Component SSR:
    ./app/page.tsx [Client Component SSR]
    ./app/page.tsx [Server Component]

https://nextjs.org/docs/messages/module-not-found @ http://localhost:3000/_next/static/chunks/5f34d_next_dist_253e5923._.js:1920
[  528073ms] [ERROR] ./components/forms/rfq/RFQForm.tsx:5:1
Module not found: Can't resolve '@hookform/resolvers/zod'
  3 | import { useEffect, useRef } from 'react';
  4 | import { useForm } from 'react-hook-form';
> 5 | import { zodResolver } from '@hookform/resolvers/zod';
    | ^^^^^^^^^^^^^^^^^^^^^^^^^^^^^^^^^^^^^^^^^^^^^^^^^^^^^^
  6 | import { CheckCircle } from 'lucide-react';
  7 | import { rfqSchema, rfqPresetSchema, type RFQFormData, type RFQPresetFormData } from '@/lib/forms/schemas';
  8 | import { useFormSubmit } from '@/hooks/useFormSubmit';

Import traces:
  Client Component Browser:
    ./components/forms/rfq/RFQForm.tsx [Client Component Browser]
    ./app/page.tsx [Client Component Browser]
    ./app/page.tsx [Server Component]

  Client Component SSR:
    ./components/forms/rfq/RFQForm.tsx [Client Component SSR]
    ./app/page.tsx [Client Component SSR]
    ./app/page.tsx [Server Component]

https://nextjs.org/docs/messages/module-not-found @ http://localhost:3000/_next/static/chunks/5f34d_next_dist_253e5923._.js:1920
[  528073ms] [ERROR] ./lib/forms/schemas.ts:1:1
Module not found: Can't resolve 'zod'
> 1 | import { z } from 'zod';
    | ^^^^^^^^^^^^^^^^^^^^^^^^
  2 |
  3 | const baseFields = {
  4 |   firstName: z.string().min(1, 'First name is required'),

Import traces:
  Client Component Browser:
    ./lib/forms/schemas.ts [Client Component Browser]
    ./components/forms/rfq/RFQForm.tsx [Client Component Browser]
    ./app/page.tsx [Client Component Browser]
    ./app/page.tsx [Server Component]

  Client Component SSR:
    ./lib/forms/schemas.ts [Client Component SSR]
    ./components/forms/rfq/RFQForm.tsx [Client Component SSR]
    ./app/page.tsx [Client Component SSR]
    ./app/page.tsx [Server Component]

https://nextjs.org/docs/messages/module-not-found @ http://localhost:3000/_next/static/chunks/5f34d_next_dist_253e5923._.js:1920
[  528147ms] [ERROR] ./app/layout.tsx:3:1
Module not found: Can't resolve '@fortawesome/fontawesome-svg-core'
  1 | import type { Metadata } from "next";
  2 | import { Geist, Geist_Mono } from "next/font/google";
> 3 | import { config } from '@fortawesome/fontawesome-svg-core';
    | ^^^^^^^^^^^^^^^^^^^^^^^^^^^^^^^^^^^^^^^^^^^^^^^^^^^^^^^^^^^
  4 | import '@fortawesome/fontawesome-svg-core/styles.css';
  5 | import "./globals.css";
  6 | import { Header } from "@/components/layout/Header";

https://nextjs.org/docs/messages/module-not-found @ http://localhost:3000/_next/static/chunks/5f34d_next_dist_253e5923._.js:1920
[  528147ms] [ERROR] ./app/layout.tsx:4:1
Module not found: Can't resolve '@fortawesome/fontawesome-svg-core/styles.css'
  2 | import { Geist, Geist_Mono } from "next/font/google";
  3 | import { config } from '@fortawesome/fontawesome-svg-core';
> 4 | import '@fortawesome/fontawesome-svg-core/styles.css';
    | ^^^^^^^^^^^^^^^^^^^^^^^^^^^^^^^^^^^^^^^^^^^^^^^^^^^^^^
  5 | import "./globals.css";
  6 | import { Header } from "@/components/layout/Header";
  7 | import { Footer } from "@/components/layout/Footer";

https://nextjs.org/docs/messages/module-not-found @ http://localhost:3000/_next/static/chunks/5f34d_next_dist_253e5923._.js:1920
[  528147ms] [ERROR] ./app/page.tsx:8:1
Module not found: Can't resolve '@fortawesome/free-solid-svg-icons'
   6 | import { LogoScroller } from '@/components/home/LogoScroller';
   7 | import { FontAwesomeIcon } from '@fortawesome/react-fontawesome';
>  8 | import {
     | ^^^^^^^^
>  9 |   faBolt,
     | ^^^^^^^^^
> 10 |   faNetworkWired,
     | ^^^^^^^^^
> 11 |   faCode,
     | ^^^^^^^^^
> 12 |   faArrowRight,
     | ^^^^^^^^^
> 13 |   faCircleCheck,
     | ^^^^^^^^^
> 14 |   faChevronDown,
     | ^^^^^^^^^
> 15 | } from '@fortawesome/free-solid-svg-icons';
     | ^^^^^^^^^^^^^^^^^^^^^^^^^^^^^^^^^^^^^^^^^^^^
  16 | import { ImageWithFallback } from '@/components/shared/ImageWithFallback';
  17 | import { RFQForm } from '@/components/forms/rfq';
  18 |

Import traces:
  Client Component Browser:
    ./app/page.tsx [Client Component Browser]
    ./app/page.tsx [Server Component]

  Client Component SSR:
    ./app/page.tsx [Client Component SSR]
    ./app/page.tsx [Server Component]

https://nextjs.org/docs/messages/module-not-found @ http://localhost:3000/_next/static/chunks/5f34d_next_dist_253e5923._.js:1920
[  528147ms] [ERROR] ./app/page.tsx:7:1
Module not found: Can't resolve '@fortawesome/react-fontawesome'
   5 | import { HeroSlider } from '@/components/home/HeroSlider';
   6 | import { LogoScroller } from '@/components/home/LogoScroller';
>  7 | import { FontAwesomeIcon } from '@fortawesome/react-fontawesome';
     | ^^^^^^^^^^^^^^^^^^^^^^^^^^^^^^^^^^^^^^^^^^^^^^^^^^^^^^^^^^^^^^^^^
   8 | import {
   9 |   faBolt,
  10 |   faNetworkWired,

Import traces:
  Client Component Browser:
    ./app/page.tsx [Client Component Browser]
    ./app/page.tsx [Server Component]

  Client Component SSR:
    ./app/page.tsx [Client Component SSR]
    ./app/page.tsx [Server Component]

https://nextjs.org/docs/messages/module-not-found @ http://localhost:3000/_next/static/chunks/5f34d_next_dist_253e5923._.js:1920
[  528147ms] [ERROR] ./components/forms/rfq/RFQForm.tsx:5:1
Module not found: Can't resolve '@hookform/resolvers/zod'
  3 | import { useEffect, useRef } from 'react';
  4 | import { useForm } from 'react-hook-form';
> 5 | import { zodResolver } from '@hookform/resolvers/zod';
    | ^^^^^^^^^^^^^^^^^^^^^^^^^^^^^^^^^^^^^^^^^^^^^^^^^^^^^^
  6 | import { CheckCircle } from 'lucide-react';
  7 | import { rfqSchema, rfqPresetSchema, type RFQFormData, type RFQPresetFormData } from '@/lib/forms/schemas';
  8 | import { useFormSubmit } from '@/hooks/useFormSubmit';

Import traces:
  Client Component Browser:
    ./components/forms/rfq/RFQForm.tsx [Client Component Browser]
    ./app/page.tsx [Client Component Browser]
    ./app/page.tsx [Server Component]

  Client Component SSR:
    ./components/forms/rfq/RFQForm.tsx [Client Component SSR]
    ./app/page.tsx [Client Component SSR]
    ./app/page.tsx [Server Component]

https://nextjs.org/docs/messages/module-not-found @ http://localhost:3000/_next/static/chunks/5f34d_next_dist_253e5923._.js:1920
[  528147ms] [ERROR] ./lib/forms/schemas.ts:1:1
Module not found: Can't resolve 'zod'
> 1 | import { z } from 'zod';
    | ^^^^^^^^^^^^^^^^^^^^^^^^
  2 |
  3 | const baseFields = {
  4 |   firstName: z.string().min(1, 'First name is required'),

Import traces:
  Client Component Browser:
    ./lib/forms/schemas.ts [Client Component Browser]
    ./components/forms/rfq/RFQForm.tsx [Client Component Browser]
    ./app/page.tsx [Client Component Browser]
    ./app/page.tsx [Server Component]

  Client Component SSR:
    ./lib/forms/schemas.ts [Client Component SSR]
    ./components/forms/rfq/RFQForm.tsx [Client Component SSR]
    ./app/page.tsx [Client Component SSR]
    ./app/page.tsx [Server Component]

https://nextjs.org/docs/messages/module-not-found @ http://localhost:3000/_next/static/chunks/5f34d_next_dist_253e5923._.js:1920
[  528223ms] [ERROR] ./app/layout.tsx:3:1
Module not found: Can't resolve '@fortawesome/fontawesome-svg-core'
  1 | import type { Metadata } from "next";
  2 | import { Geist, Geist_Mono } from "next/font/google";
> 3 | import { config } from '@fortawesome/fontawesome-svg-core';
    | ^^^^^^^^^^^^^^^^^^^^^^^^^^^^^^^^^^^^^^^^^^^^^^^^^^^^^^^^^^^
  4 | import '@fortawesome/fontawesome-svg-core/styles.css';
  5 | import "./globals.css";
  6 | import { Header } from "@/components/layout/Header";

https://nextjs.org/docs/messages/module-not-found @ http://localhost:3000/_next/static/chunks/5f34d_next_dist_253e5923._.js:1920
[  528223ms] [ERROR] ./app/layout.tsx:4:1
Module not found: Can't resolve '@fortawesome/fontawesome-svg-core/styles.css'
  2 | import { Geist, Geist_Mono } from "next/font/google";
  3 | import { config } from '@fortawesome/fontawesome-svg-core';
> 4 | import '@fortawesome/fontawesome-svg-core/styles.css';
    | ^^^^^^^^^^^^^^^^^^^^^^^^^^^^^^^^^^^^^^^^^^^^^^^^^^^^^^
  5 | import "./globals.css";
  6 | import { Header } from "@/components/layout/Header";
  7 | import { Footer } from "@/components/layout/Footer";

https://nextjs.org/docs/messages/module-not-found @ http://localhost:3000/_next/static/chunks/5f34d_next_dist_253e5923._.js:1920
[  528224ms] [ERROR] ./app/page.tsx:8:1
Module not found: Can't resolve '@fortawesome/free-solid-svg-icons'
   6 | import { LogoScroller } from '@/components/home/LogoScroller';
   7 | import { FontAwesomeIcon } from '@fortawesome/react-fontawesome';
>  8 | import {
     | ^^^^^^^^
>  9 |   faBolt,
     | ^^^^^^^^^
> 10 |   faNetworkWired,
     | ^^^^^^^^^
> 11 |   faCode,
     | ^^^^^^^^^
> 12 |   faArrowRight,
     | ^^^^^^^^^
> 13 |   faCircleCheck,
     | ^^^^^^^^^
> 14 |   faChevronDown,
     | ^^^^^^^^^
> 15 | } from '@fortawesome/free-solid-svg-icons';
     | ^^^^^^^^^^^^^^^^^^^^^^^^^^^^^^^^^^^^^^^^^^^^
  16 | import { ImageWithFallback } from '@/components/shared/ImageWithFallback';
  17 | import { RFQForm } from '@/components/forms/rfq';
  18 |

Import traces:
  Client Component Browser:
    ./app/page.tsx [Client Component Browser]
    ./app/page.tsx [Server Component]

  Client Component SSR:
    ./app/page.tsx [Client Component SSR]
    ./app/page.tsx [Server Component]

https://nextjs.org/docs/messages/module-not-found @ http://localhost:3000/_next/static/chunks/5f34d_next_dist_253e5923._.js:1920
[  528224ms] [ERROR] ./app/page.tsx:7:1
Module not found: Can't resolve '@fortawesome/react-fontawesome'
   5 | import { HeroSlider } from '@/components/home/HeroSlider';
   6 | import { LogoScroller } from '@/components/home/LogoScroller';
>  7 | import { FontAwesomeIcon } from '@fortawesome/react-fontawesome';
     | ^^^^^^^^^^^^^^^^^^^^^^^^^^^^^^^^^^^^^^^^^^^^^^^^^^^^^^^^^^^^^^^^^
   8 | import {
   9 |   faBolt,
  10 |   faNetworkWired,

Import traces:
  Client Component Browser:
    ./app/page.tsx [Client Component Browser]
    ./app/page.tsx [Server Component]

  Client Component SSR:
    ./app/page.tsx [Client Component SSR]
    ./app/page.tsx [Server Component]

https://nextjs.org/docs/messages/module-not-found @ http://localhost:3000/_next/static/chunks/5f34d_next_dist_253e5923._.js:1920
[  528224ms] [ERROR] ./components/forms/rfq/RFQForm.tsx:5:1
Module not found: Can't resolve '@hookform/resolvers/zod'
  3 | import { useEffect, useRef } from 'react';
  4 | import { useForm } from 'react-hook-form';
> 5 | import { zodResolver } from '@hookform/resolvers/zod';
    | ^^^^^^^^^^^^^^^^^^^^^^^^^^^^^^^^^^^^^^^^^^^^^^^^^^^^^^
  6 | import { CheckCircle } from 'lucide-react';
  7 | import { rfqSchema, rfqPresetSchema, type RFQFormData, type RFQPresetFormData } from '@/lib/forms/schemas';
  8 | import { useFormSubmit } from '@/hooks/useFormSubmit';

Import traces:
  Client Component Browser:
    ./components/forms/rfq/RFQForm.tsx [Client Component Browser]
    ./app/page.tsx [Client Component Browser]
    ./app/page.tsx [Server Component]

  Client Component SSR:
    ./components/forms/rfq/RFQForm.tsx [Client Component SSR]
    ./app/page.tsx [Client Component SSR]
    ./app/page.tsx [Server Component]

https://nextjs.org/docs/messages/module-not-found @ http://localhost:3000/_next/static/chunks/5f34d_next_dist_253e5923._.js:1920
[  528224ms] [ERROR] ./lib/forms/schemas.ts:1:1
Module not found: Can't resolve 'zod'
> 1 | import { z } from 'zod';
    | ^^^^^^^^^^^^^^^^^^^^^^^^
  2 |
  3 | const baseFields = {
  4 |   firstName: z.string().min(1, 'First name is required'),

Import traces:
  Client Component Browser:
    ./lib/forms/schemas.ts [Client Component Browser]
    ./components/forms/rfq/RFQForm.tsx [Client Component Browser]
    ./app/page.tsx [Client Component Browser]
    ./app/page.tsx [Server Component]

  Client Component SSR:
    ./lib/forms/schemas.ts [Client Component SSR]
    ./components/forms/rfq/RFQForm.tsx [Client Component SSR]
    ./app/page.tsx [Client Component SSR]
    ./app/page.tsx [Server Component]

https://nextjs.org/docs/messages/module-not-found @ http://localhost:3000/_next/static/chunks/5f34d_next_dist_253e5923._.js:1920
[  528289ms] [ERROR] ./app/layout.tsx:3:1
Module not found: Can't resolve '@fortawesome/fontawesome-svg-core'
  1 | import type { Metadata } from "next";
  2 | import { Geist, Geist_Mono } from "next/font/google";
> 3 | import { config } from '@fortawesome/fontawesome-svg-core';
    | ^^^^^^^^^^^^^^^^^^^^^^^^^^^^^^^^^^^^^^^^^^^^^^^^^^^^^^^^^^^
  4 | import '@fortawesome/fontawesome-svg-core/styles.css';
  5 | import "./globals.css";
  6 | import { Header } from "@/components/layout/Header";

https://nextjs.org/docs/messages/module-not-found @ http://localhost:3000/_next/static/chunks/5f34d_next_dist_253e5923._.js:1920
[  528289ms] [ERROR] ./app/layout.tsx:4:1
Module not found: Can't resolve '@fortawesome/fontawesome-svg-core/styles.css'
  2 | import { Geist, Geist_Mono } from "next/font/google";
  3 | import { config } from '@fortawesome/fontawesome-svg-core';
> 4 | import '@fortawesome/fontawesome-svg-core/styles.css';
    | ^^^^^^^^^^^^^^^^^^^^^^^^^^^^^^^^^^^^^^^^^^^^^^^^^^^^^^
  5 | import "./globals.css";
  6 | import { Header } from "@/components/layout/Header";
  7 | import { Footer } from "@/components/layout/Footer";

https://nextjs.org/docs/messages/module-not-found @ http://localhost:3000/_next/static/chunks/5f34d_next_dist_253e5923._.js:1920
[  528290ms] [ERROR] ./app/page.tsx:8:1
Module not found: Can't resolve '@fortawesome/free-solid-svg-icons'
   6 | import { LogoScroller } from '@/components/home/LogoScroller';
   7 | import { FontAwesomeIcon } from '@fortawesome/react-fontawesome';
>  8 | import {
     | ^^^^^^^^
>  9 |   faBolt,
     | ^^^^^^^^^
> 10 |   faNetworkWired,
     | ^^^^^^^^^
> 11 |   faCode,
     | ^^^^^^^^^
> 12 |   faArrowRight,
     | ^^^^^^^^^
> 13 |   faCircleCheck,
     | ^^^^^^^^^
> 14 |   faChevronDown,
     | ^^^^^^^^^
> 15 | } from '@fortawesome/free-solid-svg-icons';
     | ^^^^^^^^^^^^^^^^^^^^^^^^^^^^^^^^^^^^^^^^^^^^
  16 | import { ImageWithFallback } from '@/components/shared/ImageWithFallback';
  17 | import { RFQForm } from '@/components/forms/rfq';
  18 |

Import traces:
  Client Component Browser:
    ./app/page.tsx [Client Component Browser]
    ./app/page.tsx [Server Component]

  Client Component SSR:
    ./app/page.tsx [Client Component SSR]
    ./app/page.tsx [Server Component]

https://nextjs.org/docs/messages/module-not-found @ http://localhost:3000/_next/static/chunks/5f34d_next_dist_253e5923._.js:1920
[  528290ms] [ERROR] ./app/page.tsx:7:1
Module not found: Can't resolve '@fortawesome/react-fontawesome'
   5 | import { HeroSlider } from '@/components/home/HeroSlider';
   6 | import { LogoScroller } from '@/components/home/LogoScroller';
>  7 | import { FontAwesomeIcon } from '@fortawesome/react-fontawesome';
     | ^^^^^^^^^^^^^^^^^^^^^^^^^^^^^^^^^^^^^^^^^^^^^^^^^^^^^^^^^^^^^^^^^
   8 | import {
   9 |   faBolt,
  10 |   faNetworkWired,

Import traces:
  Client Component Browser:
    ./app/page.tsx [Client Component Browser]
    ./app/page.tsx [Server Component]

  Client Component SSR:
    ./app/page.tsx [Client Component SSR]
    ./app/page.tsx [Server Component]

https://nextjs.org/docs/messages/module-not-found @ http://localhost:3000/_next/static/chunks/5f34d_next_dist_253e5923._.js:1920
[  528290ms] [ERROR] ./components/forms/rfq/RFQForm.tsx:5:1
Module not found: Can't resolve '@hookform/resolvers/zod'
  3 | import { useEffect, useRef } from 'react';
  4 | import { useForm } from 'react-hook-form';
> 5 | import { zodResolver } from '@hookform/resolvers/zod';
    | ^^^^^^^^^^^^^^^^^^^^^^^^^^^^^^^^^^^^^^^^^^^^^^^^^^^^^^
  6 | import { CheckCircle } from 'lucide-react';
  7 | import { rfqSchema, rfqPresetSchema, type RFQFormData, type RFQPresetFormData } from '@/lib/forms/schemas';
  8 | import { useFormSubmit } from '@/hooks/useFormSubmit';

Import traces:
  Client Component Browser:
    ./components/forms/rfq/RFQForm.tsx [Client Component Browser]
    ./app/page.tsx [Client Component Browser]
    ./app/page.tsx [Server Component]

  Client Component SSR:
    ./components/forms/rfq/RFQForm.tsx [Client Component SSR]
    ./app/page.tsx [Client Component SSR]
    ./app/page.tsx [Server Component]

https://nextjs.org/docs/messages/module-not-found @ http://localhost:3000/_next/static/chunks/5f34d_next_dist_253e5923._.js:1920
[  528290ms] [ERROR] ./lib/forms/schemas.ts:1:1
Module not found: Can't resolve 'zod'
> 1 | import { z } from 'zod';
    | ^^^^^^^^^^^^^^^^^^^^^^^^
  2 |
  3 | const baseFields = {
  4 |   firstName: z.string().min(1, 'First name is required'),

Import traces:
  Client Component Browser:
    ./lib/forms/schemas.ts [Client Component Browser]
    ./components/forms/rfq/RFQForm.tsx [Client Component Browser]
    ./app/page.tsx [Client Component Browser]
    ./app/page.tsx [Server Component]

  Client Component SSR:
    ./lib/forms/schemas.ts [Client Component SSR]
    ./components/forms/rfq/RFQForm.tsx [Client Component SSR]
    ./app/page.tsx [Client Component SSR]
    ./app/page.tsx [Server Component]

https://nextjs.org/docs/messages/module-not-found @ http://localhost:3000/_next/static/chunks/5f34d_next_dist_253e5923._.js:1920
[  528364ms] [ERROR] ./app/layout.tsx:3:1
Module not found: Can't resolve '@fortawesome/fontawesome-svg-core'
  1 | import type { Metadata } from "next";
  2 | import { Geist, Geist_Mono } from "next/font/google";
> 3 | import { config } from '@fortawesome/fontawesome-svg-core';
    | ^^^^^^^^^^^^^^^^^^^^^^^^^^^^^^^^^^^^^^^^^^^^^^^^^^^^^^^^^^^
  4 | import '@fortawesome/fontawesome-svg-core/styles.css';
  5 | import "./globals.css";
  6 | import { Header } from "@/components/layout/Header";

https://nextjs.org/docs/messages/module-not-found @ http://localhost:3000/_next/static/chunks/5f34d_next_dist_253e5923._.js:1920
[  528364ms] [ERROR] ./app/layout.tsx:4:1
Module not found: Can't resolve '@fortawesome/fontawesome-svg-core/styles.css'
  2 | import { Geist, Geist_Mono } from "next/font/google";
  3 | import { config } from '@fortawesome/fontawesome-svg-core';
> 4 | import '@fortawesome/fontawesome-svg-core/styles.css';
    | ^^^^^^^^^^^^^^^^^^^^^^^^^^^^^^^^^^^^^^^^^^^^^^^^^^^^^^
  5 | import "./globals.css";
  6 | import { Header } from "@/components/layout/Header";
  7 | import { Footer } from "@/components/layout/Footer";

https://nextjs.org/docs/messages/module-not-found @ http://localhost:3000/_next/static/chunks/5f34d_next_dist_253e5923._.js:1920
[  528364ms] [ERROR] ./app/page.tsx:8:1
Module not found: Can't resolve '@fortawesome/free-solid-svg-icons'
   6 | import { LogoScroller } from '@/components/home/LogoScroller';
   7 | import { FontAwesomeIcon } from '@fortawesome/react-fontawesome';
>  8 | import {
     | ^^^^^^^^
>  9 |   faBolt,
     | ^^^^^^^^^
> 10 |   faNetworkWired,
     | ^^^^^^^^^
> 11 |   faCode,
     | ^^^^^^^^^
> 12 |   faArrowRight,
     | ^^^^^^^^^
> 13 |   faCircleCheck,
     | ^^^^^^^^^
> 14 |   faChevronDown,
     | ^^^^^^^^^
> 15 | } from '@fortawesome/free-solid-svg-icons';
     | ^^^^^^^^^^^^^^^^^^^^^^^^^^^^^^^^^^^^^^^^^^^^
  16 | import { ImageWithFallback } from '@/components/shared/ImageWithFallback';
  17 | import { RFQForm } from '@/components/forms/rfq';
  18 |

Import traces:
  Client Component Browser:
    ./app/page.tsx [Client Component Browser]
    ./app/page.tsx [Server Component]

  Client Component SSR:
    ./app/page.tsx [Client Component SSR]
    ./app/page.tsx [Server Component]

https://nextjs.org/docs/messages/module-not-found @ http://localhost:3000/_next/static/chunks/5f34d_next_dist_253e5923._.js:1920
[  528365ms] [ERROR] ./app/page.tsx:7:1
Module not found: Can't resolve '@fortawesome/react-fontawesome'
   5 | import { HeroSlider } from '@/components/home/HeroSlider';
   6 | import { LogoScroller } from '@/components/home/LogoScroller';
>  7 | import { FontAwesomeIcon } from '@fortawesome/react-fontawesome';
     | ^^^^^^^^^^^^^^^^^^^^^^^^^^^^^^^^^^^^^^^^^^^^^^^^^^^^^^^^^^^^^^^^^
   8 | import {
   9 |   faBolt,
  10 |   faNetworkWired,

Import traces:
  Client Component Browser:
    ./app/page.tsx [Client Component Browser]
    ./app/page.tsx [Server Component]

  Client Component SSR:
    ./app/page.tsx [Client Component SSR]
    ./app/page.tsx [Server Component]

https://nextjs.org/docs/messages/module-not-found @ http://localhost:3000/_next/static/chunks/5f34d_next_dist_253e5923._.js:1920
[  528366ms] [ERROR] ./components/forms/rfq/RFQForm.tsx:5:1
Module not found: Can't resolve '@hookform/resolvers/zod'
  3 | import { useEffect, useRef } from 'react';
  4 | import { useForm } from 'react-hook-form';
> 5 | import { zodResolver } from '@hookform/resolvers/zod';
    | ^^^^^^^^^^^^^^^^^^^^^^^^^^^^^^^^^^^^^^^^^^^^^^^^^^^^^^
  6 | import { CheckCircle } from 'lucide-react';
  7 | import { rfqSchema, rfqPresetSchema, type RFQFormData, type RFQPresetFormData } from '@/lib/forms/schemas';
  8 | import { useFormSubmit } from '@/hooks/useFormSubmit';

Import traces:
  Client Component Browser:
    ./components/forms/rfq/RFQForm.tsx [Client Component Browser]
    ./app/page.tsx [Client Component Browser]
    ./app/page.tsx [Server Component]

  Client Component SSR:
    ./components/forms/rfq/RFQForm.tsx [Client Component SSR]
    ./app/page.tsx [Client Component SSR]
    ./app/page.tsx [Server Component]

https://nextjs.org/docs/messages/module-not-found @ http://localhost:3000/_next/static/chunks/5f34d_next_dist_253e5923._.js:1920
[  528366ms] [ERROR] ./lib/forms/schemas.ts:1:1
Module not found: Can't resolve 'zod'
> 1 | import { z } from 'zod';
    | ^^^^^^^^^^^^^^^^^^^^^^^^
  2 |
  3 | const baseFields = {
  4 |   firstName: z.string().min(1, 'First name is required'),

Import traces:
  Client Component Browser:
    ./lib/forms/schemas.ts [Client Component Browser]
    ./components/forms/rfq/RFQForm.tsx [Client Component Browser]
    ./app/page.tsx [Client Component Browser]
    ./app/page.tsx [Server Component]

  Client Component SSR:
    ./lib/forms/schemas.ts [Client Component SSR]
    ./components/forms/rfq/RFQForm.tsx [Client Component SSR]
    ./app/page.tsx [Client Component SSR]
    ./app/page.tsx [Server Component]

https://nextjs.org/docs/messages/module-not-found @ http://localhost:3000/_next/static/chunks/5f34d_next_dist_253e5923._.js:1920
[  528428ms] [ERROR] ./app/layout.tsx:3:1
Module not found: Can't resolve '@fortawesome/fontawesome-svg-core'
  1 | import type { Metadata } from "next";
  2 | import { Geist, Geist_Mono } from "next/font/google";
> 3 | import { config } from '@fortawesome/fontawesome-svg-core';
    | ^^^^^^^^^^^^^^^^^^^^^^^^^^^^^^^^^^^^^^^^^^^^^^^^^^^^^^^^^^^
  4 | import '@fortawesome/fontawesome-svg-core/styles.css';
  5 | import "./globals.css";
  6 | import { Header } from "@/components/layout/Header";

https://nextjs.org/docs/messages/module-not-found @ http://localhost:3000/_next/static/chunks/5f34d_next_dist_253e5923._.js:1920
[  528428ms] [ERROR] ./app/layout.tsx:4:1
Module not found: Can't resolve '@fortawesome/fontawesome-svg-core/styles.css'
  2 | import { Geist, Geist_Mono } from "next/font/google";
  3 | import { config } from '@fortawesome/fontawesome-svg-core';
> 4 | import '@fortawesome/fontawesome-svg-core/styles.css';
    | ^^^^^^^^^^^^^^^^^^^^^^^^^^^^^^^^^^^^^^^^^^^^^^^^^^^^^^
  5 | import "./globals.css";
  6 | import { Header } from "@/components/layout/Header";
  7 | import { Footer } from "@/components/layout/Footer";

https://nextjs.org/docs/messages/module-not-found @ http://localhost:3000/_next/static/chunks/5f34d_next_dist_253e5923._.js:1920
[  528428ms] [ERROR] ./app/page.tsx:8:1
Module not found: Can't resolve '@fortawesome/free-solid-svg-icons'
   6 | import { LogoScroller } from '@/components/home/LogoScroller';
   7 | import { FontAwesomeIcon } from '@fortawesome/react-fontawesome';
>  8 | import {
     | ^^^^^^^^
>  9 |   faBolt,
     | ^^^^^^^^^
> 10 |   faNetworkWired,
     | ^^^^^^^^^
> 11 |   faCode,
     | ^^^^^^^^^
> 12 |   faArrowRight,
     | ^^^^^^^^^
> 13 |   faCircleCheck,
     | ^^^^^^^^^
> 14 |   faChevronDown,
     | ^^^^^^^^^
> 15 | } from '@fortawesome/free-solid-svg-icons';
     | ^^^^^^^^^^^^^^^^^^^^^^^^^^^^^^^^^^^^^^^^^^^^
  16 | import { ImageWithFallback } from '@/components/shared/ImageWithFallback';
  17 | import { RFQForm } from '@/components/forms/rfq';
  18 |

Import traces:
  Client Component Browser:
    ./app/page.tsx [Client Component Browser]
    ./app/page.tsx [Server Component]

  Client Component SSR:
    ./app/page.tsx [Client Component SSR]
    ./app/page.tsx [Server Component]

https://nextjs.org/docs/messages/module-not-found @ http://localhost:3000/_next/static/chunks/5f34d_next_dist_253e5923._.js:1920
[  528428ms] [ERROR] ./app/page.tsx:7:1
Module not found: Can't resolve '@fortawesome/react-fontawesome'
   5 | import { HeroSlider } from '@/components/home/HeroSlider';
   6 | import { LogoScroller } from '@/components/home/LogoScroller';
>  7 | import { FontAwesomeIcon } from '@fortawesome/react-fontawesome';
     | ^^^^^^^^^^^^^^^^^^^^^^^^^^^^^^^^^^^^^^^^^^^^^^^^^^^^^^^^^^^^^^^^^
   8 | import {
   9 |   faBolt,
  10 |   faNetworkWired,

Import traces:
  Client Component Browser:
    ./app/page.tsx [Client Component Browser]
    ./app/page.tsx [Server Component]

  Client Component SSR:
    ./app/page.tsx [Client Component SSR]
    ./app/page.tsx [Server Component]

https://nextjs.org/docs/messages/module-not-found @ http://localhost:3000/_next/static/chunks/5f34d_next_dist_253e5923._.js:1920
[  528428ms] [ERROR] ./components/forms/rfq/RFQForm.tsx:5:1
Module not found: Can't resolve '@hookform/resolvers/zod'
  3 | import { useEffect, useRef } from 'react';
  4 | import { useForm } from 'react-hook-form';
> 5 | import { zodResolver } from '@hookform/resolvers/zod';
    | ^^^^^^^^^^^^^^^^^^^^^^^^^^^^^^^^^^^^^^^^^^^^^^^^^^^^^^
  6 | import { CheckCircle } from 'lucide-react';
  7 | import { rfqSchema, rfqPresetSchema, type RFQFormData, type RFQPresetFormData } from '@/lib/forms/schemas';
  8 | import { useFormSubmit } from '@/hooks/useFormSubmit';

Import traces:
  Client Component Browser:
    ./components/forms/rfq/RFQForm.tsx [Client Component Browser]
    ./app/page.tsx [Client Component Browser]
    ./app/page.tsx [Server Component]

  Client Component SSR:
    ./components/forms/rfq/RFQForm.tsx [Client Component SSR]
    ./app/page.tsx [Client Component SSR]
    ./app/page.tsx [Server Component]

https://nextjs.org/docs/messages/module-not-found @ http://localhost:3000/_next/static/chunks/5f34d_next_dist_253e5923._.js:1920
[  528428ms] [ERROR] ./lib/forms/schemas.ts:1:1
Module not found: Can't resolve 'zod'
> 1 | import { z } from 'zod';
    | ^^^^^^^^^^^^^^^^^^^^^^^^
  2 |
  3 | const baseFields = {
  4 |   firstName: z.string().min(1, 'First name is required'),

Import traces:
  Client Component Browser:
    ./lib/forms/schemas.ts [Client Component Browser]
    ./components/forms/rfq/RFQForm.tsx [Client Component Browser]
    ./app/page.tsx [Client Component Browser]
    ./app/page.tsx [Server Component]

  Client Component SSR:
    ./lib/forms/schemas.ts [Client Component SSR]
    ./components/forms/rfq/RFQForm.tsx [Client Component SSR]
    ./app/page.tsx [Client Component SSR]
    ./app/page.tsx [Server Component]

https://nextjs.org/docs/messages/module-not-found @ http://localhost:3000/_next/static/chunks/5f34d_next_dist_253e5923._.js:1920
[  528506ms] [ERROR] ./app/layout.tsx:3:1
Module not found: Can't resolve '@fortawesome/fontawesome-svg-core'
  1 | import type { Metadata } from "next";
  2 | import { Geist, Geist_Mono } from "next/font/google";
> 3 | import { config } from '@fortawesome/fontawesome-svg-core';
    | ^^^^^^^^^^^^^^^^^^^^^^^^^^^^^^^^^^^^^^^^^^^^^^^^^^^^^^^^^^^
  4 | import '@fortawesome/fontawesome-svg-core/styles.css';
  5 | import "./globals.css";
  6 | import { Header } from "@/components/layout/Header";

https://nextjs.org/docs/messages/module-not-found @ http://localhost:3000/_next/static/chunks/5f34d_next_dist_253e5923._.js:1920
[  528506ms] [ERROR] ./app/layout.tsx:4:1
Module not found: Can't resolve '@fortawesome/fontawesome-svg-core/styles.css'
  2 | import { Geist, Geist_Mono } from "next/font/google";
  3 | import { config } from '@fortawesome/fontawesome-svg-core';
> 4 | import '@fortawesome/fontawesome-svg-core/styles.css';
    | ^^^^^^^^^^^^^^^^^^^^^^^^^^^^^^^^^^^^^^^^^^^^^^^^^^^^^^
  5 | import "./globals.css";
  6 | import { Header } from "@/components/layout/Header";
  7 | import { Footer } from "@/components/layout/Footer";

https://nextjs.org/docs/messages/module-not-found @ http://localhost:3000/_next/static/chunks/5f34d_next_dist_253e5923._.js:1920
[  528506ms] [ERROR] ./app/page.tsx:8:1
Module not found: Can't resolve '@fortawesome/free-solid-svg-icons'
   6 | import { LogoScroller } from '@/components/home/LogoScroller';
   7 | import { FontAwesomeIcon } from '@fortawesome/react-fontawesome';
>  8 | import {
     | ^^^^^^^^
>  9 |   faBolt,
     | ^^^^^^^^^
> 10 |   faNetworkWired,
     | ^^^^^^^^^
> 11 |   faCode,
     | ^^^^^^^^^
> 12 |   faArrowRight,
     | ^^^^^^^^^
> 13 |   faCircleCheck,
     | ^^^^^^^^^
> 14 |   faChevronDown,
     | ^^^^^^^^^
> 15 | } from '@fortawesome/free-solid-svg-icons';
     | ^^^^^^^^^^^^^^^^^^^^^^^^^^^^^^^^^^^^^^^^^^^^
  16 | import { ImageWithFallback } from '@/components/shared/ImageWithFallback';
  17 | import { RFQForm } from '@/components/forms/rfq';
  18 |

Import traces:
  Client Component Browser:
    ./app/page.tsx [Client Component Browser]
    ./app/page.tsx [Server Component]

  Client Component SSR:
    ./app/page.tsx [Client Component SSR]
    ./app/page.tsx [Server Component]

https://nextjs.org/docs/messages/module-not-found @ http://localhost:3000/_next/static/chunks/5f34d_next_dist_253e5923._.js:1920
[  528506ms] [ERROR] ./app/page.tsx:7:1
Module not found: Can't resolve '@fortawesome/react-fontawesome'
   5 | import { HeroSlider } from '@/components/home/HeroSlider';
   6 | import { LogoScroller } from '@/components/home/LogoScroller';
>  7 | import { FontAwesomeIcon } from '@fortawesome/react-fontawesome';
     | ^^^^^^^^^^^^^^^^^^^^^^^^^^^^^^^^^^^^^^^^^^^^^^^^^^^^^^^^^^^^^^^^^
   8 | import {
   9 |   faBolt,
  10 |   faNetworkWired,

Import traces:
  Client Component Browser:
    ./app/page.tsx [Client Component Browser]
    ./app/page.tsx [Server Component]

  Client Component SSR:
    ./app/page.tsx [Client Component SSR]
    ./app/page.tsx [Server Component]

https://nextjs.org/docs/messages/module-not-found @ http://localhost:3000/_next/static/chunks/5f34d_next_dist_253e5923._.js:1920
[  528506ms] [ERROR] ./components/forms/rfq/RFQForm.tsx:5:1
Module not found: Can't resolve '@hookform/resolvers/zod'
  3 | import { useEffect, useRef } from 'react';
  4 | import { useForm } from 'react-hook-form';
> 5 | import { zodResolver } from '@hookform/resolvers/zod';
    | ^^^^^^^^^^^^^^^^^^^^^^^^^^^^^^^^^^^^^^^^^^^^^^^^^^^^^^
  6 | import { CheckCircle } from 'lucide-react';
  7 | import { rfqSchema, rfqPresetSchema, type RFQFormData, type RFQPresetFormData } from '@/lib/forms/schemas';
  8 | import { useFormSubmit } from '@/hooks/useFormSubmit';

Import traces:
  Client Component Browser:
    ./components/forms/rfq/RFQForm.tsx [Client Component Browser]
    ./app/page.tsx [Client Component Browser]
    ./app/page.tsx [Server Component]

  Client Component SSR:
    ./components/forms/rfq/RFQForm.tsx [Client Component SSR]
    ./app/page.tsx [Client Component SSR]
    ./app/page.tsx [Server Component]

https://nextjs.org/docs/messages/module-not-found @ http://localhost:3000/_next/static/chunks/5f34d_next_dist_253e5923._.js:1920
[  528506ms] [ERROR] ./lib/forms/schemas.ts:1:1
Module not found: Can't resolve 'zod'
> 1 | import { z } from 'zod';
    | ^^^^^^^^^^^^^^^^^^^^^^^^
  2 |
  3 | const baseFields = {
  4 |   firstName: z.string().min(1, 'First name is required'),

Import traces:
  Client Component Browser:
    ./lib/forms/schemas.ts [Client Component Browser]
    ./components/forms/rfq/RFQForm.tsx [Client Component Browser]
    ./app/page.tsx [Client Component Browser]
    ./app/page.tsx [Server Component]

  Client Component SSR:
    ./lib/forms/schemas.ts [Client Component SSR]
    ./components/forms/rfq/RFQForm.tsx [Client Component SSR]
    ./app/page.tsx [Client Component SSR]
    ./app/page.tsx [Server Component]

https://nextjs.org/docs/messages/module-not-found @ http://localhost:3000/_next/static/chunks/5f34d_next_dist_253e5923._.js:1920
[  528572ms] [ERROR] ./app/layout.tsx:3:1
Module not found: Can't resolve '@fortawesome/fontawesome-svg-core'
  1 | import type { Metadata } from "next";
  2 | import { Geist, Geist_Mono } from "next/font/google";
> 3 | import { config } from '@fortawesome/fontawesome-svg-core';
    | ^^^^^^^^^^^^^^^^^^^^^^^^^^^^^^^^^^^^^^^^^^^^^^^^^^^^^^^^^^^
  4 | import '@fortawesome/fontawesome-svg-core/styles.css';
  5 | import "./globals.css";
  6 | import { Header } from "@/components/layout/Header";

https://nextjs.org/docs/messages/module-not-found @ http://localhost:3000/_next/static/chunks/5f34d_next_dist_253e5923._.js:1920
[  528572ms] [ERROR] ./app/layout.tsx:4:1
Module not found: Can't resolve '@fortawesome/fontawesome-svg-core/styles.css'
  2 | import { Geist, Geist_Mono } from "next/font/google";
  3 | import { config } from '@fortawesome/fontawesome-svg-core';
> 4 | import '@fortawesome/fontawesome-svg-core/styles.css';
    | ^^^^^^^^^^^^^^^^^^^^^^^^^^^^^^^^^^^^^^^^^^^^^^^^^^^^^^
  5 | import "./globals.css";
  6 | import { Header } from "@/components/layout/Header";
  7 | import { Footer } from "@/components/layout/Footer";

https://nextjs.org/docs/messages/module-not-found @ http://localhost:3000/_next/static/chunks/5f34d_next_dist_253e5923._.js:1920
[  528572ms] [ERROR] ./app/page.tsx:8:1
Module not found: Can't resolve '@fortawesome/free-solid-svg-icons'
   6 | import { LogoScroller } from '@/components/home/LogoScroller';
   7 | import { FontAwesomeIcon } from '@fortawesome/react-fontawesome';
>  8 | import {
     | ^^^^^^^^
>  9 |   faBolt,
     | ^^^^^^^^^
> 10 |   faNetworkWired,
     | ^^^^^^^^^
> 11 |   faCode,
     | ^^^^^^^^^
> 12 |   faArrowRight,
     | ^^^^^^^^^
> 13 |   faCircleCheck,
     | ^^^^^^^^^
> 14 |   faChevronDown,
     | ^^^^^^^^^
> 15 | } from '@fortawesome/free-solid-svg-icons';
     | ^^^^^^^^^^^^^^^^^^^^^^^^^^^^^^^^^^^^^^^^^^^^
  16 | import { ImageWithFallback } from '@/components/shared/ImageWithFallback';
  17 | import { RFQForm } from '@/components/forms/rfq';
  18 |

Import traces:
  Client Component Browser:
    ./app/page.tsx [Client Component Browser]
    ./app/page.tsx [Server Component]

  Client Component SSR:
    ./app/page.tsx [Client Component SSR]
    ./app/page.tsx [Server Component]

https://nextjs.org/docs/messages/module-not-found @ http://localhost:3000/_next/static/chunks/5f34d_next_dist_253e5923._.js:1920
[  528572ms] [ERROR] ./app/page.tsx:7:1
Module not found: Can't resolve '@fortawesome/react-fontawesome'
   5 | import { HeroSlider } from '@/components/home/HeroSlider';
   6 | import { LogoScroller } from '@/components/home/LogoScroller';
>  7 | import { FontAwesomeIcon } from '@fortawesome/react-fontawesome';
     | ^^^^^^^^^^^^^^^^^^^^^^^^^^^^^^^^^^^^^^^^^^^^^^^^^^^^^^^^^^^^^^^^^
   8 | import {
   9 |   faBolt,
  10 |   faNetworkWired,

Import traces:
  Client Component Browser:
    ./app/page.tsx [Client Component Browser]
    ./app/page.tsx [Server Component]

  Client Component SSR:
    ./app/page.tsx [Client Component SSR]
    ./app/page.tsx [Server Component]

https://nextjs.org/docs/messages/module-not-found @ http://localhost:3000/_next/static/chunks/5f34d_next_dist_253e5923._.js:1920
[  528572ms] [ERROR] ./components/forms/rfq/RFQForm.tsx:5:1
Module not found: Can't resolve '@hookform/resolvers/zod'
  3 | import { useEffect, useRef } from 'react';
  4 | import { useForm } from 'react-hook-form';
> 5 | import { zodResolver } from '@hookform/resolvers/zod';
    | ^^^^^^^^^^^^^^^^^^^^^^^^^^^^^^^^^^^^^^^^^^^^^^^^^^^^^^
  6 | import { CheckCircle } from 'lucide-react';
  7 | import { rfqSchema, rfqPresetSchema, type RFQFormData, type RFQPresetFormData } from '@/lib/forms/schemas';
  8 | import { useFormSubmit } from '@/hooks/useFormSubmit';

Import traces:
  Client Component Browser:
    ./components/forms/rfq/RFQForm.tsx [Client Component Browser]
    ./app/page.tsx [Client Component Browser]
    ./app/page.tsx [Server Component]

  Client Component SSR:
    ./components/forms/rfq/RFQForm.tsx [Client Component SSR]
    ./app/page.tsx [Client Component SSR]
    ./app/page.tsx [Server Component]

https://nextjs.org/docs/messages/module-not-found @ http://localhost:3000/_next/static/chunks/5f34d_next_dist_253e5923._.js:1920
[  528572ms] [ERROR] ./lib/forms/schemas.ts:1:1
Module not found: Can't resolve 'zod'
> 1 | import { z } from 'zod';
    | ^^^^^^^^^^^^^^^^^^^^^^^^
  2 |
  3 | const baseFields = {
  4 |   firstName: z.string().min(1, 'First name is required'),

Import traces:
  Client Component Browser:
    ./lib/forms/schemas.ts [Client Component Browser]
    ./components/forms/rfq/RFQForm.tsx [Client Component Browser]
    ./app/page.tsx [Client Component Browser]
    ./app/page.tsx [Server Component]

  Client Component SSR:
    ./lib/forms/schemas.ts [Client Component SSR]
    ./components/forms/rfq/RFQForm.tsx [Client Component SSR]
    ./app/page.tsx [Client Component SSR]
    ./app/page.tsx [Server Component]

https://nextjs.org/docs/messages/module-not-found @ http://localhost:3000/_next/static/chunks/5f34d_next_dist_253e5923._.js:1920
[  528652ms] [ERROR] ./app/layout.tsx:3:1
Module not found: Can't resolve '@fortawesome/fontawesome-svg-core'
  1 | import type { Metadata } from "next";
  2 | import { Geist, Geist_Mono } from "next/font/google";
> 3 | import { config } from '@fortawesome/fontawesome-svg-core';
    | ^^^^^^^^^^^^^^^^^^^^^^^^^^^^^^^^^^^^^^^^^^^^^^^^^^^^^^^^^^^
  4 | import '@fortawesome/fontawesome-svg-core/styles.css';
  5 | import "./globals.css";
  6 | import { Header } from "@/components/layout/Header";

https://nextjs.org/docs/messages/module-not-found @ http://localhost:3000/_next/static/chunks/5f34d_next_dist_253e5923._.js:1920
[  528653ms] [ERROR] ./app/layout.tsx:4:1
Module not found: Can't resolve '@fortawesome/fontawesome-svg-core/styles.css'
  2 | import { Geist, Geist_Mono } from "next/font/google";
  3 | import { config } from '@fortawesome/fontawesome-svg-core';
> 4 | import '@fortawesome/fontawesome-svg-core/styles.css';
    | ^^^^^^^^^^^^^^^^^^^^^^^^^^^^^^^^^^^^^^^^^^^^^^^^^^^^^^
  5 | import "./globals.css";
  6 | import { Header } from "@/components/layout/Header";
  7 | import { Footer } from "@/components/layout/Footer";

https://nextjs.org/docs/messages/module-not-found @ http://localhost:3000/_next/static/chunks/5f34d_next_dist_253e5923._.js:1920
[  528653ms] [ERROR] ./app/page.tsx:8:1
Module not found: Can't resolve '@fortawesome/free-solid-svg-icons'
   6 | import { LogoScroller } from '@/components/home/LogoScroller';
   7 | import { FontAwesomeIcon } from '@fortawesome/react-fontawesome';
>  8 | import {
     | ^^^^^^^^
>  9 |   faBolt,
     | ^^^^^^^^^
> 10 |   faNetworkWired,
     | ^^^^^^^^^
> 11 |   faCode,
     | ^^^^^^^^^
> 12 |   faArrowRight,
     | ^^^^^^^^^
> 13 |   faCircleCheck,
     | ^^^^^^^^^
> 14 |   faChevronDown,
     | ^^^^^^^^^
> 15 | } from '@fortawesome/free-solid-svg-icons';
     | ^^^^^^^^^^^^^^^^^^^^^^^^^^^^^^^^^^^^^^^^^^^^
  16 | import { ImageWithFallback } from '@/components/shared/ImageWithFallback';
  17 | import { RFQForm } from '@/components/forms/rfq';
  18 |

Import traces:
  Client Component Browser:
    ./app/page.tsx [Client Component Browser]
    ./app/page.tsx [Server Component]

  Client Component SSR:
    ./app/page.tsx [Client Component SSR]
    ./app/page.tsx [Server Component]

https://nextjs.org/docs/messages/module-not-found @ http://localhost:3000/_next/static/chunks/5f34d_next_dist_253e5923._.js:1920
[  528653ms] [ERROR] ./app/page.tsx:7:1
Module not found: Can't resolve '@fortawesome/react-fontawesome'
   5 | import { HeroSlider } from '@/components/home/HeroSlider';
   6 | import { LogoScroller } from '@/components/home/LogoScroller';
>  7 | import { FontAwesomeIcon } from '@fortawesome/react-fontawesome';
     | ^^^^^^^^^^^^^^^^^^^^^^^^^^^^^^^^^^^^^^^^^^^^^^^^^^^^^^^^^^^^^^^^^
   8 | import {
   9 |   faBolt,
  10 |   faNetworkWired,

Import traces:
  Client Component Browser:
    ./app/page.tsx [Client Component Browser]
    ./app/page.tsx [Server Component]

  Client Component SSR:
    ./app/page.tsx [Client Component SSR]
    ./app/page.tsx [Server Component]

https://nextjs.org/docs/messages/module-not-found @ http://localhost:3000/_next/static/chunks/5f34d_next_dist_253e5923._.js:1920
[  528653ms] [ERROR] ./components/forms/rfq/RFQForm.tsx:5:1
Module not found: Can't resolve '@hookform/resolvers/zod'
  3 | import { useEffect, useRef } from 'react';
  4 | import { useForm } from 'react-hook-form';
> 5 | import { zodResolver } from '@hookform/resolvers/zod';
    | ^^^^^^^^^^^^^^^^^^^^^^^^^^^^^^^^^^^^^^^^^^^^^^^^^^^^^^
  6 | import { CheckCircle } from 'lucide-react';
  7 | import { rfqSchema, rfqPresetSchema, type RFQFormData, type RFQPresetFormData } from '@/lib/forms/schemas';
  8 | import { useFormSubmit } from '@/hooks/useFormSubmit';

Import traces:
  Client Component Browser:
    ./components/forms/rfq/RFQForm.tsx [Client Component Browser]
    ./app/page.tsx [Client Component Browser]
    ./app/page.tsx [Server Component]

  Client Component SSR:
    ./components/forms/rfq/RFQForm.tsx [Client Component SSR]
    ./app/page.tsx [Client Component SSR]
    ./app/page.tsx [Server Component]

https://nextjs.org/docs/messages/module-not-found @ http://localhost:3000/_next/static/chunks/5f34d_next_dist_253e5923._.js:1920
[  528653ms] [ERROR] ./lib/forms/schemas.ts:1:1
Module not found: Can't resolve 'zod'
> 1 | import { z } from 'zod';
    | ^^^^^^^^^^^^^^^^^^^^^^^^
  2 |
  3 | const baseFields = {
  4 |   firstName: z.string().min(1, 'First name is required'),

Import traces:
  Client Component Browser:
    ./lib/forms/schemas.ts [Client Component Browser]
    ./components/forms/rfq/RFQForm.tsx [Client Component Browser]
    ./app/page.tsx [Client Component Browser]
    ./app/page.tsx [Server Component]

  Client Component SSR:
    ./lib/forms/schemas.ts [Client Component SSR]
    ./components/forms/rfq/RFQForm.tsx [Client Component SSR]
    ./app/page.tsx [Client Component SSR]
    ./app/page.tsx [Server Component]

https://nextjs.org/docs/messages/module-not-found @ http://localhost:3000/_next/static/chunks/5f34d_next_dist_253e5923._.js:1920
[  528712ms] [ERROR] ./app/layout.tsx:3:1
Module not found: Can't resolve '@fortawesome/fontawesome-svg-core'
  1 | import type { Metadata } from "next";
  2 | import { Geist, Geist_Mono } from "next/font/google";
> 3 | import { config } from '@fortawesome/fontawesome-svg-core';
    | ^^^^^^^^^^^^^^^^^^^^^^^^^^^^^^^^^^^^^^^^^^^^^^^^^^^^^^^^^^^
  4 | import '@fortawesome/fontawesome-svg-core/styles.css';
  5 | import "./globals.css";
  6 | import { Header } from "@/components/layout/Header";

https://nextjs.org/docs/messages/module-not-found @ http://localhost:3000/_next/static/chunks/5f34d_next_dist_253e5923._.js:1920
[  528712ms] [ERROR] ./app/layout.tsx:4:1
Module not found: Can't resolve '@fortawesome/fontawesome-svg-core/styles.css'
  2 | import { Geist, Geist_Mono } from "next/font/google";
  3 | import { config } from '@fortawesome/fontawesome-svg-core';
> 4 | import '@fortawesome/fontawesome-svg-core/styles.css';
    | ^^^^^^^^^^^^^^^^^^^^^^^^^^^^^^^^^^^^^^^^^^^^^^^^^^^^^^
  5 | import "./globals.css";
  6 | import { Header } from "@/components/layout/Header";
  7 | import { Footer } from "@/components/layout/Footer";

https://nextjs.org/docs/messages/module-not-found @ http://localhost:3000/_next/static/chunks/5f34d_next_dist_253e5923._.js:1920
[  528712ms] [ERROR] ./app/page.tsx:8:1
Module not found: Can't resolve '@fortawesome/free-solid-svg-icons'
   6 | import { LogoScroller } from '@/components/home/LogoScroller';
   7 | import { FontAwesomeIcon } from '@fortawesome/react-fontawesome';
>  8 | import {
     | ^^^^^^^^
>  9 |   faBolt,
     | ^^^^^^^^^
> 10 |   faNetworkWired,
     | ^^^^^^^^^
> 11 |   faCode,
     | ^^^^^^^^^
> 12 |   faArrowRight,
     | ^^^^^^^^^
> 13 |   faCircleCheck,
     | ^^^^^^^^^
> 14 |   faChevronDown,
     | ^^^^^^^^^
> 15 | } from '@fortawesome/free-solid-svg-icons';
     | ^^^^^^^^^^^^^^^^^^^^^^^^^^^^^^^^^^^^^^^^^^^^
  16 | import { ImageWithFallback } from '@/components/shared/ImageWithFallback';
  17 | import { RFQForm } from '@/components/forms/rfq';
  18 |

Import traces:
  Client Component Browser:
    ./app/page.tsx [Client Component Browser]
    ./app/page.tsx [Server Component]

  Client Component SSR:
    ./app/page.tsx [Client Component SSR]
    ./app/page.tsx [Server Component]

https://nextjs.org/docs/messages/module-not-found @ http://localhost:3000/_next/static/chunks/5f34d_next_dist_253e5923._.js:1920
[  528712ms] [ERROR] ./app/page.tsx:7:1
Module not found: Can't resolve '@fortawesome/react-fontawesome'
   5 | import { HeroSlider } from '@/components/home/HeroSlider';
   6 | import { LogoScroller } from '@/components/home/LogoScroller';
>  7 | import { FontAwesomeIcon } from '@fortawesome/react-fontawesome';
     | ^^^^^^^^^^^^^^^^^^^^^^^^^^^^^^^^^^^^^^^^^^^^^^^^^^^^^^^^^^^^^^^^^
   8 | import {
   9 |   faBolt,
  10 |   faNetworkWired,

Import traces:
  Client Component Browser:
    ./app/page.tsx [Client Component Browser]
    ./app/page.tsx [Server Component]

  Client Component SSR:
    ./app/page.tsx [Client Component SSR]
    ./app/page.tsx [Server Component]

https://nextjs.org/docs/messages/module-not-found @ http://localhost:3000/_next/static/chunks/5f34d_next_dist_253e5923._.js:1920
[  528712ms] [ERROR] ./components/forms/rfq/RFQForm.tsx:5:1
Module not found: Can't resolve '@hookform/resolvers/zod'
  3 | import { useEffect, useRef } from 'react';
  4 | import { useForm } from 'react-hook-form';
> 5 | import { zodResolver } from '@hookform/resolvers/zod';
    | ^^^^^^^^^^^^^^^^^^^^^^^^^^^^^^^^^^^^^^^^^^^^^^^^^^^^^^
  6 | import { CheckCircle } from 'lucide-react';
  7 | import { rfqSchema, rfqPresetSchema, type RFQFormData, type RFQPresetFormData } from '@/lib/forms/schemas';
  8 | import { useFormSubmit } from '@/hooks/useFormSubmit';

Import traces:
  Client Component Browser:
    ./components/forms/rfq/RFQForm.tsx [Client Component Browser]
    ./app/page.tsx [Client Component Browser]
    ./app/page.tsx [Server Component]

  Client Component SSR:
    ./components/forms/rfq/RFQForm.tsx [Client Component SSR]
    ./app/page.tsx [Client Component SSR]
    ./app/page.tsx [Server Component]

https://nextjs.org/docs/messages/module-not-found @ http://localhost:3000/_next/static/chunks/5f34d_next_dist_253e5923._.js:1920
[  528712ms] [ERROR] ./lib/forms/schemas.ts:1:1
Module not found: Can't resolve 'zod'
> 1 | import { z } from 'zod';
    | ^^^^^^^^^^^^^^^^^^^^^^^^
  2 |
  3 | const baseFields = {
  4 |   firstName: z.string().min(1, 'First name is required'),

Import traces:
  Client Component Browser:
    ./lib/forms/schemas.ts [Client Component Browser]
    ./components/forms/rfq/RFQForm.tsx [Client Component Browser]
    ./app/page.tsx [Client Component Browser]
    ./app/page.tsx [Server Component]

  Client Component SSR:
    ./lib/forms/schemas.ts [Client Component SSR]
    ./components/forms/rfq/RFQForm.tsx [Client Component SSR]
    ./app/page.tsx [Client Component SSR]
    ./app/page.tsx [Server Component]

https://nextjs.org/docs/messages/module-not-found @ http://localhost:3000/_next/static/chunks/5f34d_next_dist_253e5923._.js:1920
[  528780ms] [ERROR] ./app/layout.tsx:3:1
Module not found: Can't resolve '@fortawesome/fontawesome-svg-core'
  1 | import type { Metadata } from "next";
  2 | import { Geist, Geist_Mono } from "next/font/google";
> 3 | import { config } from '@fortawesome/fontawesome-svg-core';
    | ^^^^^^^^^^^^^^^^^^^^^^^^^^^^^^^^^^^^^^^^^^^^^^^^^^^^^^^^^^^
  4 | import '@fortawesome/fontawesome-svg-core/styles.css';
  5 | import "./globals.css";
  6 | import { Header } from "@/components/layout/Header";

https://nextjs.org/docs/messages/module-not-found @ http://localhost:3000/_next/static/chunks/5f34d_next_dist_253e5923._.js:1920
[  528780ms] [ERROR] ./app/layout.tsx:4:1
Module not found: Can't resolve '@fortawesome/fontawesome-svg-core/styles.css'
  2 | import { Geist, Geist_Mono } from "next/font/google";
  3 | import { config } from '@fortawesome/fontawesome-svg-core';
> 4 | import '@fortawesome/fontawesome-svg-core/styles.css';
    | ^^^^^^^^^^^^^^^^^^^^^^^^^^^^^^^^^^^^^^^^^^^^^^^^^^^^^^
  5 | import "./globals.css";
  6 | import { Header } from "@/components/layout/Header";
  7 | import { Footer } from "@/components/layout/Footer";

https://nextjs.org/docs/messages/module-not-found @ http://localhost:3000/_next/static/chunks/5f34d_next_dist_253e5923._.js:1920
[  528780ms] [ERROR] ./app/page.tsx:8:1
Module not found: Can't resolve '@fortawesome/free-solid-svg-icons'
   6 | import { LogoScroller } from '@/components/home/LogoScroller';
   7 | import { FontAwesomeIcon } from '@fortawesome/react-fontawesome';
>  8 | import {
     | ^^^^^^^^
>  9 |   faBolt,
     | ^^^^^^^^^
> 10 |   faNetworkWired,
     | ^^^^^^^^^
> 11 |   faCode,
     | ^^^^^^^^^
> 12 |   faArrowRight,
     | ^^^^^^^^^
> 13 |   faCircleCheck,
     | ^^^^^^^^^
> 14 |   faChevronDown,
     | ^^^^^^^^^
> 15 | } from '@fortawesome/free-solid-svg-icons';
     | ^^^^^^^^^^^^^^^^^^^^^^^^^^^^^^^^^^^^^^^^^^^^
  16 | import { ImageWithFallback } from '@/components/shared/ImageWithFallback';
  17 | import { RFQForm } from '@/components/forms/rfq';
  18 |

Import traces:
  Client Component Browser:
    ./app/page.tsx [Client Component Browser]
    ./app/page.tsx [Server Component]

  Client Component SSR:
    ./app/page.tsx [Client Component SSR]
    ./app/page.tsx [Server Component]

https://nextjs.org/docs/messages/module-not-found @ http://localhost:3000/_next/static/chunks/5f34d_next_dist_253e5923._.js:1920
[  528780ms] [ERROR] ./app/page.tsx:7:1
Module not found: Can't resolve '@fortawesome/react-fontawesome'
   5 | import { HeroSlider } from '@/components/home/HeroSlider';
   6 | import { LogoScroller } from '@/components/home/LogoScroller';
>  7 | import { FontAwesomeIcon } from '@fortawesome/react-fontawesome';
     | ^^^^^^^^^^^^^^^^^^^^^^^^^^^^^^^^^^^^^^^^^^^^^^^^^^^^^^^^^^^^^^^^^
   8 | import {
   9 |   faBolt,
  10 |   faNetworkWired,

Import traces:
  Client Component Browser:
    ./app/page.tsx [Client Component Browser]
    ./app/page.tsx [Server Component]

  Client Component SSR:
    ./app/page.tsx [Client Component SSR]
    ./app/page.tsx [Server Component]

https://nextjs.org/docs/messages/module-not-found @ http://localhost:3000/_next/static/chunks/5f34d_next_dist_253e5923._.js:1920
[  528780ms] [ERROR] ./components/forms/rfq/RFQForm.tsx:5:1
Module not found: Can't resolve '@hookform/resolvers/zod'
  3 | import { useEffect, useRef } from 'react';
  4 | import { useForm } from 'react-hook-form';
> 5 | import { zodResolver } from '@hookform/resolvers/zod';
    | ^^^^^^^^^^^^^^^^^^^^^^^^^^^^^^^^^^^^^^^^^^^^^^^^^^^^^^
  6 | import { CheckCircle } from 'lucide-react';
  7 | import { rfqSchema, rfqPresetSchema, type RFQFormData, type RFQPresetFormData } from '@/lib/forms/schemas';
  8 | import { useFormSubmit } from '@/hooks/useFormSubmit';

Import traces:
  Client Component Browser:
    ./components/forms/rfq/RFQForm.tsx [Client Component Browser]
    ./app/page.tsx [Client Component Browser]
    ./app/page.tsx [Server Component]

  Client Component SSR:
    ./components/forms/rfq/RFQForm.tsx [Client Component SSR]
    ./app/page.tsx [Client Component SSR]
    ./app/page.tsx [Server Component]

https://nextjs.org/docs/messages/module-not-found @ http://localhost:3000/_next/static/chunks/5f34d_next_dist_253e5923._.js:1920
[  528781ms] [ERROR] ./lib/forms/schemas.ts:1:1
Module not found: Can't resolve 'zod'
> 1 | import { z } from 'zod';
    | ^^^^^^^^^^^^^^^^^^^^^^^^
  2 |
  3 | const baseFields = {
  4 |   firstName: z.string().min(1, 'First name is required'),

Import traces:
  Client Component Browser:
    ./lib/forms/schemas.ts [Client Component Browser]
    ./components/forms/rfq/RFQForm.tsx [Client Component Browser]
    ./app/page.tsx [Client Component Browser]
    ./app/page.tsx [Server Component]

  Client Component SSR:
    ./lib/forms/schemas.ts [Client Component SSR]
    ./components/forms/rfq/RFQForm.tsx [Client Component SSR]
    ./app/page.tsx [Client Component SSR]
    ./app/page.tsx [Server Component]

https://nextjs.org/docs/messages/module-not-found @ http://localhost:3000/_next/static/chunks/5f34d_next_dist_253e5923._.js:1920
[  528856ms] [ERROR] ./app/layout.tsx:3:1
Module not found: Can't resolve '@fortawesome/fontawesome-svg-core'
  1 | import type { Metadata } from "next";
  2 | import { Geist, Geist_Mono } from "next/font/google";
> 3 | import { config } from '@fortawesome/fontawesome-svg-core';
    | ^^^^^^^^^^^^^^^^^^^^^^^^^^^^^^^^^^^^^^^^^^^^^^^^^^^^^^^^^^^
  4 | import '@fortawesome/fontawesome-svg-core/styles.css';
  5 | import "./globals.css";
  6 | import { Header } from "@/components/layout/Header";

https://nextjs.org/docs/messages/module-not-found @ http://localhost:3000/_next/static/chunks/5f34d_next_dist_253e5923._.js:1920
[  528856ms] [ERROR] ./app/layout.tsx:4:1
Module not found: Can't resolve '@fortawesome/fontawesome-svg-core/styles.css'
  2 | import { Geist, Geist_Mono } from "next/font/google";
  3 | import { config } from '@fortawesome/fontawesome-svg-core';
> 4 | import '@fortawesome/fontawesome-svg-core/styles.css';
    | ^^^^^^^^^^^^^^^^^^^^^^^^^^^^^^^^^^^^^^^^^^^^^^^^^^^^^^
  5 | import "./globals.css";
  6 | import { Header } from "@/components/layout/Header";
  7 | import { Footer } from "@/components/layout/Footer";

https://nextjs.org/docs/messages/module-not-found @ http://localhost:3000/_next/static/chunks/5f34d_next_dist_253e5923._.js:1920
[  528856ms] [ERROR] ./app/page.tsx:8:1
Module not found: Can't resolve '@fortawesome/free-solid-svg-icons'
   6 | import { LogoScroller } from '@/components/home/LogoScroller';
   7 | import { FontAwesomeIcon } from '@fortawesome/react-fontawesome';
>  8 | import {
     | ^^^^^^^^
>  9 |   faBolt,
     | ^^^^^^^^^
> 10 |   faNetworkWired,
     | ^^^^^^^^^
> 11 |   faCode,
     | ^^^^^^^^^
> 12 |   faArrowRight,
     | ^^^^^^^^^
> 13 |   faCircleCheck,
     | ^^^^^^^^^
> 14 |   faChevronDown,
     | ^^^^^^^^^
> 15 | } from '@fortawesome/free-solid-svg-icons';
     | ^^^^^^^^^^^^^^^^^^^^^^^^^^^^^^^^^^^^^^^^^^^^
  16 | import { ImageWithFallback } from '@/components/shared/ImageWithFallback';
  17 | import { RFQForm } from '@/components/forms/rfq';
  18 |

Import traces:
  Client Component Browser:
    ./app/page.tsx [Client Component Browser]
    ./app/page.tsx [Server Component]

  Client Component SSR:
    ./app/page.tsx [Client Component SSR]
    ./app/page.tsx [Server Component]

https://nextjs.org/docs/messages/module-not-found @ http://localhost:3000/_next/static/chunks/5f34d_next_dist_253e5923._.js:1920
[  528856ms] [ERROR] ./app/page.tsx:7:1
Module not found: Can't resolve '@fortawesome/react-fontawesome'
   5 | import { HeroSlider } from '@/components/home/HeroSlider';
   6 | import { LogoScroller } from '@/components/home/LogoScroller';
>  7 | import { FontAwesomeIcon } from '@fortawesome/react-fontawesome';
     | ^^^^^^^^^^^^^^^^^^^^^^^^^^^^^^^^^^^^^^^^^^^^^^^^^^^^^^^^^^^^^^^^^
   8 | import {
   9 |   faBolt,
  10 |   faNetworkWired,

Import traces:
  Client Component Browser:
    ./app/page.tsx [Client Component Browser]
    ./app/page.tsx [Server Component]

  Client Component SSR:
    ./app/page.tsx [Client Component SSR]
    ./app/page.tsx [Server Component]

https://nextjs.org/docs/messages/module-not-found @ http://localhost:3000/_next/static/chunks/5f34d_next_dist_253e5923._.js:1920
[  528856ms] [ERROR] ./components/forms/rfq/RFQForm.tsx:5:1
Module not found: Can't resolve '@hookform/resolvers/zod'
  3 | import { useEffect, useRef } from 'react';
  4 | import { useForm } from 'react-hook-form';
> 5 | import { zodResolver } from '@hookform/resolvers/zod';
    | ^^^^^^^^^^^^^^^^^^^^^^^^^^^^^^^^^^^^^^^^^^^^^^^^^^^^^^
  6 | import { CheckCircle } from 'lucide-react';
  7 | import { rfqSchema, rfqPresetSchema, type RFQFormData, type RFQPresetFormData } from '@/lib/forms/schemas';
  8 | import { useFormSubmit } from '@/hooks/useFormSubmit';

Import traces:
  Client Component Browser:
    ./components/forms/rfq/RFQForm.tsx [Client Component Browser]
    ./app/page.tsx [Client Component Browser]
    ./app/page.tsx [Server Component]

  Client Component SSR:
    ./components/forms/rfq/RFQForm.tsx [Client Component SSR]
    ./app/page.tsx [Client Component SSR]
    ./app/page.tsx [Server Component]

https://nextjs.org/docs/messages/module-not-found @ http://localhost:3000/_next/static/chunks/5f34d_next_dist_253e5923._.js:1920
[  528856ms] [ERROR] ./lib/forms/schemas.ts:1:1
Module not found: Can't resolve 'zod'
> 1 | import { z } from 'zod';
    | ^^^^^^^^^^^^^^^^^^^^^^^^
  2 |
  3 | const baseFields = {
  4 |   firstName: z.string().min(1, 'First name is required'),

Import traces:
  Client Component Browser:
    ./lib/forms/schemas.ts [Client Component Browser]
    ./components/forms/rfq/RFQForm.tsx [Client Component Browser]
    ./app/page.tsx [Client Component Browser]
    ./app/page.tsx [Server Component]

  Client Component SSR:
    ./lib/forms/schemas.ts [Client Component SSR]
    ./components/forms/rfq/RFQForm.tsx [Client Component SSR]
    ./app/page.tsx [Client Component SSR]
    ./app/page.tsx [Server Component]

https://nextjs.org/docs/messages/module-not-found @ http://localhost:3000/_next/static/chunks/5f34d_next_dist_253e5923._.js:1920
[  528919ms] [ERROR] ./app/layout.tsx:3:1
Module not found: Can't resolve '@fortawesome/fontawesome-svg-core'
  1 | import type { Metadata } from "next";
  2 | import { Geist, Geist_Mono } from "next/font/google";
> 3 | import { config } from '@fortawesome/fontawesome-svg-core';
    | ^^^^^^^^^^^^^^^^^^^^^^^^^^^^^^^^^^^^^^^^^^^^^^^^^^^^^^^^^^^
  4 | import '@fortawesome/fontawesome-svg-core/styles.css';
  5 | import "./globals.css";
  6 | import { Header } from "@/components/layout/Header";

https://nextjs.org/docs/messages/module-not-found @ http://localhost:3000/_next/static/chunks/5f34d_next_dist_253e5923._.js:1920
[  528919ms] [ERROR] ./app/layout.tsx:4:1
Module not found: Can't resolve '@fortawesome/fontawesome-svg-core/styles.css'
  2 | import { Geist, Geist_Mono } from "next/font/google";
  3 | import { config } from '@fortawesome/fontawesome-svg-core';
> 4 | import '@fortawesome/fontawesome-svg-core/styles.css';
    | ^^^^^^^^^^^^^^^^^^^^^^^^^^^^^^^^^^^^^^^^^^^^^^^^^^^^^^
  5 | import "./globals.css";
  6 | import { Header } from "@/components/layout/Header";
  7 | import { Footer } from "@/components/layout/Footer";

https://nextjs.org/docs/messages/module-not-found @ http://localhost:3000/_next/static/chunks/5f34d_next_dist_253e5923._.js:1920
[  528919ms] [ERROR] ./app/page.tsx:8:1
Module not found: Can't resolve '@fortawesome/free-solid-svg-icons'
   6 | import { LogoScroller } from '@/components/home/LogoScroller';
   7 | import { FontAwesomeIcon } from '@fortawesome/react-fontawesome';
>  8 | import {
     | ^^^^^^^^
>  9 |   faBolt,
     | ^^^^^^^^^
> 10 |   faNetworkWired,
     | ^^^^^^^^^
> 11 |   faCode,
     | ^^^^^^^^^
> 12 |   faArrowRight,
     | ^^^^^^^^^
> 13 |   faCircleCheck,
     | ^^^^^^^^^
> 14 |   faChevronDown,
     | ^^^^^^^^^
> 15 | } from '@fortawesome/free-solid-svg-icons';
     | ^^^^^^^^^^^^^^^^^^^^^^^^^^^^^^^^^^^^^^^^^^^^
  16 | import { ImageWithFallback } from '@/components/shared/ImageWithFallback';
  17 | import { RFQForm } from '@/components/forms/rfq';
  18 |

Import traces:
  Client Component Browser:
    ./app/page.tsx [Client Component Browser]
    ./app/page.tsx [Server Component]

  Client Component SSR:
    ./app/page.tsx [Client Component SSR]
    ./app/page.tsx [Server Component]

https://nextjs.org/docs/messages/module-not-found @ http://localhost:3000/_next/static/chunks/5f34d_next_dist_253e5923._.js:1920
[  528920ms] [ERROR] ./app/page.tsx:7:1
Module not found: Can't resolve '@fortawesome/react-fontawesome'
   5 | import { HeroSlider } from '@/components/home/HeroSlider';
   6 | import { LogoScroller } from '@/components/home/LogoScroller';
>  7 | import { FontAwesomeIcon } from '@fortawesome/react-fontawesome';
     | ^^^^^^^^^^^^^^^^^^^^^^^^^^^^^^^^^^^^^^^^^^^^^^^^^^^^^^^^^^^^^^^^^
   8 | import {
   9 |   faBolt,
  10 |   faNetworkWired,

Import traces:
  Client Component Browser:
    ./app/page.tsx [Client Component Browser]
    ./app/page.tsx [Server Component]

  Client Component SSR:
    ./app/page.tsx [Client Component SSR]
    ./app/page.tsx [Server Component]

https://nextjs.org/docs/messages/module-not-found @ http://localhost:3000/_next/static/chunks/5f34d_next_dist_253e5923._.js:1920
[  528920ms] [ERROR] ./components/forms/rfq/RFQForm.tsx:5:1
Module not found: Can't resolve '@hookform/resolvers/zod'
  3 | import { useEffect, useRef } from 'react';
  4 | import { useForm } from 'react-hook-form';
> 5 | import { zodResolver } from '@hookform/resolvers/zod';
    | ^^^^^^^^^^^^^^^^^^^^^^^^^^^^^^^^^^^^^^^^^^^^^^^^^^^^^^
  6 | import { CheckCircle } from 'lucide-react';
  7 | import { rfqSchema, rfqPresetSchema, type RFQFormData, type RFQPresetFormData } from '@/lib/forms/schemas';
  8 | import { useFormSubmit } from '@/hooks/useFormSubmit';

Import traces:
  Client Component Browser:
    ./components/forms/rfq/RFQForm.tsx [Client Component Browser]
    ./app/page.tsx [Client Component Browser]
    ./app/page.tsx [Server Component]

  Client Component SSR:
    ./components/forms/rfq/RFQForm.tsx [Client Component SSR]
    ./app/page.tsx [Client Component SSR]
    ./app/page.tsx [Server Component]

https://nextjs.org/docs/messages/module-not-found @ http://localhost:3000/_next/static/chunks/5f34d_next_dist_253e5923._.js:1920
[  528920ms] [ERROR] ./lib/forms/schemas.ts:1:1
Module not found: Can't resolve 'zod'
> 1 | import { z } from 'zod';
    | ^^^^^^^^^^^^^^^^^^^^^^^^
  2 |
  3 | const baseFields = {
  4 |   firstName: z.string().min(1, 'First name is required'),

Import traces:
  Client Component Browser:
    ./lib/forms/schemas.ts [Client Component Browser]
    ./components/forms/rfq/RFQForm.tsx [Client Component Browser]
    ./app/page.tsx [Client Component Browser]
    ./app/page.tsx [Server Component]

  Client Component SSR:
    ./lib/forms/schemas.ts [Client Component SSR]
    ./components/forms/rfq/RFQForm.tsx [Client Component SSR]
    ./app/page.tsx [Client Component SSR]
    ./app/page.tsx [Server Component]

https://nextjs.org/docs/messages/module-not-found @ http://localhost:3000/_next/static/chunks/5f34d_next_dist_253e5923._.js:1920
[  528985ms] [ERROR] ./app/layout.tsx:3:1
Module not found: Can't resolve '@fortawesome/fontawesome-svg-core'
  1 | import type { Metadata } from "next";
  2 | import { Geist, Geist_Mono } from "next/font/google";
> 3 | import { config } from '@fortawesome/fontawesome-svg-core';
    | ^^^^^^^^^^^^^^^^^^^^^^^^^^^^^^^^^^^^^^^^^^^^^^^^^^^^^^^^^^^
  4 | import '@fortawesome/fontawesome-svg-core/styles.css';
  5 | import "./globals.css";
  6 | import { Header } from "@/components/layout/Header";

https://nextjs.org/docs/messages/module-not-found @ http://localhost:3000/_next/static/chunks/5f34d_next_dist_253e5923._.js:1920
[  528986ms] [ERROR] ./app/layout.tsx:4:1
Module not found: Can't resolve '@fortawesome/fontawesome-svg-core/styles.css'
  2 | import { Geist, Geist_Mono } from "next/font/google";
  3 | import { config } from '@fortawesome/fontawesome-svg-core';
> 4 | import '@fortawesome/fontawesome-svg-core/styles.css';
    | ^^^^^^^^^^^^^^^^^^^^^^^^^^^^^^^^^^^^^^^^^^^^^^^^^^^^^^
  5 | import "./globals.css";
  6 | import { Header } from "@/components/layout/Header";
  7 | import { Footer } from "@/components/layout/Footer";

https://nextjs.org/docs/messages/module-not-found @ http://localhost:3000/_next/static/chunks/5f34d_next_dist_253e5923._.js:1920
[  528986ms] [ERROR] ./app/page.tsx:8:1
Module not found: Can't resolve '@fortawesome/free-solid-svg-icons'
   6 | import { LogoScroller } from '@/components/home/LogoScroller';
   7 | import { FontAwesomeIcon } from '@fortawesome/react-fontawesome';
>  8 | import {
     | ^^^^^^^^
>  9 |   faBolt,
     | ^^^^^^^^^
> 10 |   faNetworkWired,
     | ^^^^^^^^^
> 11 |   faCode,
     | ^^^^^^^^^
> 12 |   faArrowRight,
     | ^^^^^^^^^
> 13 |   faCircleCheck,
     | ^^^^^^^^^
> 14 |   faChevronDown,
     | ^^^^^^^^^
> 15 | } from '@fortawesome/free-solid-svg-icons';
     | ^^^^^^^^^^^^^^^^^^^^^^^^^^^^^^^^^^^^^^^^^^^^
  16 | import { ImageWithFallback } from '@/components/shared/ImageWithFallback';
  17 | import { RFQForm } from '@/components/forms/rfq';
  18 |

Import traces:
  Client Component Browser:
    ./app/page.tsx [Client Component Browser]
    ./app/page.tsx [Server Component]

  Client Component SSR:
    ./app/page.tsx [Client Component SSR]
    ./app/page.tsx [Server Component]

https://nextjs.org/docs/messages/module-not-found @ http://localhost:3000/_next/static/chunks/5f34d_next_dist_253e5923._.js:1920
[  528986ms] [ERROR] ./app/page.tsx:7:1
Module not found: Can't resolve '@fortawesome/react-fontawesome'
   5 | import { HeroSlider } from '@/components/home/HeroSlider';
   6 | import { LogoScroller } from '@/components/home/LogoScroller';
>  7 | import { FontAwesomeIcon } from '@fortawesome/react-fontawesome';
     | ^^^^^^^^^^^^^^^^^^^^^^^^^^^^^^^^^^^^^^^^^^^^^^^^^^^^^^^^^^^^^^^^^
   8 | import {
   9 |   faBolt,
  10 |   faNetworkWired,

Import traces:
  Client Component Browser:
    ./app/page.tsx [Client Component Browser]
    ./app/page.tsx [Server Component]

  Client Component SSR:
    ./app/page.tsx [Client Component SSR]
    ./app/page.tsx [Server Component]

https://nextjs.org/docs/messages/module-not-found @ http://localhost:3000/_next/static/chunks/5f34d_next_dist_253e5923._.js:1920
[  528986ms] [ERROR] ./components/forms/rfq/RFQForm.tsx:5:1
Module not found: Can't resolve '@hookform/resolvers/zod'
  3 | import { useEffect, useRef } from 'react';
  4 | import { useForm } from 'react-hook-form';
> 5 | import { zodResolver } from '@hookform/resolvers/zod';
    | ^^^^^^^^^^^^^^^^^^^^^^^^^^^^^^^^^^^^^^^^^^^^^^^^^^^^^^
  6 | import { CheckCircle } from 'lucide-react';
  7 | import { rfqSchema, rfqPresetSchema, type RFQFormData, type RFQPresetFormData } from '@/lib/forms/schemas';
  8 | import { useFormSubmit } from '@/hooks/useFormSubmit';

Import traces:
  Client Component Browser:
    ./components/forms/rfq/RFQForm.tsx [Client Component Browser]
    ./app/page.tsx [Client Component Browser]
    ./app/page.tsx [Server Component]

  Client Component SSR:
    ./components/forms/rfq/RFQForm.tsx [Client Component SSR]
    ./app/page.tsx [Client Component SSR]
    ./app/page.tsx [Server Component]

https://nextjs.org/docs/messages/module-not-found @ http://localhost:3000/_next/static/chunks/5f34d_next_dist_253e5923._.js:1920
[  528986ms] [ERROR] ./lib/forms/schemas.ts:1:1
Module not found: Can't resolve 'zod'
> 1 | import { z } from 'zod';
    | ^^^^^^^^^^^^^^^^^^^^^^^^
  2 |
  3 | const baseFields = {
  4 |   firstName: z.string().min(1, 'First name is required'),

Import traces:
  Client Component Browser:
    ./lib/forms/schemas.ts [Client Component Browser]
    ./components/forms/rfq/RFQForm.tsx [Client Component Browser]
    ./app/page.tsx [Client Component Browser]
    ./app/page.tsx [Server Component]

  Client Component SSR:
    ./lib/forms/schemas.ts [Client Component SSR]
    ./components/forms/rfq/RFQForm.tsx [Client Component SSR]
    ./app/page.tsx [Client Component SSR]
    ./app/page.tsx [Server Component]

https://nextjs.org/docs/messages/module-not-found @ http://localhost:3000/_next/static/chunks/5f34d_next_dist_253e5923._.js:1920
[  529043ms] [ERROR] ./app/layout.tsx:3:1
Module not found: Can't resolve '@fortawesome/fontawesome-svg-core'
  1 | import type { Metadata } from "next";
  2 | import { Geist, Geist_Mono } from "next/font/google";
> 3 | import { config } from '@fortawesome/fontawesome-svg-core';
    | ^^^^^^^^^^^^^^^^^^^^^^^^^^^^^^^^^^^^^^^^^^^^^^^^^^^^^^^^^^^
  4 | import '@fortawesome/fontawesome-svg-core/styles.css';
  5 | import "./globals.css";
  6 | import { Header } from "@/components/layout/Header";

https://nextjs.org/docs/messages/module-not-found @ http://localhost:3000/_next/static/chunks/5f34d_next_dist_253e5923._.js:1920
[  529043ms] [ERROR] ./app/layout.tsx:4:1
Module not found: Can't resolve '@fortawesome/fontawesome-svg-core/styles.css'
  2 | import { Geist, Geist_Mono } from "next/font/google";
  3 | import { config } from '@fortawesome/fontawesome-svg-core';
> 4 | import '@fortawesome/fontawesome-svg-core/styles.css';
    | ^^^^^^^^^^^^^^^^^^^^^^^^^^^^^^^^^^^^^^^^^^^^^^^^^^^^^^
  5 | import "./globals.css";
  6 | import { Header } from "@/components/layout/Header";
  7 | import { Footer } from "@/components/layout/Footer";

https://nextjs.org/docs/messages/module-not-found @ http://localhost:3000/_next/static/chunks/5f34d_next_dist_253e5923._.js:1920
[  529043ms] [ERROR] ./app/page.tsx:8:1
Module not found: Can't resolve '@fortawesome/free-solid-svg-icons'
   6 | import { LogoScroller } from '@/components/home/LogoScroller';
   7 | import { FontAwesomeIcon } from '@fortawesome/react-fontawesome';
>  8 | import {
     | ^^^^^^^^
>  9 |   faBolt,
     | ^^^^^^^^^
> 10 |   faNetworkWired,
     | ^^^^^^^^^
> 11 |   faCode,
     | ^^^^^^^^^
> 12 |   faArrowRight,
     | ^^^^^^^^^
> 13 |   faCircleCheck,
     | ^^^^^^^^^
> 14 |   faChevronDown,
     | ^^^^^^^^^
> 15 | } from '@fortawesome/free-solid-svg-icons';
     | ^^^^^^^^^^^^^^^^^^^^^^^^^^^^^^^^^^^^^^^^^^^^
  16 | import { ImageWithFallback } from '@/components/shared/ImageWithFallback';
  17 | import { RFQForm } from '@/components/forms/rfq';
  18 |

Import traces:
  Client Component Browser:
    ./app/page.tsx [Client Component Browser]
    ./app/page.tsx [Server Component]

  Client Component SSR:
    ./app/page.tsx [Client Component SSR]
    ./app/page.tsx [Server Component]

https://nextjs.org/docs/messages/module-not-found @ http://localhost:3000/_next/static/chunks/5f34d_next_dist_253e5923._.js:1920
[  529044ms] [ERROR] ./app/page.tsx:7:1
Module not found: Can't resolve '@fortawesome/react-fontawesome'
   5 | import { HeroSlider } from '@/components/home/HeroSlider';
   6 | import { LogoScroller } from '@/components/home/LogoScroller';
>  7 | import { FontAwesomeIcon } from '@fortawesome/react-fontawesome';
     | ^^^^^^^^^^^^^^^^^^^^^^^^^^^^^^^^^^^^^^^^^^^^^^^^^^^^^^^^^^^^^^^^^
   8 | import {
   9 |   faBolt,
  10 |   faNetworkWired,

Import traces:
  Client Component Browser:
    ./app/page.tsx [Client Component Browser]
    ./app/page.tsx [Server Component]

  Client Component SSR:
    ./app/page.tsx [Client Component SSR]
    ./app/page.tsx [Server Component]

https://nextjs.org/docs/messages/module-not-found @ http://localhost:3000/_next/static/chunks/5f34d_next_dist_253e5923._.js:1920
[  529044ms] [ERROR] ./components/forms/rfq/RFQForm.tsx:5:1
Module not found: Can't resolve '@hookform/resolvers/zod'
  3 | import { useEffect, useRef } from 'react';
  4 | import { useForm } from 'react-hook-form';
> 5 | import { zodResolver } from '@hookform/resolvers/zod';
    | ^^^^^^^^^^^^^^^^^^^^^^^^^^^^^^^^^^^^^^^^^^^^^^^^^^^^^^
  6 | import { CheckCircle } from 'lucide-react';
  7 | import { rfqSchema, rfqPresetSchema, type RFQFormData, type RFQPresetFormData } from '@/lib/forms/schemas';
  8 | import { useFormSubmit } from '@/hooks/useFormSubmit';

Import traces:
  Client Component Browser:
    ./components/forms/rfq/RFQForm.tsx [Client Component Browser]
    ./app/page.tsx [Client Component Browser]
    ./app/page.tsx [Server Component]

  Client Component SSR:
    ./components/forms/rfq/RFQForm.tsx [Client Component SSR]
    ./app/page.tsx [Client Component SSR]
    ./app/page.tsx [Server Component]

https://nextjs.org/docs/messages/module-not-found @ http://localhost:3000/_next/static/chunks/5f34d_next_dist_253e5923._.js:1920
[  529044ms] [ERROR] ./lib/forms/schemas.ts:1:1
Module not found: Can't resolve 'zod'
> 1 | import { z } from 'zod';
    | ^^^^^^^^^^^^^^^^^^^^^^^^
  2 |
  3 | const baseFields = {
  4 |   firstName: z.string().min(1, 'First name is required'),

Import traces:
  Client Component Browser:
    ./lib/forms/schemas.ts [Client Component Browser]
    ./components/forms/rfq/RFQForm.tsx [Client Component Browser]
    ./app/page.tsx [Client Component Browser]
    ./app/page.tsx [Server Component]

  Client Component SSR:
    ./lib/forms/schemas.ts [Client Component SSR]
    ./components/forms/rfq/RFQForm.tsx [Client Component SSR]
    ./app/page.tsx [Client Component SSR]
    ./app/page.tsx [Server Component]

https://nextjs.org/docs/messages/module-not-found @ http://localhost:3000/_next/static/chunks/5f34d_next_dist_253e5923._.js:1920
[  529108ms] [ERROR] ./app/layout.tsx:3:1
Module not found: Can't resolve '@fortawesome/fontawesome-svg-core'
  1 | import type { Metadata } from "next";
  2 | import { Geist, Geist_Mono } from "next/font/google";
> 3 | import { config } from '@fortawesome/fontawesome-svg-core';
    | ^^^^^^^^^^^^^^^^^^^^^^^^^^^^^^^^^^^^^^^^^^^^^^^^^^^^^^^^^^^
  4 | import '@fortawesome/fontawesome-svg-core/styles.css';
  5 | import "./globals.css";
  6 | import { Header } from "@/components/layout/Header";

https://nextjs.org/docs/messages/module-not-found @ http://localhost:3000/_next/static/chunks/5f34d_next_dist_253e5923._.js:1920
[  529108ms] [ERROR] ./app/layout.tsx:4:1
Module not found: Can't resolve '@fortawesome/fontawesome-svg-core/styles.css'
  2 | import { Geist, Geist_Mono } from "next/font/google";
  3 | import { config } from '@fortawesome/fontawesome-svg-core';
> 4 | import '@fortawesome/fontawesome-svg-core/styles.css';
    | ^^^^^^^^^^^^^^^^^^^^^^^^^^^^^^^^^^^^^^^^^^^^^^^^^^^^^^
  5 | import "./globals.css";
  6 | import { Header } from "@/components/layout/Header";
  7 | import { Footer } from "@/components/layout/Footer";

https://nextjs.org/docs/messages/module-not-found @ http://localhost:3000/_next/static/chunks/5f34d_next_dist_253e5923._.js:1920
[  529108ms] [ERROR] ./app/page.tsx:8:1
Module not found: Can't resolve '@fortawesome/free-solid-svg-icons'
   6 | import { LogoScroller } from '@/components/home/LogoScroller';
   7 | import { FontAwesomeIcon } from '@fortawesome/react-fontawesome';
>  8 | import {
     | ^^^^^^^^
>  9 |   faBolt,
     | ^^^^^^^^^
> 10 |   faNetworkWired,
     | ^^^^^^^^^
> 11 |   faCode,
     | ^^^^^^^^^
> 12 |   faArrowRight,
     | ^^^^^^^^^
> 13 |   faCircleCheck,
     | ^^^^^^^^^
> 14 |   faChevronDown,
     | ^^^^^^^^^
> 15 | } from '@fortawesome/free-solid-svg-icons';
     | ^^^^^^^^^^^^^^^^^^^^^^^^^^^^^^^^^^^^^^^^^^^^
  16 | import { ImageWithFallback } from '@/components/shared/ImageWithFallback';
  17 | import { RFQForm } from '@/components/forms/rfq';
  18 |

Import traces:
  Client Component Browser:
    ./app/page.tsx [Client Component Browser]
    ./app/page.tsx [Server Component]

  Client Component SSR:
    ./app/page.tsx [Client Component SSR]
    ./app/page.tsx [Server Component]

https://nextjs.org/docs/messages/module-not-found @ http://localhost:3000/_next/static/chunks/5f34d_next_dist_253e5923._.js:1920
[  529109ms] [ERROR] ./app/page.tsx:7:1
Module not found: Can't resolve '@fortawesome/react-fontawesome'
   5 | import { HeroSlider } from '@/components/home/HeroSlider';
   6 | import { LogoScroller } from '@/components/home/LogoScroller';
>  7 | import { FontAwesomeIcon } from '@fortawesome/react-fontawesome';
     | ^^^^^^^^^^^^^^^^^^^^^^^^^^^^^^^^^^^^^^^^^^^^^^^^^^^^^^^^^^^^^^^^^
   8 | import {
   9 |   faBolt,
  10 |   faNetworkWired,

Import traces:
  Client Component Browser:
    ./app/page.tsx [Client Component Browser]
    ./app/page.tsx [Server Component]

  Client Component SSR:
    ./app/page.tsx [Client Component SSR]
    ./app/page.tsx [Server Component]

https://nextjs.org/docs/messages/module-not-found @ http://localhost:3000/_next/static/chunks/5f34d_next_dist_253e5923._.js:1920
[  529109ms] [ERROR] ./components/forms/rfq/RFQForm.tsx:5:1
Module not found: Can't resolve '@hookform/resolvers/zod'
  3 | import { useEffect, useRef } from 'react';
  4 | import { useForm } from 'react-hook-form';
> 5 | import { zodResolver } from '@hookform/resolvers/zod';
    | ^^^^^^^^^^^^^^^^^^^^^^^^^^^^^^^^^^^^^^^^^^^^^^^^^^^^^^
  6 | import { CheckCircle } from 'lucide-react';
  7 | import { rfqSchema, rfqPresetSchema, type RFQFormData, type RFQPresetFormData } from '@/lib/forms/schemas';
  8 | import { useFormSubmit } from '@/hooks/useFormSubmit';

Import traces:
  Client Component Browser:
    ./components/forms/rfq/RFQForm.tsx [Client Component Browser]
    ./app/page.tsx [Client Component Browser]
    ./app/page.tsx [Server Component]

  Client Component SSR:
    ./components/forms/rfq/RFQForm.tsx [Client Component SSR]
    ./app/page.tsx [Client Component SSR]
    ./app/page.tsx [Server Component]

https://nextjs.org/docs/messages/module-not-found @ http://localhost:3000/_next/static/chunks/5f34d_next_dist_253e5923._.js:1920
[  529109ms] [ERROR] ./lib/forms/schemas.ts:1:1
Module not found: Can't resolve 'zod'
> 1 | import { z } from 'zod';
    | ^^^^^^^^^^^^^^^^^^^^^^^^
  2 |
  3 | const baseFields = {
  4 |   firstName: z.string().min(1, 'First name is required'),

Import traces:
  Client Component Browser:
    ./lib/forms/schemas.ts [Client Component Browser]
    ./components/forms/rfq/RFQForm.tsx [Client Component Browser]
    ./app/page.tsx [Client Component Browser]
    ./app/page.tsx [Server Component]

  Client Component SSR:
    ./lib/forms/schemas.ts [Client Component SSR]
    ./components/forms/rfq/RFQForm.tsx [Client Component SSR]
    ./app/page.tsx [Client Component SSR]
    ./app/page.tsx [Server Component]

https://nextjs.org/docs/messages/module-not-found @ http://localhost:3000/_next/static/chunks/5f34d_next_dist_253e5923._.js:1920
[  529172ms] [ERROR] ./app/layout.tsx:3:1
Module not found: Can't resolve '@fortawesome/fontawesome-svg-core'
  1 | import type { Metadata } from "next";
  2 | import { Geist, Geist_Mono } from "next/font/google";
> 3 | import { config } from '@fortawesome/fontawesome-svg-core';
    | ^^^^^^^^^^^^^^^^^^^^^^^^^^^^^^^^^^^^^^^^^^^^^^^^^^^^^^^^^^^
  4 | import '@fortawesome/fontawesome-svg-core/styles.css';
  5 | import "./globals.css";
  6 | import { Header } from "@/components/layout/Header";

https://nextjs.org/docs/messages/module-not-found @ http://localhost:3000/_next/static/chunks/5f34d_next_dist_253e5923._.js:1920
[  529172ms] [ERROR] ./app/layout.tsx:4:1
Module not found: Can't resolve '@fortawesome/fontawesome-svg-core/styles.css'
  2 | import { Geist, Geist_Mono } from "next/font/google";
  3 | import { config } from '@fortawesome/fontawesome-svg-core';
> 4 | import '@fortawesome/fontawesome-svg-core/styles.css';
    | ^^^^^^^^^^^^^^^^^^^^^^^^^^^^^^^^^^^^^^^^^^^^^^^^^^^^^^
  5 | import "./globals.css";
  6 | import { Header } from "@/components/layout/Header";
  7 | import { Footer } from "@/components/layout/Footer";

https://nextjs.org/docs/messages/module-not-found @ http://localhost:3000/_next/static/chunks/5f34d_next_dist_253e5923._.js:1920
[  529172ms] [ERROR] ./app/page.tsx:8:1
Module not found: Can't resolve '@fortawesome/free-solid-svg-icons'
   6 | import { LogoScroller } from '@/components/home/LogoScroller';
   7 | import { FontAwesomeIcon } from '@fortawesome/react-fontawesome';
>  8 | import {
     | ^^^^^^^^
>  9 |   faBolt,
     | ^^^^^^^^^
> 10 |   faNetworkWired,
     | ^^^^^^^^^
> 11 |   faCode,
     | ^^^^^^^^^
> 12 |   faArrowRight,
     | ^^^^^^^^^
> 13 |   faCircleCheck,
     | ^^^^^^^^^
> 14 |   faChevronDown,
     | ^^^^^^^^^
> 15 | } from '@fortawesome/free-solid-svg-icons';
     | ^^^^^^^^^^^^^^^^^^^^^^^^^^^^^^^^^^^^^^^^^^^^
  16 | import { ImageWithFallback } from '@/components/shared/ImageWithFallback';
  17 | import { RFQForm } from '@/components/forms/rfq';
  18 |

Import traces:
  Client Component Browser:
    ./app/page.tsx [Client Component Browser]
    ./app/page.tsx [Server Component]

  Client Component SSR:
    ./app/page.tsx [Client Component SSR]
    ./app/page.tsx [Server Component]

https://nextjs.org/docs/messages/module-not-found @ http://localhost:3000/_next/static/chunks/5f34d_next_dist_253e5923._.js:1920
[  529172ms] [ERROR] ./app/page.tsx:7:1
Module not found: Can't resolve '@fortawesome/react-fontawesome'
   5 | import { HeroSlider } from '@/components/home/HeroSlider';
   6 | import { LogoScroller } from '@/components/home/LogoScroller';
>  7 | import { FontAwesomeIcon } from '@fortawesome/react-fontawesome';
     | ^^^^^^^^^^^^^^^^^^^^^^^^^^^^^^^^^^^^^^^^^^^^^^^^^^^^^^^^^^^^^^^^^
   8 | import {
   9 |   faBolt,
  10 |   faNetworkWired,

Import traces:
  Client Component Browser:
    ./app/page.tsx [Client Component Browser]
    ./app/page.tsx [Server Component]

  Client Component SSR:
    ./app/page.tsx [Client Component SSR]
    ./app/page.tsx [Server Component]

https://nextjs.org/docs/messages/module-not-found @ http://localhost:3000/_next/static/chunks/5f34d_next_dist_253e5923._.js:1920
[  529172ms] [ERROR] ./components/forms/rfq/RFQForm.tsx:5:1
Module not found: Can't resolve '@hookform/resolvers/zod'
  3 | import { useEffect, useRef } from 'react';
  4 | import { useForm } from 'react-hook-form';
> 5 | import { zodResolver } from '@hookform/resolvers/zod';
    | ^^^^^^^^^^^^^^^^^^^^^^^^^^^^^^^^^^^^^^^^^^^^^^^^^^^^^^
  6 | import { CheckCircle } from 'lucide-react';
  7 | import { rfqSchema, rfqPresetSchema, type RFQFormData, type RFQPresetFormData } from '@/lib/forms/schemas';
  8 | import { useFormSubmit } from '@/hooks/useFormSubmit';

Import traces:
  Client Component Browser:
    ./components/forms/rfq/RFQForm.tsx [Client Component Browser]
    ./app/page.tsx [Client Component Browser]
    ./app/page.tsx [Server Component]

  Client Component SSR:
    ./components/forms/rfq/RFQForm.tsx [Client Component SSR]
    ./app/page.tsx [Client Component SSR]
    ./app/page.tsx [Server Component]

https://nextjs.org/docs/messages/module-not-found @ http://localhost:3000/_next/static/chunks/5f34d_next_dist_253e5923._.js:1920
[  529172ms] [ERROR] ./lib/forms/schemas.ts:1:1
Module not found: Can't resolve 'zod'
> 1 | import { z } from 'zod';
    | ^^^^^^^^^^^^^^^^^^^^^^^^
  2 |
  3 | const baseFields = {
  4 |   firstName: z.string().min(1, 'First name is required'),

Import traces:
  Client Component Browser:
    ./lib/forms/schemas.ts [Client Component Browser]
    ./components/forms/rfq/RFQForm.tsx [Client Component Browser]
    ./app/page.tsx [Client Component Browser]
    ./app/page.tsx [Server Component]

  Client Component SSR:
    ./lib/forms/schemas.ts [Client Component SSR]
    ./components/forms/rfq/RFQForm.tsx [Client Component SSR]
    ./app/page.tsx [Client Component SSR]
    ./app/page.tsx [Server Component]

https://nextjs.org/docs/messages/module-not-found @ http://localhost:3000/_next/static/chunks/5f34d_next_dist_253e5923._.js:1920
[  529252ms] [ERROR] ./app/layout.tsx:3:1
Module not found: Can't resolve '@fortawesome/fontawesome-svg-core'
  1 | import type { Metadata } from "next";
  2 | import { Geist, Geist_Mono } from "next/font/google";
> 3 | import { config } from '@fortawesome/fontawesome-svg-core';
    | ^^^^^^^^^^^^^^^^^^^^^^^^^^^^^^^^^^^^^^^^^^^^^^^^^^^^^^^^^^^
  4 | import '@fortawesome/fontawesome-svg-core/styles.css';
  5 | import "./globals.css";
  6 | import { Header } from "@/components/layout/Header";

https://nextjs.org/docs/messages/module-not-found @ http://localhost:3000/_next/static/chunks/5f34d_next_dist_253e5923._.js:1920
[  529252ms] [ERROR] ./app/layout.tsx:4:1
Module not found: Can't resolve '@fortawesome/fontawesome-svg-core/styles.css'
  2 | import { Geist, Geist_Mono } from "next/font/google";
  3 | import { config } from '@fortawesome/fontawesome-svg-core';
> 4 | import '@fortawesome/fontawesome-svg-core/styles.css';
    | ^^^^^^^^^^^^^^^^^^^^^^^^^^^^^^^^^^^^^^^^^^^^^^^^^^^^^^
  5 | import "./globals.css";
  6 | import { Header } from "@/components/layout/Header";
  7 | import { Footer } from "@/components/layout/Footer";

https://nextjs.org/docs/messages/module-not-found @ http://localhost:3000/_next/static/chunks/5f34d_next_dist_253e5923._.js:1920
[  529252ms] [ERROR] ./app/page.tsx:8:1
Module not found: Can't resolve '@fortawesome/free-solid-svg-icons'
   6 | import { LogoScroller } from '@/components/home/LogoScroller';
   7 | import { FontAwesomeIcon } from '@fortawesome/react-fontawesome';
>  8 | import {
     | ^^^^^^^^
>  9 |   faBolt,
     | ^^^^^^^^^
> 10 |   faNetworkWired,
     | ^^^^^^^^^
> 11 |   faCode,
     | ^^^^^^^^^
> 12 |   faArrowRight,
     | ^^^^^^^^^
> 13 |   faCircleCheck,
     | ^^^^^^^^^
> 14 |   faChevronDown,
     | ^^^^^^^^^
> 15 | } from '@fortawesome/free-solid-svg-icons';
     | ^^^^^^^^^^^^^^^^^^^^^^^^^^^^^^^^^^^^^^^^^^^^
  16 | import { ImageWithFallback } from '@/components/shared/ImageWithFallback';
  17 | import { RFQForm } from '@/components/forms/rfq';
  18 |

Import traces:
  Client Component Browser:
    ./app/page.tsx [Client Component Browser]
    ./app/page.tsx [Server Component]

  Client Component SSR:
    ./app/page.tsx [Client Component SSR]
    ./app/page.tsx [Server Component]

https://nextjs.org/docs/messages/module-not-found @ http://localhost:3000/_next/static/chunks/5f34d_next_dist_253e5923._.js:1920
[  529252ms] [ERROR] ./app/page.tsx:7:1
Module not found: Can't resolve '@fortawesome/react-fontawesome'
   5 | import { HeroSlider } from '@/components/home/HeroSlider';
   6 | import { LogoScroller } from '@/components/home/LogoScroller';
>  7 | import { FontAwesomeIcon } from '@fortawesome/react-fontawesome';
     | ^^^^^^^^^^^^^^^^^^^^^^^^^^^^^^^^^^^^^^^^^^^^^^^^^^^^^^^^^^^^^^^^^
   8 | import {
   9 |   faBolt,
  10 |   faNetworkWired,

Import traces:
  Client Component Browser:
    ./app/page.tsx [Client Component Browser]
    ./app/page.tsx [Server Component]

  Client Component SSR:
    ./app/page.tsx [Client Component SSR]
    ./app/page.tsx [Server Component]

https://nextjs.org/docs/messages/module-not-found @ http://localhost:3000/_next/static/chunks/5f34d_next_dist_253e5923._.js:1920
[  529252ms] [ERROR] ./components/forms/rfq/RFQForm.tsx:5:1
Module not found: Can't resolve '@hookform/resolvers/zod'
  3 | import { useEffect, useRef } from 'react';
  4 | import { useForm } from 'react-hook-form';
> 5 | import { zodResolver } from '@hookform/resolvers/zod';
    | ^^^^^^^^^^^^^^^^^^^^^^^^^^^^^^^^^^^^^^^^^^^^^^^^^^^^^^
  6 | import { CheckCircle } from 'lucide-react';
  7 | import { rfqSchema, rfqPresetSchema, type RFQFormData, type RFQPresetFormData } from '@/lib/forms/schemas';
  8 | import { useFormSubmit } from '@/hooks/useFormSubmit';

Import traces:
  Client Component Browser:
    ./components/forms/rfq/RFQForm.tsx [Client Component Browser]
    ./app/page.tsx [Client Component Browser]
    ./app/page.tsx [Server Component]

  Client Component SSR:
    ./components/forms/rfq/RFQForm.tsx [Client Component SSR]
    ./app/page.tsx [Client Component SSR]
    ./app/page.tsx [Server Component]

https://nextjs.org/docs/messages/module-not-found @ http://localhost:3000/_next/static/chunks/5f34d_next_dist_253e5923._.js:1920
[  529252ms] [ERROR] ./lib/forms/schemas.ts:1:1
Module not found: Can't resolve 'zod'
> 1 | import { z } from 'zod';
    | ^^^^^^^^^^^^^^^^^^^^^^^^
  2 |
  3 | const baseFields = {
  4 |   firstName: z.string().min(1, 'First name is required'),

Import traces:
  Client Component Browser:
    ./lib/forms/schemas.ts [Client Component Browser]
    ./components/forms/rfq/RFQForm.tsx [Client Component Browser]
    ./app/page.tsx [Client Component Browser]
    ./app/page.tsx [Server Component]

  Client Component SSR:
    ./lib/forms/schemas.ts [Client Component SSR]
    ./components/forms/rfq/RFQForm.tsx [Client Component SSR]
    ./app/page.tsx [Client Component SSR]
    ./app/page.tsx [Server Component]

https://nextjs.org/docs/messages/module-not-found @ http://localhost:3000/_next/static/chunks/5f34d_next_dist_253e5923._.js:1920
[  529324ms] [ERROR] ./app/layout.tsx:3:1
Module not found: Can't resolve '@fortawesome/fontawesome-svg-core'
  1 | import type { Metadata } from "next";
  2 | import { Geist, Geist_Mono } from "next/font/google";
> 3 | import { config } from '@fortawesome/fontawesome-svg-core';
    | ^^^^^^^^^^^^^^^^^^^^^^^^^^^^^^^^^^^^^^^^^^^^^^^^^^^^^^^^^^^
  4 | import '@fortawesome/fontawesome-svg-core/styles.css';
  5 | import "./globals.css";
  6 | import { Header } from "@/components/layout/Header";

https://nextjs.org/docs/messages/module-not-found @ http://localhost:3000/_next/static/chunks/5f34d_next_dist_253e5923._.js:1920
[  529324ms] [ERROR] ./app/layout.tsx:4:1
Module not found: Can't resolve '@fortawesome/fontawesome-svg-core/styles.css'
  2 | import { Geist, Geist_Mono } from "next/font/google";
  3 | import { config } from '@fortawesome/fontawesome-svg-core';
> 4 | import '@fortawesome/fontawesome-svg-core/styles.css';
    | ^^^^^^^^^^^^^^^^^^^^^^^^^^^^^^^^^^^^^^^^^^^^^^^^^^^^^^
  5 | import "./globals.css";
  6 | import { Header } from "@/components/layout/Header";
  7 | import { Footer } from "@/components/layout/Footer";

https://nextjs.org/docs/messages/module-not-found @ http://localhost:3000/_next/static/chunks/5f34d_next_dist_253e5923._.js:1920
[  529325ms] [ERROR] ./app/page.tsx:8:1
Module not found: Can't resolve '@fortawesome/free-solid-svg-icons'
   6 | import { LogoScroller } from '@/components/home/LogoScroller';
   7 | import { FontAwesomeIcon } from '@fortawesome/react-fontawesome';
>  8 | import {
     | ^^^^^^^^
>  9 |   faBolt,
     | ^^^^^^^^^
> 10 |   faNetworkWired,
     | ^^^^^^^^^
> 11 |   faCode,
     | ^^^^^^^^^
> 12 |   faArrowRight,
     | ^^^^^^^^^
> 13 |   faCircleCheck,
     | ^^^^^^^^^
> 14 |   faChevronDown,
     | ^^^^^^^^^
> 15 | } from '@fortawesome/free-solid-svg-icons';
     | ^^^^^^^^^^^^^^^^^^^^^^^^^^^^^^^^^^^^^^^^^^^^
  16 | import { ImageWithFallback } from '@/components/shared/ImageWithFallback';
  17 | import { RFQForm } from '@/components/forms/rfq';
  18 |

Import traces:
  Client Component Browser:
    ./app/page.tsx [Client Component Browser]
    ./app/page.tsx [Server Component]

  Client Component SSR:
    ./app/page.tsx [Client Component SSR]
    ./app/page.tsx [Server Component]

https://nextjs.org/docs/messages/module-not-found @ http://localhost:3000/_next/static/chunks/5f34d_next_dist_253e5923._.js:1920
[  529325ms] [ERROR] ./app/page.tsx:7:1
Module not found: Can't resolve '@fortawesome/react-fontawesome'
   5 | import { HeroSlider } from '@/components/home/HeroSlider';
   6 | import { LogoScroller } from '@/components/home/LogoScroller';
>  7 | import { FontAwesomeIcon } from '@fortawesome/react-fontawesome';
     | ^^^^^^^^^^^^^^^^^^^^^^^^^^^^^^^^^^^^^^^^^^^^^^^^^^^^^^^^^^^^^^^^^
   8 | import {
   9 |   faBolt,
  10 |   faNetworkWired,

Import traces:
  Client Component Browser:
    ./app/page.tsx [Client Component Browser]
    ./app/page.tsx [Server Component]

  Client Component SSR:
    ./app/page.tsx [Client Component SSR]
    ./app/page.tsx [Server Component]

https://nextjs.org/docs/messages/module-not-found @ http://localhost:3000/_next/static/chunks/5f34d_next_dist_253e5923._.js:1920
[  529325ms] [ERROR] ./components/forms/rfq/RFQForm.tsx:5:1
Module not found: Can't resolve '@hookform/resolvers/zod'
  3 | import { useEffect, useRef } from 'react';
  4 | import { useForm } from 'react-hook-form';
> 5 | import { zodResolver } from '@hookform/resolvers/zod';
    | ^^^^^^^^^^^^^^^^^^^^^^^^^^^^^^^^^^^^^^^^^^^^^^^^^^^^^^
  6 | import { CheckCircle } from 'lucide-react';
  7 | import { rfqSchema, rfqPresetSchema, type RFQFormData, type RFQPresetFormData } from '@/lib/forms/schemas';
  8 | import { useFormSubmit } from '@/hooks/useFormSubmit';

Import traces:
  Client Component Browser:
    ./components/forms/rfq/RFQForm.tsx [Client Component Browser]
    ./app/page.tsx [Client Component Browser]
    ./app/page.tsx [Server Component]

  Client Component SSR:
    ./components/forms/rfq/RFQForm.tsx [Client Component SSR]
    ./app/page.tsx [Client Component SSR]
    ./app/page.tsx [Server Component]

https://nextjs.org/docs/messages/module-not-found @ http://localhost:3000/_next/static/chunks/5f34d_next_dist_253e5923._.js:1920
[  529325ms] [ERROR] ./lib/forms/schemas.ts:1:1
Module not found: Can't resolve 'zod'
> 1 | import { z } from 'zod';
    | ^^^^^^^^^^^^^^^^^^^^^^^^
  2 |
  3 | const baseFields = {
  4 |   firstName: z.string().min(1, 'First name is required'),

Import traces:
  Client Component Browser:
    ./lib/forms/schemas.ts [Client Component Browser]
    ./components/forms/rfq/RFQForm.tsx [Client Component Browser]
    ./app/page.tsx [Client Component Browser]
    ./app/page.tsx [Server Component]

  Client Component SSR:
    ./lib/forms/schemas.ts [Client Component SSR]
    ./components/forms/rfq/RFQForm.tsx [Client Component SSR]
    ./app/page.tsx [Client Component SSR]
    ./app/page.tsx [Server Component]

https://nextjs.org/docs/messages/module-not-found @ http://localhost:3000/_next/static/chunks/5f34d_next_dist_253e5923._.js:1920
[  529389ms] [ERROR] ./app/layout.tsx:3:1
Module not found: Can't resolve '@fortawesome/fontawesome-svg-core'
  1 | import type { Metadata } from "next";
  2 | import { Geist, Geist_Mono } from "next/font/google";
> 3 | import { config } from '@fortawesome/fontawesome-svg-core';
    | ^^^^^^^^^^^^^^^^^^^^^^^^^^^^^^^^^^^^^^^^^^^^^^^^^^^^^^^^^^^
  4 | import '@fortawesome/fontawesome-svg-core/styles.css';
  5 | import "./globals.css";
  6 | import { Header } from "@/components/layout/Header";

https://nextjs.org/docs/messages/module-not-found @ http://localhost:3000/_next/static/chunks/5f34d_next_dist_253e5923._.js:1920
[  529390ms] [ERROR] ./app/layout.tsx:4:1
Module not found: Can't resolve '@fortawesome/fontawesome-svg-core/styles.css'
  2 | import { Geist, Geist_Mono } from "next/font/google";
  3 | import { config } from '@fortawesome/fontawesome-svg-core';
> 4 | import '@fortawesome/fontawesome-svg-core/styles.css';
    | ^^^^^^^^^^^^^^^^^^^^^^^^^^^^^^^^^^^^^^^^^^^^^^^^^^^^^^
  5 | import "./globals.css";
  6 | import { Header } from "@/components/layout/Header";
  7 | import { Footer } from "@/components/layout/Footer";

https://nextjs.org/docs/messages/module-not-found @ http://localhost:3000/_next/static/chunks/5f34d_next_dist_253e5923._.js:1920
[  529390ms] [ERROR] ./app/page.tsx:8:1
Module not found: Can't resolve '@fortawesome/free-solid-svg-icons'
   6 | import { LogoScroller } from '@/components/home/LogoScroller';
   7 | import { FontAwesomeIcon } from '@fortawesome/react-fontawesome';
>  8 | import {
     | ^^^^^^^^
>  9 |   faBolt,
     | ^^^^^^^^^
> 10 |   faNetworkWired,
     | ^^^^^^^^^
> 11 |   faCode,
     | ^^^^^^^^^
> 12 |   faArrowRight,
     | ^^^^^^^^^
> 13 |   faCircleCheck,
     | ^^^^^^^^^
> 14 |   faChevronDown,
     | ^^^^^^^^^
> 15 | } from '@fortawesome/free-solid-svg-icons';
     | ^^^^^^^^^^^^^^^^^^^^^^^^^^^^^^^^^^^^^^^^^^^^
  16 | import { ImageWithFallback } from '@/components/shared/ImageWithFallback';
  17 | import { RFQForm } from '@/components/forms/rfq';
  18 |

Import traces:
  Client Component Browser:
    ./app/page.tsx [Client Component Browser]
    ./app/page.tsx [Server Component]

  Client Component SSR:
    ./app/page.tsx [Client Component SSR]
    ./app/page.tsx [Server Component]

https://nextjs.org/docs/messages/module-not-found @ http://localhost:3000/_next/static/chunks/5f34d_next_dist_253e5923._.js:1920
[  529390ms] [ERROR] ./app/page.tsx:7:1
Module not found: Can't resolve '@fortawesome/react-fontawesome'
   5 | import { HeroSlider } from '@/components/home/HeroSlider';
   6 | import { LogoScroller } from '@/components/home/LogoScroller';
>  7 | import { FontAwesomeIcon } from '@fortawesome/react-fontawesome';
     | ^^^^^^^^^^^^^^^^^^^^^^^^^^^^^^^^^^^^^^^^^^^^^^^^^^^^^^^^^^^^^^^^^
   8 | import {
   9 |   faBolt,
  10 |   faNetworkWired,

Import traces:
  Client Component Browser:
    ./app/page.tsx [Client Component Browser]
    ./app/page.tsx [Server Component]

  Client Component SSR:
    ./app/page.tsx [Client Component SSR]
    ./app/page.tsx [Server Component]

https://nextjs.org/docs/messages/module-not-found @ http://localhost:3000/_next/static/chunks/5f34d_next_dist_253e5923._.js:1920
[  529390ms] [ERROR] ./components/forms/rfq/RFQForm.tsx:5:1
Module not found: Can't resolve '@hookform/resolvers/zod'
  3 | import { useEffect, useRef } from 'react';
  4 | import { useForm } from 'react-hook-form';
> 5 | import { zodResolver } from '@hookform/resolvers/zod';
    | ^^^^^^^^^^^^^^^^^^^^^^^^^^^^^^^^^^^^^^^^^^^^^^^^^^^^^^
  6 | import { CheckCircle } from 'lucide-react';
  7 | import { rfqSchema, rfqPresetSchema, type RFQFormData, type RFQPresetFormData } from '@/lib/forms/schemas';
  8 | import { useFormSubmit } from '@/hooks/useFormSubmit';

Import traces:
  Client Component Browser:
    ./components/forms/rfq/RFQForm.tsx [Client Component Browser]
    ./app/page.tsx [Client Component Browser]
    ./app/page.tsx [Server Component]

  Client Component SSR:
    ./components/forms/rfq/RFQForm.tsx [Client Component SSR]
    ./app/page.tsx [Client Component SSR]
    ./app/page.tsx [Server Component]

https://nextjs.org/docs/messages/module-not-found @ http://localhost:3000/_next/static/chunks/5f34d_next_dist_253e5923._.js:1920
[  529390ms] [ERROR] ./lib/forms/schemas.ts:1:1
Module not found: Can't resolve 'zod'
> 1 | import { z } from 'zod';
    | ^^^^^^^^^^^^^^^^^^^^^^^^
  2 |
  3 | const baseFields = {
  4 |   firstName: z.string().min(1, 'First name is required'),

Import traces:
  Client Component Browser:
    ./lib/forms/schemas.ts [Client Component Browser]
    ./components/forms/rfq/RFQForm.tsx [Client Component Browser]
    ./app/page.tsx [Client Component Browser]
    ./app/page.tsx [Server Component]

  Client Component SSR:
    ./lib/forms/schemas.ts [Client Component SSR]
    ./components/forms/rfq/RFQForm.tsx [Client Component SSR]
    ./app/page.tsx [Client Component SSR]
    ./app/page.tsx [Server Component]

https://nextjs.org/docs/messages/module-not-found @ http://localhost:3000/_next/static/chunks/5f34d_next_dist_253e5923._.js:1920
[  529458ms] [ERROR] ./app/layout.tsx:3:1
Module not found: Can't resolve '@fortawesome/fontawesome-svg-core'
  1 | import type { Metadata } from "next";
  2 | import { Geist, Geist_Mono } from "next/font/google";
> 3 | import { config } from '@fortawesome/fontawesome-svg-core';
    | ^^^^^^^^^^^^^^^^^^^^^^^^^^^^^^^^^^^^^^^^^^^^^^^^^^^^^^^^^^^
  4 | import '@fortawesome/fontawesome-svg-core/styles.css';
  5 | import "./globals.css";
  6 | import { Header } from "@/components/layout/Header";

https://nextjs.org/docs/messages/module-not-found @ http://localhost:3000/_next/static/chunks/5f34d_next_dist_253e5923._.js:1920
[  529458ms] [ERROR] ./app/layout.tsx:4:1
Module not found: Can't resolve '@fortawesome/fontawesome-svg-core/styles.css'
  2 | import { Geist, Geist_Mono } from "next/font/google";
  3 | import { config } from '@fortawesome/fontawesome-svg-core';
> 4 | import '@fortawesome/fontawesome-svg-core/styles.css';
    | ^^^^^^^^^^^^^^^^^^^^^^^^^^^^^^^^^^^^^^^^^^^^^^^^^^^^^^
  5 | import "./globals.css";
  6 | import { Header } from "@/components/layout/Header";
  7 | import { Footer } from "@/components/layout/Footer";

https://nextjs.org/docs/messages/module-not-found @ http://localhost:3000/_next/static/chunks/5f34d_next_dist_253e5923._.js:1920
[  529459ms] [ERROR] ./app/page.tsx:8:1
Module not found: Can't resolve '@fortawesome/free-solid-svg-icons'
   6 | import { LogoScroller } from '@/components/home/LogoScroller';
   7 | import { FontAwesomeIcon } from '@fortawesome/react-fontawesome';
>  8 | import {
     | ^^^^^^^^
>  9 |   faBolt,
     | ^^^^^^^^^
> 10 |   faNetworkWired,
     | ^^^^^^^^^
> 11 |   faCode,
     | ^^^^^^^^^
> 12 |   faArrowRight,
     | ^^^^^^^^^
> 13 |   faCircleCheck,
     | ^^^^^^^^^
> 14 |   faChevronDown,
     | ^^^^^^^^^
> 15 | } from '@fortawesome/free-solid-svg-icons';
     | ^^^^^^^^^^^^^^^^^^^^^^^^^^^^^^^^^^^^^^^^^^^^
  16 | import { ImageWithFallback } from '@/components/shared/ImageWithFallback';
  17 | import { RFQForm } from '@/components/forms/rfq';
  18 |

Import traces:
  Client Component Browser:
    ./app/page.tsx [Client Component Browser]
    ./app/page.tsx [Server Component]

  Client Component SSR:
    ./app/page.tsx [Client Component SSR]
    ./app/page.tsx [Server Component]

https://nextjs.org/docs/messages/module-not-found @ http://localhost:3000/_next/static/chunks/5f34d_next_dist_253e5923._.js:1920
[  529459ms] [ERROR] ./app/page.tsx:7:1
Module not found: Can't resolve '@fortawesome/react-fontawesome'
   5 | import { HeroSlider } from '@/components/home/HeroSlider';
   6 | import { LogoScroller } from '@/components/home/LogoScroller';
>  7 | import { FontAwesomeIcon } from '@fortawesome/react-fontawesome';
     | ^^^^^^^^^^^^^^^^^^^^^^^^^^^^^^^^^^^^^^^^^^^^^^^^^^^^^^^^^^^^^^^^^
   8 | import {
   9 |   faBolt,
  10 |   faNetworkWired,

Import traces:
  Client Component Browser:
    ./app/page.tsx [Client Component Browser]
    ./app/page.tsx [Server Component]

  Client Component SSR:
    ./app/page.tsx [Client Component SSR]
    ./app/page.tsx [Server Component]

https://nextjs.org/docs/messages/module-not-found @ http://localhost:3000/_next/static/chunks/5f34d_next_dist_253e5923._.js:1920
[  529460ms] [ERROR] ./components/forms/rfq/RFQForm.tsx:5:1
Module not found: Can't resolve '@hookform/resolvers/zod'
  3 | import { useEffect, useRef } from 'react';
  4 | import { useForm } from 'react-hook-form';
> 5 | import { zodResolver } from '@hookform/resolvers/zod';
    | ^^^^^^^^^^^^^^^^^^^^^^^^^^^^^^^^^^^^^^^^^^^^^^^^^^^^^^
  6 | import { CheckCircle } from 'lucide-react';
  7 | import { rfqSchema, rfqPresetSchema, type RFQFormData, type RFQPresetFormData } from '@/lib/forms/schemas';
  8 | import { useFormSubmit } from '@/hooks/useFormSubmit';

Import traces:
  Client Component Browser:
    ./components/forms/rfq/RFQForm.tsx [Client Component Browser]
    ./app/page.tsx [Client Component Browser]
    ./app/page.tsx [Server Component]

  Client Component SSR:
    ./components/forms/rfq/RFQForm.tsx [Client Component SSR]
    ./app/page.tsx [Client Component SSR]
    ./app/page.tsx [Server Component]

https://nextjs.org/docs/messages/module-not-found @ http://localhost:3000/_next/static/chunks/5f34d_next_dist_253e5923._.js:1920
[  529460ms] [ERROR] ./lib/forms/schemas.ts:1:1
Module not found: Can't resolve 'zod'
> 1 | import { z } from 'zod';
    | ^^^^^^^^^^^^^^^^^^^^^^^^
  2 |
  3 | const baseFields = {
  4 |   firstName: z.string().min(1, 'First name is required'),

Import traces:
  Client Component Browser:
    ./lib/forms/schemas.ts [Client Component Browser]
    ./components/forms/rfq/RFQForm.tsx [Client Component Browser]
    ./app/page.tsx [Client Component Browser]
    ./app/page.tsx [Server Component]

  Client Component SSR:
    ./lib/forms/schemas.ts [Client Component SSR]
    ./components/forms/rfq/RFQForm.tsx [Client Component SSR]
    ./app/page.tsx [Client Component SSR]
    ./app/page.tsx [Server Component]

https://nextjs.org/docs/messages/module-not-found @ http://localhost:3000/_next/static/chunks/5f34d_next_dist_253e5923._.js:1920
[  529532ms] [ERROR] ./app/layout.tsx:3:1
Module not found: Can't resolve '@fortawesome/fontawesome-svg-core'
  1 | import type { Metadata } from "next";
  2 | import { Geist, Geist_Mono } from "next/font/google";
> 3 | import { config } from '@fortawesome/fontawesome-svg-core';
    | ^^^^^^^^^^^^^^^^^^^^^^^^^^^^^^^^^^^^^^^^^^^^^^^^^^^^^^^^^^^
  4 | import '@fortawesome/fontawesome-svg-core/styles.css';
  5 | import "./globals.css";
  6 | import { Header } from "@/components/layout/Header";

https://nextjs.org/docs/messages/module-not-found @ http://localhost:3000/_next/static/chunks/5f34d_next_dist_253e5923._.js:1920
[  529532ms] [ERROR] ./app/layout.tsx:4:1
Module not found: Can't resolve '@fortawesome/fontawesome-svg-core/styles.css'
  2 | import { Geist, Geist_Mono } from "next/font/google";
  3 | import { config } from '@fortawesome/fontawesome-svg-core';
> 4 | import '@fortawesome/fontawesome-svg-core/styles.css';
    | ^^^^^^^^^^^^^^^^^^^^^^^^^^^^^^^^^^^^^^^^^^^^^^^^^^^^^^
  5 | import "./globals.css";
  6 | import { Header } from "@/components/layout/Header";
  7 | import { Footer } from "@/components/layout/Footer";

https://nextjs.org/docs/messages/module-not-found @ http://localhost:3000/_next/static/chunks/5f34d_next_dist_253e5923._.js:1920
[  529533ms] [ERROR] ./app/page.tsx:8:1
Module not found: Can't resolve '@fortawesome/free-solid-svg-icons'
   6 | import { LogoScroller } from '@/components/home/LogoScroller';
   7 | import { FontAwesomeIcon } from '@fortawesome/react-fontawesome';
>  8 | import {
     | ^^^^^^^^
>  9 |   faBolt,
     | ^^^^^^^^^
> 10 |   faNetworkWired,
     | ^^^^^^^^^
> 11 |   faCode,
     | ^^^^^^^^^
> 12 |   faArrowRight,
     | ^^^^^^^^^
> 13 |   faCircleCheck,
     | ^^^^^^^^^
> 14 |   faChevronDown,
     | ^^^^^^^^^
> 15 | } from '@fortawesome/free-solid-svg-icons';
     | ^^^^^^^^^^^^^^^^^^^^^^^^^^^^^^^^^^^^^^^^^^^^
  16 | import { ImageWithFallback } from '@/components/shared/ImageWithFallback';
  17 | import { RFQForm } from '@/components/forms/rfq';
  18 |

Import traces:
  Client Component Browser:
    ./app/page.tsx [Client Component Browser]
    ./app/page.tsx [Server Component]

  Client Component SSR:
    ./app/page.tsx [Client Component SSR]
    ./app/page.tsx [Server Component]

https://nextjs.org/docs/messages/module-not-found @ http://localhost:3000/_next/static/chunks/5f34d_next_dist_253e5923._.js:1920
[  529533ms] [ERROR] ./app/page.tsx:7:1
Module not found: Can't resolve '@fortawesome/react-fontawesome'
   5 | import { HeroSlider } from '@/components/home/HeroSlider';
   6 | import { LogoScroller } from '@/components/home/LogoScroller';
>  7 | import { FontAwesomeIcon } from '@fortawesome/react-fontawesome';
     | ^^^^^^^^^^^^^^^^^^^^^^^^^^^^^^^^^^^^^^^^^^^^^^^^^^^^^^^^^^^^^^^^^
   8 | import {
   9 |   faBolt,
  10 |   faNetworkWired,

Import traces:
  Client Component Browser:
    ./app/page.tsx [Client Component Browser]
    ./app/page.tsx [Server Component]

  Client Component SSR:
    ./app/page.tsx [Client Component SSR]
    ./app/page.tsx [Server Component]

https://nextjs.org/docs/messages/module-not-found @ http://localhost:3000/_next/static/chunks/5f34d_next_dist_253e5923._.js:1920
[  529533ms] [ERROR] ./components/forms/rfq/RFQForm.tsx:5:1
Module not found: Can't resolve '@hookform/resolvers/zod'
  3 | import { useEffect, useRef } from 'react';
  4 | import { useForm } from 'react-hook-form';
> 5 | import { zodResolver } from '@hookform/resolvers/zod';
    | ^^^^^^^^^^^^^^^^^^^^^^^^^^^^^^^^^^^^^^^^^^^^^^^^^^^^^^
  6 | import { CheckCircle } from 'lucide-react';
  7 | import { rfqSchema, rfqPresetSchema, type RFQFormData, type RFQPresetFormData } from '@/lib/forms/schemas';
  8 | import { useFormSubmit } from '@/hooks/useFormSubmit';

Import traces:
  Client Component Browser:
    ./components/forms/rfq/RFQForm.tsx [Client Component Browser]
    ./app/page.tsx [Client Component Browser]
    ./app/page.tsx [Server Component]

  Client Component SSR:
    ./components/forms/rfq/RFQForm.tsx [Client Component SSR]
    ./app/page.tsx [Client Component SSR]
    ./app/page.tsx [Server Component]

https://nextjs.org/docs/messages/module-not-found @ http://localhost:3000/_next/static/chunks/5f34d_next_dist_253e5923._.js:1920
[  529533ms] [ERROR] ./lib/forms/schemas.ts:1:1
Module not found: Can't resolve 'zod'
> 1 | import { z } from 'zod';
    | ^^^^^^^^^^^^^^^^^^^^^^^^
  2 |
  3 | const baseFields = {
  4 |   firstName: z.string().min(1, 'First name is required'),

Import traces:
  Client Component Browser:
    ./lib/forms/schemas.ts [Client Component Browser]
    ./components/forms/rfq/RFQForm.tsx [Client Component Browser]
    ./app/page.tsx [Client Component Browser]
    ./app/page.tsx [Server Component]

  Client Component SSR:
    ./lib/forms/schemas.ts [Client Component SSR]
    ./components/forms/rfq/RFQForm.tsx [Client Component SSR]
    ./app/page.tsx [Client Component SSR]
    ./app/page.tsx [Server Component]

https://nextjs.org/docs/messages/module-not-found @ http://localhost:3000/_next/static/chunks/5f34d_next_dist_253e5923._.js:1920
[  529611ms] [ERROR] ./app/layout.tsx:3:1
Module not found: Can't resolve '@fortawesome/fontawesome-svg-core'
  1 | import type { Metadata } from "next";
  2 | import { Geist, Geist_Mono } from "next/font/google";
> 3 | import { config } from '@fortawesome/fontawesome-svg-core';
    | ^^^^^^^^^^^^^^^^^^^^^^^^^^^^^^^^^^^^^^^^^^^^^^^^^^^^^^^^^^^
  4 | import '@fortawesome/fontawesome-svg-core/styles.css';
  5 | import "./globals.css";
  6 | import { Header } from "@/components/layout/Header";

https://nextjs.org/docs/messages/module-not-found @ http://localhost:3000/_next/static/chunks/5f34d_next_dist_253e5923._.js:1920
[  529611ms] [ERROR] ./app/layout.tsx:4:1
Module not found: Can't resolve '@fortawesome/fontawesome-svg-core/styles.css'
  2 | import { Geist, Geist_Mono } from "next/font/google";
  3 | import { config } from '@fortawesome/fontawesome-svg-core';
> 4 | import '@fortawesome/fontawesome-svg-core/styles.css';
    | ^^^^^^^^^^^^^^^^^^^^^^^^^^^^^^^^^^^^^^^^^^^^^^^^^^^^^^
  5 | import "./globals.css";
  6 | import { Header } from "@/components/layout/Header";
  7 | import { Footer } from "@/components/layout/Footer";

https://nextjs.org/docs/messages/module-not-found @ http://localhost:3000/_next/static/chunks/5f34d_next_dist_253e5923._.js:1920
[  529611ms] [ERROR] ./app/page.tsx:8:1
Module not found: Can't resolve '@fortawesome/free-solid-svg-icons'
   6 | import { LogoScroller } from '@/components/home/LogoScroller';
   7 | import { FontAwesomeIcon } from '@fortawesome/react-fontawesome';
>  8 | import {
     | ^^^^^^^^
>  9 |   faBolt,
     | ^^^^^^^^^
> 10 |   faNetworkWired,
     | ^^^^^^^^^
> 11 |   faCode,
     | ^^^^^^^^^
> 12 |   faArrowRight,
     | ^^^^^^^^^
> 13 |   faCircleCheck,
     | ^^^^^^^^^
> 14 |   faChevronDown,
     | ^^^^^^^^^
> 15 | } from '@fortawesome/free-solid-svg-icons';
     | ^^^^^^^^^^^^^^^^^^^^^^^^^^^^^^^^^^^^^^^^^^^^
  16 | import { ImageWithFallback } from '@/components/shared/ImageWithFallback';
  17 | import { RFQForm } from '@/components/forms/rfq';
  18 |

Import traces:
  Client Component Browser:
    ./app/page.tsx [Client Component Browser]
    ./app/page.tsx [Server Component]

  Client Component SSR:
    ./app/page.tsx [Client Component SSR]
    ./app/page.tsx [Server Component]

https://nextjs.org/docs/messages/module-not-found @ http://localhost:3000/_next/static/chunks/5f34d_next_dist_253e5923._.js:1920
[  529611ms] [ERROR] ./app/page.tsx:7:1
Module not found: Can't resolve '@fortawesome/react-fontawesome'
   5 | import { HeroSlider } from '@/components/home/HeroSlider';
   6 | import { LogoScroller } from '@/components/home/LogoScroller';
>  7 | import { FontAwesomeIcon } from '@fortawesome/react-fontawesome';
     | ^^^^^^^^^^^^^^^^^^^^^^^^^^^^^^^^^^^^^^^^^^^^^^^^^^^^^^^^^^^^^^^^^
   8 | import {
   9 |   faBolt,
  10 |   faNetworkWired,

Import traces:
  Client Component Browser:
    ./app/page.tsx [Client Component Browser]
    ./app/page.tsx [Server Component]

  Client Component SSR:
    ./app/page.tsx [Client Component SSR]
    ./app/page.tsx [Server Component]

https://nextjs.org/docs/messages/module-not-found @ http://localhost:3000/_next/static/chunks/5f34d_next_dist_253e5923._.js:1920
[  529612ms] [ERROR] ./components/forms/rfq/RFQForm.tsx:5:1
Module not found: Can't resolve '@hookform/resolvers/zod'
  3 | import { useEffect, useRef } from 'react';
  4 | import { useForm } from 'react-hook-form';
> 5 | import { zodResolver } from '@hookform/resolvers/zod';
    | ^^^^^^^^^^^^^^^^^^^^^^^^^^^^^^^^^^^^^^^^^^^^^^^^^^^^^^
  6 | import { CheckCircle } from 'lucide-react';
  7 | import { rfqSchema, rfqPresetSchema, type RFQFormData, type RFQPresetFormData } from '@/lib/forms/schemas';
  8 | import { useFormSubmit } from '@/hooks/useFormSubmit';

Import traces:
  Client Component Browser:
    ./components/forms/rfq/RFQForm.tsx [Client Component Browser]
    ./app/page.tsx [Client Component Browser]
    ./app/page.tsx [Server Component]

  Client Component SSR:
    ./components/forms/rfq/RFQForm.tsx [Client Component SSR]
    ./app/page.tsx [Client Component SSR]
    ./app/page.tsx [Server Component]

https://nextjs.org/docs/messages/module-not-found @ http://localhost:3000/_next/static/chunks/5f34d_next_dist_253e5923._.js:1920
[  529612ms] [ERROR] ./lib/forms/schemas.ts:1:1
Module not found: Can't resolve 'zod'
> 1 | import { z } from 'zod';
    | ^^^^^^^^^^^^^^^^^^^^^^^^
  2 |
  3 | const baseFields = {
  4 |   firstName: z.string().min(1, 'First name is required'),

Import traces:
  Client Component Browser:
    ./lib/forms/schemas.ts [Client Component Browser]
    ./components/forms/rfq/RFQForm.tsx [Client Component Browser]
    ./app/page.tsx [Client Component Browser]
    ./app/page.tsx [Server Component]

  Client Component SSR:
    ./lib/forms/schemas.ts [Client Component SSR]
    ./components/forms/rfq/RFQForm.tsx [Client Component SSR]
    ./app/page.tsx [Client Component SSR]
    ./app/page.tsx [Server Component]

https://nextjs.org/docs/messages/module-not-found @ http://localhost:3000/_next/static/chunks/5f34d_next_dist_253e5923._.js:1920
[  529690ms] [ERROR] ./app/layout.tsx:3:1
Module not found: Can't resolve '@fortawesome/fontawesome-svg-core'
  1 | import type { Metadata } from "next";
  2 | import { Geist, Geist_Mono } from "next/font/google";
> 3 | import { config } from '@fortawesome/fontawesome-svg-core';
    | ^^^^^^^^^^^^^^^^^^^^^^^^^^^^^^^^^^^^^^^^^^^^^^^^^^^^^^^^^^^
  4 | import '@fortawesome/fontawesome-svg-core/styles.css';
  5 | import "./globals.css";
  6 | import { Header } from "@/components/layout/Header";

https://nextjs.org/docs/messages/module-not-found @ http://localhost:3000/_next/static/chunks/5f34d_next_dist_253e5923._.js:1920
[  529690ms] [ERROR] ./app/layout.tsx:4:1
Module not found: Can't resolve '@fortawesome/fontawesome-svg-core/styles.css'
  2 | import { Geist, Geist_Mono } from "next/font/google";
  3 | import { config } from '@fortawesome/fontawesome-svg-core';
> 4 | import '@fortawesome/fontawesome-svg-core/styles.css';
    | ^^^^^^^^^^^^^^^^^^^^^^^^^^^^^^^^^^^^^^^^^^^^^^^^^^^^^^
  5 | import "./globals.css";
  6 | import { Header } from "@/components/layout/Header";
  7 | import { Footer } from "@/components/layout/Footer";

https://nextjs.org/docs/messages/module-not-found @ http://localhost:3000/_next/static/chunks/5f34d_next_dist_253e5923._.js:1920
[  529690ms] [ERROR] ./app/page.tsx:8:1
Module not found: Can't resolve '@fortawesome/free-solid-svg-icons'
   6 | import { LogoScroller } from '@/components/home/LogoScroller';
   7 | import { FontAwesomeIcon } from '@fortawesome/react-fontawesome';
>  8 | import {
     | ^^^^^^^^
>  9 |   faBolt,
     | ^^^^^^^^^
> 10 |   faNetworkWired,
     | ^^^^^^^^^
> 11 |   faCode,
     | ^^^^^^^^^
> 12 |   faArrowRight,
     | ^^^^^^^^^
> 13 |   faCircleCheck,
     | ^^^^^^^^^
> 14 |   faChevronDown,
     | ^^^^^^^^^
> 15 | } from '@fortawesome/free-solid-svg-icons';
     | ^^^^^^^^^^^^^^^^^^^^^^^^^^^^^^^^^^^^^^^^^^^^
  16 | import { ImageWithFallback } from '@/components/shared/ImageWithFallback';
  17 | import { RFQForm } from '@/components/forms/rfq';
  18 |

Import traces:
  Client Component Browser:
    ./app/page.tsx [Client Component Browser]
    ./app/page.tsx [Server Component]

  Client Component SSR:
    ./app/page.tsx [Client Component SSR]
    ./app/page.tsx [Server Component]

https://nextjs.org/docs/messages/module-not-found @ http://localhost:3000/_next/static/chunks/5f34d_next_dist_253e5923._.js:1920
[  529690ms] [ERROR] ./app/page.tsx:7:1
Module not found: Can't resolve '@fortawesome/react-fontawesome'
   5 | import { HeroSlider } from '@/components/home/HeroSlider';
   6 | import { LogoScroller } from '@/components/home/LogoScroller';
>  7 | import { FontAwesomeIcon } from '@fortawesome/react-fontawesome';
     | ^^^^^^^^^^^^^^^^^^^^^^^^^^^^^^^^^^^^^^^^^^^^^^^^^^^^^^^^^^^^^^^^^
   8 | import {
   9 |   faBolt,
  10 |   faNetworkWired,

Import traces:
  Client Component Browser:
    ./app/page.tsx [Client Component Browser]
    ./app/page.tsx [Server Component]

  Client Component SSR:
    ./app/page.tsx [Client Component SSR]
    ./app/page.tsx [Server Component]

https://nextjs.org/docs/messages/module-not-found @ http://localhost:3000/_next/static/chunks/5f34d_next_dist_253e5923._.js:1920
[  529690ms] [ERROR] ./components/forms/rfq/RFQForm.tsx:5:1
Module not found: Can't resolve '@hookform/resolvers/zod'
  3 | import { useEffect, useRef } from 'react';
  4 | import { useForm } from 'react-hook-form';
> 5 | import { zodResolver } from '@hookform/resolvers/zod';
    | ^^^^^^^^^^^^^^^^^^^^^^^^^^^^^^^^^^^^^^^^^^^^^^^^^^^^^^
  6 | import { CheckCircle } from 'lucide-react';
  7 | import { rfqSchema, rfqPresetSchema, type RFQFormData, type RFQPresetFormData } from '@/lib/forms/schemas';
  8 | import { useFormSubmit } from '@/hooks/useFormSubmit';

Import traces:
  Client Component Browser:
    ./components/forms/rfq/RFQForm.tsx [Client Component Browser]
    ./app/page.tsx [Client Component Browser]
    ./app/page.tsx [Server Component]

  Client Component SSR:
    ./components/forms/rfq/RFQForm.tsx [Client Component SSR]
    ./app/page.tsx [Client Component SSR]
    ./app/page.tsx [Server Component]

https://nextjs.org/docs/messages/module-not-found @ http://localhost:3000/_next/static/chunks/5f34d_next_dist_253e5923._.js:1920
[  529690ms] [ERROR] ./lib/forms/schemas.ts:1:1
Module not found: Can't resolve 'zod'
> 1 | import { z } from 'zod';
    | ^^^^^^^^^^^^^^^^^^^^^^^^
  2 |
  3 | const baseFields = {
  4 |   firstName: z.string().min(1, 'First name is required'),

Import traces:
  Client Component Browser:
    ./lib/forms/schemas.ts [Client Component Browser]
    ./components/forms/rfq/RFQForm.tsx [Client Component Browser]
    ./app/page.tsx [Client Component Browser]
    ./app/page.tsx [Server Component]

  Client Component SSR:
    ./lib/forms/schemas.ts [Client Component SSR]
    ./components/forms/rfq/RFQForm.tsx [Client Component SSR]
    ./app/page.tsx [Client Component SSR]
    ./app/page.tsx [Server Component]

https://nextjs.org/docs/messages/module-not-found @ http://localhost:3000/_next/static/chunks/5f34d_next_dist_253e5923._.js:1920
[  529769ms] [ERROR] ./app/layout.tsx:3:1
Module not found: Can't resolve '@fortawesome/fontawesome-svg-core'
  1 | import type { Metadata } from "next";
  2 | import { Geist, Geist_Mono } from "next/font/google";
> 3 | import { config } from '@fortawesome/fontawesome-svg-core';
    | ^^^^^^^^^^^^^^^^^^^^^^^^^^^^^^^^^^^^^^^^^^^^^^^^^^^^^^^^^^^
  4 | import '@fortawesome/fontawesome-svg-core/styles.css';
  5 | import "./globals.css";
  6 | import { Header } from "@/components/layout/Header";

https://nextjs.org/docs/messages/module-not-found @ http://localhost:3000/_next/static/chunks/5f34d_next_dist_253e5923._.js:1920
[  529769ms] [ERROR] ./app/layout.tsx:4:1
Module not found: Can't resolve '@fortawesome/fontawesome-svg-core/styles.css'
  2 | import { Geist, Geist_Mono } from "next/font/google";
  3 | import { config } from '@fortawesome/fontawesome-svg-core';
> 4 | import '@fortawesome/fontawesome-svg-core/styles.css';
    | ^^^^^^^^^^^^^^^^^^^^^^^^^^^^^^^^^^^^^^^^^^^^^^^^^^^^^^
  5 | import "./globals.css";
  6 | import { Header } from "@/components/layout/Header";
  7 | import { Footer } from "@/components/layout/Footer";

https://nextjs.org/docs/messages/module-not-found @ http://localhost:3000/_next/static/chunks/5f34d_next_dist_253e5923._.js:1920
[  529769ms] [ERROR] ./app/page.tsx:8:1
Module not found: Can't resolve '@fortawesome/free-solid-svg-icons'
   6 | import { LogoScroller } from '@/components/home/LogoScroller';
   7 | import { FontAwesomeIcon } from '@fortawesome/react-fontawesome';
>  8 | import {
     | ^^^^^^^^
>  9 |   faBolt,
     | ^^^^^^^^^
> 10 |   faNetworkWired,
     | ^^^^^^^^^
> 11 |   faCode,
     | ^^^^^^^^^
> 12 |   faArrowRight,
     | ^^^^^^^^^
> 13 |   faCircleCheck,
     | ^^^^^^^^^
> 14 |   faChevronDown,
     | ^^^^^^^^^
> 15 | } from '@fortawesome/free-solid-svg-icons';
     | ^^^^^^^^^^^^^^^^^^^^^^^^^^^^^^^^^^^^^^^^^^^^
  16 | import { ImageWithFallback } from '@/components/shared/ImageWithFallback';
  17 | import { RFQForm } from '@/components/forms/rfq';
  18 |

Import traces:
  Client Component Browser:
    ./app/page.tsx [Client Component Browser]
    ./app/page.tsx [Server Component]

  Client Component SSR:
    ./app/page.tsx [Client Component SSR]
    ./app/page.tsx [Server Component]

https://nextjs.org/docs/messages/module-not-found @ http://localhost:3000/_next/static/chunks/5f34d_next_dist_253e5923._.js:1920
[  529769ms] [ERROR] ./app/page.tsx:7:1
Module not found: Can't resolve '@fortawesome/react-fontawesome'
   5 | import { HeroSlider } from '@/components/home/HeroSlider';
   6 | import { LogoScroller } from '@/components/home/LogoScroller';
>  7 | import { FontAwesomeIcon } from '@fortawesome/react-fontawesome';
     | ^^^^^^^^^^^^^^^^^^^^^^^^^^^^^^^^^^^^^^^^^^^^^^^^^^^^^^^^^^^^^^^^^
   8 | import {
   9 |   faBolt,
  10 |   faNetworkWired,

Import traces:
  Client Component Browser:
    ./app/page.tsx [Client Component Browser]
    ./app/page.tsx [Server Component]

  Client Component SSR:
    ./app/page.tsx [Client Component SSR]
    ./app/page.tsx [Server Component]

https://nextjs.org/docs/messages/module-not-found @ http://localhost:3000/_next/static/chunks/5f34d_next_dist_253e5923._.js:1920
[  529769ms] [ERROR] ./components/forms/rfq/RFQForm.tsx:5:1
Module not found: Can't resolve '@hookform/resolvers/zod'
  3 | import { useEffect, useRef } from 'react';
  4 | import { useForm } from 'react-hook-form';
> 5 | import { zodResolver } from '@hookform/resolvers/zod';
    | ^^^^^^^^^^^^^^^^^^^^^^^^^^^^^^^^^^^^^^^^^^^^^^^^^^^^^^
  6 | import { CheckCircle } from 'lucide-react';
  7 | import { rfqSchema, rfqPresetSchema, type RFQFormData, type RFQPresetFormData } from '@/lib/forms/schemas';
  8 | import { useFormSubmit } from '@/hooks/useFormSubmit';

Import traces:
  Client Component Browser:
    ./components/forms/rfq/RFQForm.tsx [Client Component Browser]
    ./app/page.tsx [Client Component Browser]
    ./app/page.tsx [Server Component]

  Client Component SSR:
    ./components/forms/rfq/RFQForm.tsx [Client Component SSR]
    ./app/page.tsx [Client Component SSR]
    ./app/page.tsx [Server Component]

https://nextjs.org/docs/messages/module-not-found @ http://localhost:3000/_next/static/chunks/5f34d_next_dist_253e5923._.js:1920
[  529769ms] [ERROR] ./lib/forms/schemas.ts:1:1
Module not found: Can't resolve 'zod'
> 1 | import { z } from 'zod';
    | ^^^^^^^^^^^^^^^^^^^^^^^^
  2 |
  3 | const baseFields = {
  4 |   firstName: z.string().min(1, 'First name is required'),

Import traces:
  Client Component Browser:
    ./lib/forms/schemas.ts [Client Component Browser]
    ./components/forms/rfq/RFQForm.tsx [Client Component Browser]
    ./app/page.tsx [Client Component Browser]
    ./app/page.tsx [Server Component]

  Client Component SSR:
    ./lib/forms/schemas.ts [Client Component SSR]
    ./components/forms/rfq/RFQForm.tsx [Client Component SSR]
    ./app/page.tsx [Client Component SSR]
    ./app/page.tsx [Server Component]

https://nextjs.org/docs/messages/module-not-found @ http://localhost:3000/_next/static/chunks/5f34d_next_dist_253e5923._.js:1920
[  529844ms] [ERROR] ./app/layout.tsx:3:1
Module not found: Can't resolve '@fortawesome/fontawesome-svg-core'
  1 | import type { Metadata } from "next";
  2 | import { Geist, Geist_Mono } from "next/font/google";
> 3 | import { config } from '@fortawesome/fontawesome-svg-core';
    | ^^^^^^^^^^^^^^^^^^^^^^^^^^^^^^^^^^^^^^^^^^^^^^^^^^^^^^^^^^^
  4 | import '@fortawesome/fontawesome-svg-core/styles.css';
  5 | import "./globals.css";
  6 | import { Header } from "@/components/layout/Header";

https://nextjs.org/docs/messages/module-not-found @ http://localhost:3000/_next/static/chunks/5f34d_next_dist_253e5923._.js:1920
[  529844ms] [ERROR] ./app/layout.tsx:4:1
Module not found: Can't resolve '@fortawesome/fontawesome-svg-core/styles.css'
  2 | import { Geist, Geist_Mono } from "next/font/google";
  3 | import { config } from '@fortawesome/fontawesome-svg-core';
> 4 | import '@fortawesome/fontawesome-svg-core/styles.css';
    | ^^^^^^^^^^^^^^^^^^^^^^^^^^^^^^^^^^^^^^^^^^^^^^^^^^^^^^
  5 | import "./globals.css";
  6 | import { Header } from "@/components/layout/Header";
  7 | import { Footer } from "@/components/layout/Footer";

https://nextjs.org/docs/messages/module-not-found @ http://localhost:3000/_next/static/chunks/5f34d_next_dist_253e5923._.js:1920
[  529844ms] [ERROR] ./app/page.tsx:8:1
Module not found: Can't resolve '@fortawesome/free-solid-svg-icons'
   6 | import { LogoScroller } from '@/components/home/LogoScroller';
   7 | import { FontAwesomeIcon } from '@fortawesome/react-fontawesome';
>  8 | import {
     | ^^^^^^^^
>  9 |   faBolt,
     | ^^^^^^^^^
> 10 |   faNetworkWired,
     | ^^^^^^^^^
> 11 |   faCode,
     | ^^^^^^^^^
> 12 |   faArrowRight,
     | ^^^^^^^^^
> 13 |   faCircleCheck,
     | ^^^^^^^^^
> 14 |   faChevronDown,
     | ^^^^^^^^^
> 15 | } from '@fortawesome/free-solid-svg-icons';
     | ^^^^^^^^^^^^^^^^^^^^^^^^^^^^^^^^^^^^^^^^^^^^
  16 | import { ImageWithFallback } from '@/components/shared/ImageWithFallback';
  17 | import { RFQForm } from '@/components/forms/rfq';
  18 |

Import traces:
  Client Component Browser:
    ./app/page.tsx [Client Component Browser]
    ./app/page.tsx [Server Component]

  Client Component SSR:
    ./app/page.tsx [Client Component SSR]
    ./app/page.tsx [Server Component]

https://nextjs.org/docs/messages/module-not-found @ http://localhost:3000/_next/static/chunks/5f34d_next_dist_253e5923._.js:1920
[  529844ms] [ERROR] ./app/page.tsx:7:1
Module not found: Can't resolve '@fortawesome/react-fontawesome'
   5 | import { HeroSlider } from '@/components/home/HeroSlider';
   6 | import { LogoScroller } from '@/components/home/LogoScroller';
>  7 | import { FontAwesomeIcon } from '@fortawesome/react-fontawesome';
     | ^^^^^^^^^^^^^^^^^^^^^^^^^^^^^^^^^^^^^^^^^^^^^^^^^^^^^^^^^^^^^^^^^
   8 | import {
   9 |   faBolt,
  10 |   faNetworkWired,

Import traces:
  Client Component Browser:
    ./app/page.tsx [Client Component Browser]
    ./app/page.tsx [Server Component]

  Client Component SSR:
    ./app/page.tsx [Client Component SSR]
    ./app/page.tsx [Server Component]

https://nextjs.org/docs/messages/module-not-found @ http://localhost:3000/_next/static/chunks/5f34d_next_dist_253e5923._.js:1920
[  529844ms] [ERROR] ./components/forms/rfq/RFQForm.tsx:5:1
Module not found: Can't resolve '@hookform/resolvers/zod'
  3 | import { useEffect, useRef } from 'react';
  4 | import { useForm } from 'react-hook-form';
> 5 | import { zodResolver } from '@hookform/resolvers/zod';
    | ^^^^^^^^^^^^^^^^^^^^^^^^^^^^^^^^^^^^^^^^^^^^^^^^^^^^^^
  6 | import { CheckCircle } from 'lucide-react';
  7 | import { rfqSchema, rfqPresetSchema, type RFQFormData, type RFQPresetFormData } from '@/lib/forms/schemas';
  8 | import { useFormSubmit } from '@/hooks/useFormSubmit';

Import traces:
  Client Component Browser:
    ./components/forms/rfq/RFQForm.tsx [Client Component Browser]
    ./app/page.tsx [Client Component Browser]
    ./app/page.tsx [Server Component]

  Client Component SSR:
    ./components/forms/rfq/RFQForm.tsx [Client Component SSR]
    ./app/page.tsx [Client Component SSR]
    ./app/page.tsx [Server Component]

https://nextjs.org/docs/messages/module-not-found @ http://localhost:3000/_next/static/chunks/5f34d_next_dist_253e5923._.js:1920
[  529844ms] [ERROR] ./lib/forms/schemas.ts:1:1
Module not found: Can't resolve 'zod'
> 1 | import { z } from 'zod';
    | ^^^^^^^^^^^^^^^^^^^^^^^^
  2 |
  3 | const baseFields = {
  4 |   firstName: z.string().min(1, 'First name is required'),

Import traces:
  Client Component Browser:
    ./lib/forms/schemas.ts [Client Component Browser]
    ./components/forms/rfq/RFQForm.tsx [Client Component Browser]
    ./app/page.tsx [Client Component Browser]
    ./app/page.tsx [Server Component]

  Client Component SSR:
    ./lib/forms/schemas.ts [Client Component SSR]
    ./components/forms/rfq/RFQForm.tsx [Client Component SSR]
    ./app/page.tsx [Client Component SSR]
    ./app/page.tsx [Server Component]

https://nextjs.org/docs/messages/module-not-found @ http://localhost:3000/_next/static/chunks/5f34d_next_dist_253e5923._.js:1920
[  529924ms] [ERROR] ./app/layout.tsx:3:1
Module not found: Can't resolve '@fortawesome/fontawesome-svg-core'
  1 | import type { Metadata } from "next";
  2 | import { Geist, Geist_Mono } from "next/font/google";
> 3 | import { config } from '@fortawesome/fontawesome-svg-core';
    | ^^^^^^^^^^^^^^^^^^^^^^^^^^^^^^^^^^^^^^^^^^^^^^^^^^^^^^^^^^^
  4 | import '@fortawesome/fontawesome-svg-core/styles.css';
  5 | import "./globals.css";
  6 | import { Header } from "@/components/layout/Header";

https://nextjs.org/docs/messages/module-not-found @ http://localhost:3000/_next/static/chunks/5f34d_next_dist_253e5923._.js:1920
[  529924ms] [ERROR] ./app/layout.tsx:4:1
Module not found: Can't resolve '@fortawesome/fontawesome-svg-core/styles.css'
  2 | import { Geist, Geist_Mono } from "next/font/google";
  3 | import { config } from '@fortawesome/fontawesome-svg-core';
> 4 | import '@fortawesome/fontawesome-svg-core/styles.css';
    | ^^^^^^^^^^^^^^^^^^^^^^^^^^^^^^^^^^^^^^^^^^^^^^^^^^^^^^
  5 | import "./globals.css";
  6 | import { Header } from "@/components/layout/Header";
  7 | import { Footer } from "@/components/layout/Footer";

https://nextjs.org/docs/messages/module-not-found @ http://localhost:3000/_next/static/chunks/5f34d_next_dist_253e5923._.js:1920
[  529924ms] [ERROR] ./app/page.tsx:8:1
Module not found: Can't resolve '@fortawesome/free-solid-svg-icons'
   6 | import { LogoScroller } from '@/components/home/LogoScroller';
   7 | import { FontAwesomeIcon } from '@fortawesome/react-fontawesome';
>  8 | import {
     | ^^^^^^^^
>  9 |   faBolt,
     | ^^^^^^^^^
> 10 |   faNetworkWired,
     | ^^^^^^^^^
> 11 |   faCode,
     | ^^^^^^^^^
> 12 |   faArrowRight,
     | ^^^^^^^^^
> 13 |   faCircleCheck,
     | ^^^^^^^^^
> 14 |   faChevronDown,
     | ^^^^^^^^^
> 15 | } from '@fortawesome/free-solid-svg-icons';
     | ^^^^^^^^^^^^^^^^^^^^^^^^^^^^^^^^^^^^^^^^^^^^
  16 | import { ImageWithFallback } from '@/components/shared/ImageWithFallback';
  17 | import { RFQForm } from '@/components/forms/rfq';
  18 |

Import traces:
  Client Component Browser:
    ./app/page.tsx [Client Component Browser]
    ./app/page.tsx [Server Component]

  Client Component SSR:
    ./app/page.tsx [Client Component SSR]
    ./app/page.tsx [Server Component]

https://nextjs.org/docs/messages/module-not-found @ http://localhost:3000/_next/static/chunks/5f34d_next_dist_253e5923._.js:1920
[  529924ms] [ERROR] ./app/page.tsx:7:1
Module not found: Can't resolve '@fortawesome/react-fontawesome'
   5 | import { HeroSlider } from '@/components/home/HeroSlider';
   6 | import { LogoScroller } from '@/components/home/LogoScroller';
>  7 | import { FontAwesomeIcon } from '@fortawesome/react-fontawesome';
     | ^^^^^^^^^^^^^^^^^^^^^^^^^^^^^^^^^^^^^^^^^^^^^^^^^^^^^^^^^^^^^^^^^
   8 | import {
   9 |   faBolt,
  10 |   faNetworkWired,

Import traces:
  Client Component Browser:
    ./app/page.tsx [Client Component Browser]
    ./app/page.tsx [Server Component]

  Client Component SSR:
    ./app/page.tsx [Client Component SSR]
    ./app/page.tsx [Server Component]

https://nextjs.org/docs/messages/module-not-found @ http://localhost:3000/_next/static/chunks/5f34d_next_dist_253e5923._.js:1920
[  529924ms] [ERROR] ./components/forms/rfq/RFQForm.tsx:5:1
Module not found: Can't resolve '@hookform/resolvers/zod'
  3 | import { useEffect, useRef } from 'react';
  4 | import { useForm } from 'react-hook-form';
> 5 | import { zodResolver } from '@hookform/resolvers/zod';
    | ^^^^^^^^^^^^^^^^^^^^^^^^^^^^^^^^^^^^^^^^^^^^^^^^^^^^^^
  6 | import { CheckCircle } from 'lucide-react';
  7 | import { rfqSchema, rfqPresetSchema, type RFQFormData, type RFQPresetFormData } from '@/lib/forms/schemas';
  8 | import { useFormSubmit } from '@/hooks/useFormSubmit';

Import traces:
  Client Component Browser:
    ./components/forms/rfq/RFQForm.tsx [Client Component Browser]
    ./app/page.tsx [Client Component Browser]
    ./app/page.tsx [Server Component]

  Client Component SSR:
    ./components/forms/rfq/RFQForm.tsx [Client Component SSR]
    ./app/page.tsx [Client Component SSR]
    ./app/page.tsx [Server Component]

https://nextjs.org/docs/messages/module-not-found @ http://localhost:3000/_next/static/chunks/5f34d_next_dist_253e5923._.js:1920
[  529924ms] [ERROR] ./lib/forms/schemas.ts:1:1
Module not found: Can't resolve 'zod'
> 1 | import { z } from 'zod';
    | ^^^^^^^^^^^^^^^^^^^^^^^^
  2 |
  3 | const baseFields = {
  4 |   firstName: z.string().min(1, 'First name is required'),

Import traces:
  Client Component Browser:
    ./lib/forms/schemas.ts [Client Component Browser]
    ./components/forms/rfq/RFQForm.tsx [Client Component Browser]
    ./app/page.tsx [Client Component Browser]
    ./app/page.tsx [Server Component]

  Client Component SSR:
    ./lib/forms/schemas.ts [Client Component SSR]
    ./components/forms/rfq/RFQForm.tsx [Client Component SSR]
    ./app/page.tsx [Client Component SSR]
    ./app/page.tsx [Server Component]

https://nextjs.org/docs/messages/module-not-found @ http://localhost:3000/_next/static/chunks/5f34d_next_dist_253e5923._.js:1920
[  529988ms] [ERROR] ./app/layout.tsx:3:1
Module not found: Can't resolve '@fortawesome/fontawesome-svg-core'
  1 | import type { Metadata } from "next";
  2 | import { Geist, Geist_Mono } from "next/font/google";
> 3 | import { config } from '@fortawesome/fontawesome-svg-core';
    | ^^^^^^^^^^^^^^^^^^^^^^^^^^^^^^^^^^^^^^^^^^^^^^^^^^^^^^^^^^^
  4 | import '@fortawesome/fontawesome-svg-core/styles.css';
  5 | import "./globals.css";
  6 | import { Header } from "@/components/layout/Header";

https://nextjs.org/docs/messages/module-not-found @ http://localhost:3000/_next/static/chunks/5f34d_next_dist_253e5923._.js:1920
[  529988ms] [ERROR] ./app/layout.tsx:4:1
Module not found: Can't resolve '@fortawesome/fontawesome-svg-core/styles.css'
  2 | import { Geist, Geist_Mono } from "next/font/google";
  3 | import { config } from '@fortawesome/fontawesome-svg-core';
> 4 | import '@fortawesome/fontawesome-svg-core/styles.css';
    | ^^^^^^^^^^^^^^^^^^^^^^^^^^^^^^^^^^^^^^^^^^^^^^^^^^^^^^
  5 | import "./globals.css";
  6 | import { Header } from "@/components/layout/Header";
  7 | import { Footer } from "@/components/layout/Footer";

https://nextjs.org/docs/messages/module-not-found @ http://localhost:3000/_next/static/chunks/5f34d_next_dist_253e5923._.js:1920
[  529988ms] [ERROR] ./app/page.tsx:8:1
Module not found: Can't resolve '@fortawesome/free-solid-svg-icons'
   6 | import { LogoScroller } from '@/components/home/LogoScroller';
   7 | import { FontAwesomeIcon } from '@fortawesome/react-fontawesome';
>  8 | import {
     | ^^^^^^^^
>  9 |   faBolt,
     | ^^^^^^^^^
> 10 |   faNetworkWired,
     | ^^^^^^^^^
> 11 |   faCode,
     | ^^^^^^^^^
> 12 |   faArrowRight,
     | ^^^^^^^^^
> 13 |   faCircleCheck,
     | ^^^^^^^^^
> 14 |   faChevronDown,
     | ^^^^^^^^^
> 15 | } from '@fortawesome/free-solid-svg-icons';
     | ^^^^^^^^^^^^^^^^^^^^^^^^^^^^^^^^^^^^^^^^^^^^
  16 | import { ImageWithFallback } from '@/components/shared/ImageWithFallback';
  17 | import { RFQForm } from '@/components/forms/rfq';
  18 |

Import traces:
  Client Component Browser:
    ./app/page.tsx [Client Component Browser]
    ./app/page.tsx [Server Component]

  Client Component SSR:
    ./app/page.tsx [Client Component SSR]
    ./app/page.tsx [Server Component]

https://nextjs.org/docs/messages/module-not-found @ http://localhost:3000/_next/static/chunks/5f34d_next_dist_253e5923._.js:1920
[  529988ms] [ERROR] ./app/page.tsx:7:1
Module not found: Can't resolve '@fortawesome/react-fontawesome'
   5 | import { HeroSlider } from '@/components/home/HeroSlider';
   6 | import { LogoScroller } from '@/components/home/LogoScroller';
>  7 | import { FontAwesomeIcon } from '@fortawesome/react-fontawesome';
     | ^^^^^^^^^^^^^^^^^^^^^^^^^^^^^^^^^^^^^^^^^^^^^^^^^^^^^^^^^^^^^^^^^
   8 | import {
   9 |   faBolt,
  10 |   faNetworkWired,

Import traces:
  Client Component Browser:
    ./app/page.tsx [Client Component Browser]
    ./app/page.tsx [Server Component]

  Client Component SSR:
    ./app/page.tsx [Client Component SSR]
    ./app/page.tsx [Server Component]

https://nextjs.org/docs/messages/module-not-found @ http://localhost:3000/_next/static/chunks/5f34d_next_dist_253e5923._.js:1920
[  529988ms] [ERROR] ./components/forms/rfq/RFQForm.tsx:5:1
Module not found: Can't resolve '@hookform/resolvers/zod'
  3 | import { useEffect, useRef } from 'react';
  4 | import { useForm } from 'react-hook-form';
> 5 | import { zodResolver } from '@hookform/resolvers/zod';
    | ^^^^^^^^^^^^^^^^^^^^^^^^^^^^^^^^^^^^^^^^^^^^^^^^^^^^^^
  6 | import { CheckCircle } from 'lucide-react';
  7 | import { rfqSchema, rfqPresetSchema, type RFQFormData, type RFQPresetFormData } from '@/lib/forms/schemas';
  8 | import { useFormSubmit } from '@/hooks/useFormSubmit';

Import traces:
  Client Component Browser:
    ./components/forms/rfq/RFQForm.tsx [Client Component Browser]
    ./app/page.tsx [Client Component Browser]
    ./app/page.tsx [Server Component]

  Client Component SSR:
    ./components/forms/rfq/RFQForm.tsx [Client Component SSR]
    ./app/page.tsx [Client Component SSR]
    ./app/page.tsx [Server Component]

https://nextjs.org/docs/messages/module-not-found @ http://localhost:3000/_next/static/chunks/5f34d_next_dist_253e5923._.js:1920
[  529988ms] [ERROR] ./lib/forms/schemas.ts:1:1
Module not found: Can't resolve 'zod'
> 1 | import { z } from 'zod';
    | ^^^^^^^^^^^^^^^^^^^^^^^^
  2 |
  3 | const baseFields = {
  4 |   firstName: z.string().min(1, 'First name is required'),

Import traces:
  Client Component Browser:
    ./lib/forms/schemas.ts [Client Component Browser]
    ./components/forms/rfq/RFQForm.tsx [Client Component Browser]
    ./app/page.tsx [Client Component Browser]
    ./app/page.tsx [Server Component]

  Client Component SSR:
    ./lib/forms/schemas.ts [Client Component SSR]
    ./components/forms/rfq/RFQForm.tsx [Client Component SSR]
    ./app/page.tsx [Client Component SSR]
    ./app/page.tsx [Server Component]

https://nextjs.org/docs/messages/module-not-found @ http://localhost:3000/_next/static/chunks/5f34d_next_dist_253e5923._.js:1920
[  530068ms] [ERROR] ./app/layout.tsx:3:1
Module not found: Can't resolve '@fortawesome/fontawesome-svg-core'
  1 | import type { Metadata } from "next";
  2 | import { Geist, Geist_Mono } from "next/font/google";
> 3 | import { config } from '@fortawesome/fontawesome-svg-core';
    | ^^^^^^^^^^^^^^^^^^^^^^^^^^^^^^^^^^^^^^^^^^^^^^^^^^^^^^^^^^^
  4 | import '@fortawesome/fontawesome-svg-core/styles.css';
  5 | import "./globals.css";
  6 | import { Header } from "@/components/layout/Header";

https://nextjs.org/docs/messages/module-not-found @ http://localhost:3000/_next/static/chunks/5f34d_next_dist_253e5923._.js:1920
[  530068ms] [ERROR] ./app/layout.tsx:4:1
Module not found: Can't resolve '@fortawesome/fontawesome-svg-core/styles.css'
  2 | import { Geist, Geist_Mono } from "next/font/google";
  3 | import { config } from '@fortawesome/fontawesome-svg-core';
> 4 | import '@fortawesome/fontawesome-svg-core/styles.css';
    | ^^^^^^^^^^^^^^^^^^^^^^^^^^^^^^^^^^^^^^^^^^^^^^^^^^^^^^
  5 | import "./globals.css";
  6 | import { Header } from "@/components/layout/Header";
  7 | import { Footer } from "@/components/layout/Footer";

https://nextjs.org/docs/messages/module-not-found @ http://localhost:3000/_next/static/chunks/5f34d_next_dist_253e5923._.js:1920
[  530068ms] [ERROR] ./app/page.tsx:8:1
Module not found: Can't resolve '@fortawesome/free-solid-svg-icons'
   6 | import { LogoScroller } from '@/components/home/LogoScroller';
   7 | import { FontAwesomeIcon } from '@fortawesome/react-fontawesome';
>  8 | import {
     | ^^^^^^^^
>  9 |   faBolt,
     | ^^^^^^^^^
> 10 |   faNetworkWired,
     | ^^^^^^^^^
> 11 |   faCode,
     | ^^^^^^^^^
> 12 |   faArrowRight,
     | ^^^^^^^^^
> 13 |   faCircleCheck,
     | ^^^^^^^^^
> 14 |   faChevronDown,
     | ^^^^^^^^^
> 15 | } from '@fortawesome/free-solid-svg-icons';
     | ^^^^^^^^^^^^^^^^^^^^^^^^^^^^^^^^^^^^^^^^^^^^
  16 | import { ImageWithFallback } from '@/components/shared/ImageWithFallback';
  17 | import { RFQForm } from '@/components/forms/rfq';
  18 |

Import traces:
  Client Component Browser:
    ./app/page.tsx [Client Component Browser]
    ./app/page.tsx [Server Component]

  Client Component SSR:
    ./app/page.tsx [Client Component SSR]
    ./app/page.tsx [Server Component]

https://nextjs.org/docs/messages/module-not-found @ http://localhost:3000/_next/static/chunks/5f34d_next_dist_253e5923._.js:1920
[  530068ms] [ERROR] ./app/page.tsx:7:1
Module not found: Can't resolve '@fortawesome/react-fontawesome'
   5 | import { HeroSlider } from '@/components/home/HeroSlider';
   6 | import { LogoScroller } from '@/components/home/LogoScroller';
>  7 | import { FontAwesomeIcon } from '@fortawesome/react-fontawesome';
     | ^^^^^^^^^^^^^^^^^^^^^^^^^^^^^^^^^^^^^^^^^^^^^^^^^^^^^^^^^^^^^^^^^
   8 | import {
   9 |   faBolt,
  10 |   faNetworkWired,

Import traces:
  Client Component Browser:
    ./app/page.tsx [Client Component Browser]
    ./app/page.tsx [Server Component]

  Client Component SSR:
    ./app/page.tsx [Client Component SSR]
    ./app/page.tsx [Server Component]

https://nextjs.org/docs/messages/module-not-found @ http://localhost:3000/_next/static/chunks/5f34d_next_dist_253e5923._.js:1920
[  530068ms] [ERROR] ./components/forms/rfq/RFQForm.tsx:5:1
Module not found: Can't resolve '@hookform/resolvers/zod'
  3 | import { useEffect, useRef } from 'react';
  4 | import { useForm } from 'react-hook-form';
> 5 | import { zodResolver } from '@hookform/resolvers/zod';
    | ^^^^^^^^^^^^^^^^^^^^^^^^^^^^^^^^^^^^^^^^^^^^^^^^^^^^^^
  6 | import { CheckCircle } from 'lucide-react';
  7 | import { rfqSchema, rfqPresetSchema, type RFQFormData, type RFQPresetFormData } from '@/lib/forms/schemas';
  8 | import { useFormSubmit } from '@/hooks/useFormSubmit';

Import traces:
  Client Component Browser:
    ./components/forms/rfq/RFQForm.tsx [Client Component Browser]
    ./app/page.tsx [Client Component Browser]
    ./app/page.tsx [Server Component]

  Client Component SSR:
    ./components/forms/rfq/RFQForm.tsx [Client Component SSR]
    ./app/page.tsx [Client Component SSR]
    ./app/page.tsx [Server Component]

https://nextjs.org/docs/messages/module-not-found @ http://localhost:3000/_next/static/chunks/5f34d_next_dist_253e5923._.js:1920
[  530068ms] [ERROR] ./lib/forms/schemas.ts:1:1
Module not found: Can't resolve 'zod'
> 1 | import { z } from 'zod';
    | ^^^^^^^^^^^^^^^^^^^^^^^^
  2 |
  3 | const baseFields = {
  4 |   firstName: z.string().min(1, 'First name is required'),

Import traces:
  Client Component Browser:
    ./lib/forms/schemas.ts [Client Component Browser]
    ./components/forms/rfq/RFQForm.tsx [Client Component Browser]
    ./app/page.tsx [Client Component Browser]
    ./app/page.tsx [Server Component]

  Client Component SSR:
    ./lib/forms/schemas.ts [Client Component SSR]
    ./components/forms/rfq/RFQForm.tsx [Client Component SSR]
    ./app/page.tsx [Client Component SSR]
    ./app/page.tsx [Server Component]

https://nextjs.org/docs/messages/module-not-found @ http://localhost:3000/_next/static/chunks/5f34d_next_dist_253e5923._.js:1920
[  530140ms] [ERROR] ./app/layout.tsx:3:1
Module not found: Can't resolve '@fortawesome/fontawesome-svg-core'
  1 | import type { Metadata } from "next";
  2 | import { Geist, Geist_Mono } from "next/font/google";
> 3 | import { config } from '@fortawesome/fontawesome-svg-core';
    | ^^^^^^^^^^^^^^^^^^^^^^^^^^^^^^^^^^^^^^^^^^^^^^^^^^^^^^^^^^^
  4 | import '@fortawesome/fontawesome-svg-core/styles.css';
  5 | import "./globals.css";
  6 | import { Header } from "@/components/layout/Header";

https://nextjs.org/docs/messages/module-not-found @ http://localhost:3000/_next/static/chunks/5f34d_next_dist_253e5923._.js:1920
[  530140ms] [ERROR] ./app/layout.tsx:4:1
Module not found: Can't resolve '@fortawesome/fontawesome-svg-core/styles.css'
  2 | import { Geist, Geist_Mono } from "next/font/google";
  3 | import { config } from '@fortawesome/fontawesome-svg-core';
> 4 | import '@fortawesome/fontawesome-svg-core/styles.css';
    | ^^^^^^^^^^^^^^^^^^^^^^^^^^^^^^^^^^^^^^^^^^^^^^^^^^^^^^
  5 | import "./globals.css";
  6 | import { Header } from "@/components/layout/Header";
  7 | import { Footer } from "@/components/layout/Footer";

https://nextjs.org/docs/messages/module-not-found @ http://localhost:3000/_next/static/chunks/5f34d_next_dist_253e5923._.js:1920
[  530140ms] [ERROR] ./app/page.tsx:8:1
Module not found: Can't resolve '@fortawesome/free-solid-svg-icons'
   6 | import { LogoScroller } from '@/components/home/LogoScroller';
   7 | import { FontAwesomeIcon } from '@fortawesome/react-fontawesome';
>  8 | import {
     | ^^^^^^^^
>  9 |   faBolt,
     | ^^^^^^^^^
> 10 |   faNetworkWired,
     | ^^^^^^^^^
> 11 |   faCode,
     | ^^^^^^^^^
> 12 |   faArrowRight,
     | ^^^^^^^^^
> 13 |   faCircleCheck,
     | ^^^^^^^^^
> 14 |   faChevronDown,
     | ^^^^^^^^^
> 15 | } from '@fortawesome/free-solid-svg-icons';
     | ^^^^^^^^^^^^^^^^^^^^^^^^^^^^^^^^^^^^^^^^^^^^
  16 | import { ImageWithFallback } from '@/components/shared/ImageWithFallback';
  17 | import { RFQForm } from '@/components/forms/rfq';
  18 |

Import traces:
  Client Component Browser:
    ./app/page.tsx [Client Component Browser]
    ./app/page.tsx [Server Component]

  Client Component SSR:
    ./app/page.tsx [Client Component SSR]
    ./app/page.tsx [Server Component]

https://nextjs.org/docs/messages/module-not-found @ http://localhost:3000/_next/static/chunks/5f34d_next_dist_253e5923._.js:1920
[  530141ms] [ERROR] ./app/page.tsx:7:1
Module not found: Can't resolve '@fortawesome/react-fontawesome'
   5 | import { HeroSlider } from '@/components/home/HeroSlider';
   6 | import { LogoScroller } from '@/components/home/LogoScroller';
>  7 | import { FontAwesomeIcon } from '@fortawesome/react-fontawesome';
     | ^^^^^^^^^^^^^^^^^^^^^^^^^^^^^^^^^^^^^^^^^^^^^^^^^^^^^^^^^^^^^^^^^
   8 | import {
   9 |   faBolt,
  10 |   faNetworkWired,

Import traces:
  Client Component Browser:
    ./app/page.tsx [Client Component Browser]
    ./app/page.tsx [Server Component]

  Client Component SSR:
    ./app/page.tsx [Client Component SSR]
    ./app/page.tsx [Server Component]

https://nextjs.org/docs/messages/module-not-found @ http://localhost:3000/_next/static/chunks/5f34d_next_dist_253e5923._.js:1920
[  530141ms] [ERROR] ./components/forms/rfq/RFQForm.tsx:5:1
Module not found: Can't resolve '@hookform/resolvers/zod'
  3 | import { useEffect, useRef } from 'react';
  4 | import { useForm } from 'react-hook-form';
> 5 | import { zodResolver } from '@hookform/resolvers/zod';
    | ^^^^^^^^^^^^^^^^^^^^^^^^^^^^^^^^^^^^^^^^^^^^^^^^^^^^^^
  6 | import { CheckCircle } from 'lucide-react';
  7 | import { rfqSchema, rfqPresetSchema, type RFQFormData, type RFQPresetFormData } from '@/lib/forms/schemas';
  8 | import { useFormSubmit } from '@/hooks/useFormSubmit';

Import traces:
  Client Component Browser:
    ./components/forms/rfq/RFQForm.tsx [Client Component Browser]
    ./app/page.tsx [Client Component Browser]
    ./app/page.tsx [Server Component]

  Client Component SSR:
    ./components/forms/rfq/RFQForm.tsx [Client Component SSR]
    ./app/page.tsx [Client Component SSR]
    ./app/page.tsx [Server Component]

https://nextjs.org/docs/messages/module-not-found @ http://localhost:3000/_next/static/chunks/5f34d_next_dist_253e5923._.js:1920
[  530141ms] [ERROR] ./lib/forms/schemas.ts:1:1
Module not found: Can't resolve 'zod'
> 1 | import { z } from 'zod';
    | ^^^^^^^^^^^^^^^^^^^^^^^^
  2 |
  3 | const baseFields = {
  4 |   firstName: z.string().min(1, 'First name is required'),

Import traces:
  Client Component Browser:
    ./lib/forms/schemas.ts [Client Component Browser]
    ./components/forms/rfq/RFQForm.tsx [Client Component Browser]
    ./app/page.tsx [Client Component Browser]
    ./app/page.tsx [Server Component]

  Client Component SSR:
    ./lib/forms/schemas.ts [Client Component SSR]
    ./components/forms/rfq/RFQForm.tsx [Client Component SSR]
    ./app/page.tsx [Client Component SSR]
    ./app/page.tsx [Server Component]

https://nextjs.org/docs/messages/module-not-found @ http://localhost:3000/_next/static/chunks/5f34d_next_dist_253e5923._.js:1920
[  530204ms] [ERROR] ./app/layout.tsx:3:1
Module not found: Can't resolve '@fortawesome/fontawesome-svg-core'
  1 | import type { Metadata } from "next";
  2 | import { Geist, Geist_Mono } from "next/font/google";
> 3 | import { config } from '@fortawesome/fontawesome-svg-core';
    | ^^^^^^^^^^^^^^^^^^^^^^^^^^^^^^^^^^^^^^^^^^^^^^^^^^^^^^^^^^^
  4 | import '@fortawesome/fontawesome-svg-core/styles.css';
  5 | import "./globals.css";
  6 | import { Header } from "@/components/layout/Header";

https://nextjs.org/docs/messages/module-not-found @ http://localhost:3000/_next/static/chunks/5f34d_next_dist_253e5923._.js:1920
[  530204ms] [ERROR] ./app/layout.tsx:4:1
Module not found: Can't resolve '@fortawesome/fontawesome-svg-core/styles.css'
  2 | import { Geist, Geist_Mono } from "next/font/google";
  3 | import { config } from '@fortawesome/fontawesome-svg-core';
> 4 | import '@fortawesome/fontawesome-svg-core/styles.css';
    | ^^^^^^^^^^^^^^^^^^^^^^^^^^^^^^^^^^^^^^^^^^^^^^^^^^^^^^
  5 | import "./globals.css";
  6 | import { Header } from "@/components/layout/Header";
  7 | import { Footer } from "@/components/layout/Footer";

https://nextjs.org/docs/messages/module-not-found @ http://localhost:3000/_next/static/chunks/5f34d_next_dist_253e5923._.js:1920
[  530205ms] [ERROR] ./app/page.tsx:8:1
Module not found: Can't resolve '@fortawesome/free-solid-svg-icons'
   6 | import { LogoScroller } from '@/components/home/LogoScroller';
   7 | import { FontAwesomeIcon } from '@fortawesome/react-fontawesome';
>  8 | import {
     | ^^^^^^^^
>  9 |   faBolt,
     | ^^^^^^^^^
> 10 |   faNetworkWired,
     | ^^^^^^^^^
> 11 |   faCode,
     | ^^^^^^^^^
> 12 |   faArrowRight,
     | ^^^^^^^^^
> 13 |   faCircleCheck,
     | ^^^^^^^^^
> 14 |   faChevronDown,
     | ^^^^^^^^^
> 15 | } from '@fortawesome/free-solid-svg-icons';
     | ^^^^^^^^^^^^^^^^^^^^^^^^^^^^^^^^^^^^^^^^^^^^
  16 | import { ImageWithFallback } from '@/components/shared/ImageWithFallback';
  17 | import { RFQForm } from '@/components/forms/rfq';
  18 |

Import traces:
  Client Component Browser:
    ./app/page.tsx [Client Component Browser]
    ./app/page.tsx [Server Component]

  Client Component SSR:
    ./app/page.tsx [Client Component SSR]
    ./app/page.tsx [Server Component]

https://nextjs.org/docs/messages/module-not-found @ http://localhost:3000/_next/static/chunks/5f34d_next_dist_253e5923._.js:1920
[  530205ms] [ERROR] ./app/page.tsx:7:1
Module not found: Can't resolve '@fortawesome/react-fontawesome'
   5 | import { HeroSlider } from '@/components/home/HeroSlider';
   6 | import { LogoScroller } from '@/components/home/LogoScroller';
>  7 | import { FontAwesomeIcon } from '@fortawesome/react-fontawesome';
     | ^^^^^^^^^^^^^^^^^^^^^^^^^^^^^^^^^^^^^^^^^^^^^^^^^^^^^^^^^^^^^^^^^
   8 | import {
   9 |   faBolt,
  10 |   faNetworkWired,

Import traces:
  Client Component Browser:
    ./app/page.tsx [Client Component Browser]
    ./app/page.tsx [Server Component]

  Client Component SSR:
    ./app/page.tsx [Client Component SSR]
    ./app/page.tsx [Server Component]

https://nextjs.org/docs/messages/module-not-found @ http://localhost:3000/_next/static/chunks/5f34d_next_dist_253e5923._.js:1920
[  530205ms] [ERROR] ./components/forms/rfq/RFQForm.tsx:5:1
Module not found: Can't resolve '@hookform/resolvers/zod'
  3 | import { useEffect, useRef } from 'react';
  4 | import { useForm } from 'react-hook-form';
> 5 | import { zodResolver } from '@hookform/resolvers/zod';
    | ^^^^^^^^^^^^^^^^^^^^^^^^^^^^^^^^^^^^^^^^^^^^^^^^^^^^^^
  6 | import { CheckCircle } from 'lucide-react';
  7 | import { rfqSchema, rfqPresetSchema, type RFQFormData, type RFQPresetFormData } from '@/lib/forms/schemas';
  8 | import { useFormSubmit } from '@/hooks/useFormSubmit';

Import traces:
  Client Component Browser:
    ./components/forms/rfq/RFQForm.tsx [Client Component Browser]
    ./app/page.tsx [Client Component Browser]
    ./app/page.tsx [Server Component]

  Client Component SSR:
    ./components/forms/rfq/RFQForm.tsx [Client Component SSR]
    ./app/page.tsx [Client Component SSR]
    ./app/page.tsx [Server Component]

https://nextjs.org/docs/messages/module-not-found @ http://localhost:3000/_next/static/chunks/5f34d_next_dist_253e5923._.js:1920
[  530205ms] [ERROR] ./lib/forms/schemas.ts:1:1
Module not found: Can't resolve 'zod'
> 1 | import { z } from 'zod';
    | ^^^^^^^^^^^^^^^^^^^^^^^^
  2 |
  3 | const baseFields = {
  4 |   firstName: z.string().min(1, 'First name is required'),

Import traces:
  Client Component Browser:
    ./lib/forms/schemas.ts [Client Component Browser]
    ./components/forms/rfq/RFQForm.tsx [Client Component Browser]
    ./app/page.tsx [Client Component Browser]
    ./app/page.tsx [Server Component]

  Client Component SSR:
    ./lib/forms/schemas.ts [Client Component SSR]
    ./components/forms/rfq/RFQForm.tsx [Client Component SSR]
    ./app/page.tsx [Client Component SSR]
    ./app/page.tsx [Server Component]

https://nextjs.org/docs/messages/module-not-found @ http://localhost:3000/_next/static/chunks/5f34d_next_dist_253e5923._.js:1920
[  530269ms] [ERROR] ./app/layout.tsx:3:1
Module not found: Can't resolve '@fortawesome/fontawesome-svg-core'
  1 | import type { Metadata } from "next";
  2 | import { Geist, Geist_Mono } from "next/font/google";
> 3 | import { config } from '@fortawesome/fontawesome-svg-core';
    | ^^^^^^^^^^^^^^^^^^^^^^^^^^^^^^^^^^^^^^^^^^^^^^^^^^^^^^^^^^^
  4 | import '@fortawesome/fontawesome-svg-core/styles.css';
  5 | import "./globals.css";
  6 | import { Header } from "@/components/layout/Header";

https://nextjs.org/docs/messages/module-not-found @ http://localhost:3000/_next/static/chunks/5f34d_next_dist_253e5923._.js:1920
[  530269ms] [ERROR] ./app/layout.tsx:4:1
Module not found: Can't resolve '@fortawesome/fontawesome-svg-core/styles.css'
  2 | import { Geist, Geist_Mono } from "next/font/google";
  3 | import { config } from '@fortawesome/fontawesome-svg-core';
> 4 | import '@fortawesome/fontawesome-svg-core/styles.css';
    | ^^^^^^^^^^^^^^^^^^^^^^^^^^^^^^^^^^^^^^^^^^^^^^^^^^^^^^
  5 | import "./globals.css";
  6 | import { Header } from "@/components/layout/Header";
  7 | import { Footer } from "@/components/layout/Footer";

https://nextjs.org/docs/messages/module-not-found @ http://localhost:3000/_next/static/chunks/5f34d_next_dist_253e5923._.js:1920
[  530269ms] [ERROR] ./app/page.tsx:8:1
Module not found: Can't resolve '@fortawesome/free-solid-svg-icons'
   6 | import { LogoScroller } from '@/components/home/LogoScroller';
   7 | import { FontAwesomeIcon } from '@fortawesome/react-fontawesome';
>  8 | import {
     | ^^^^^^^^
>  9 |   faBolt,
     | ^^^^^^^^^
> 10 |   faNetworkWired,
     | ^^^^^^^^^
> 11 |   faCode,
     | ^^^^^^^^^
> 12 |   faArrowRight,
     | ^^^^^^^^^
> 13 |   faCircleCheck,
     | ^^^^^^^^^
> 14 |   faChevronDown,
     | ^^^^^^^^^
> 15 | } from '@fortawesome/free-solid-svg-icons';
     | ^^^^^^^^^^^^^^^^^^^^^^^^^^^^^^^^^^^^^^^^^^^^
  16 | import { ImageWithFallback } from '@/components/shared/ImageWithFallback';
  17 | import { RFQForm } from '@/components/forms/rfq';
  18 |

Import traces:
  Client Component Browser:
    ./app/page.tsx [Client Component Browser]
    ./app/page.tsx [Server Component]

  Client Component SSR:
    ./app/page.tsx [Client Component SSR]
    ./app/page.tsx [Server Component]

https://nextjs.org/docs/messages/module-not-found @ http://localhost:3000/_next/static/chunks/5f34d_next_dist_253e5923._.js:1920
[  530269ms] [ERROR] ./app/page.tsx:7:1
Module not found: Can't resolve '@fortawesome/react-fontawesome'
   5 | import { HeroSlider } from '@/components/home/HeroSlider';
   6 | import { LogoScroller } from '@/components/home/LogoScroller';
>  7 | import { FontAwesomeIcon } from '@fortawesome/react-fontawesome';
     | ^^^^^^^^^^^^^^^^^^^^^^^^^^^^^^^^^^^^^^^^^^^^^^^^^^^^^^^^^^^^^^^^^
   8 | import {
   9 |   faBolt,
  10 |   faNetworkWired,

Import traces:
  Client Component Browser:
    ./app/page.tsx [Client Component Browser]
    ./app/page.tsx [Server Component]

  Client Component SSR:
    ./app/page.tsx [Client Component SSR]
    ./app/page.tsx [Server Component]

https://nextjs.org/docs/messages/module-not-found @ http://localhost:3000/_next/static/chunks/5f34d_next_dist_253e5923._.js:1920
[  530269ms] [ERROR] ./components/forms/rfq/RFQForm.tsx:5:1
Module not found: Can't resolve '@hookform/resolvers/zod'
  3 | import { useEffect, useRef } from 'react';
  4 | import { useForm } from 'react-hook-form';
> 5 | import { zodResolver } from '@hookform/resolvers/zod';
    | ^^^^^^^^^^^^^^^^^^^^^^^^^^^^^^^^^^^^^^^^^^^^^^^^^^^^^^
  6 | import { CheckCircle } from 'lucide-react';
  7 | import { rfqSchema, rfqPresetSchema, type RFQFormData, type RFQPresetFormData } from '@/lib/forms/schemas';
  8 | import { useFormSubmit } from '@/hooks/useFormSubmit';

Import traces:
  Client Component Browser:
    ./components/forms/rfq/RFQForm.tsx [Client Component Browser]
    ./app/page.tsx [Client Component Browser]
    ./app/page.tsx [Server Component]

  Client Component SSR:
    ./components/forms/rfq/RFQForm.tsx [Client Component SSR]
    ./app/page.tsx [Client Component SSR]
    ./app/page.tsx [Server Component]

https://nextjs.org/docs/messages/module-not-found @ http://localhost:3000/_next/static/chunks/5f34d_next_dist_253e5923._.js:1920
[  530270ms] [ERROR] ./lib/forms/schemas.ts:1:1
Module not found: Can't resolve 'zod'
> 1 | import { z } from 'zod';
    | ^^^^^^^^^^^^^^^^^^^^^^^^
  2 |
  3 | const baseFields = {
  4 |   firstName: z.string().min(1, 'First name is required'),

Import traces:
  Client Component Browser:
    ./lib/forms/schemas.ts [Client Component Browser]
    ./components/forms/rfq/RFQForm.tsx [Client Component Browser]
    ./app/page.tsx [Client Component Browser]
    ./app/page.tsx [Server Component]

  Client Component SSR:
    ./lib/forms/schemas.ts [Client Component SSR]
    ./components/forms/rfq/RFQForm.tsx [Client Component SSR]
    ./app/page.tsx [Client Component SSR]
    ./app/page.tsx [Server Component]

https://nextjs.org/docs/messages/module-not-found @ http://localhost:3000/_next/static/chunks/5f34d_next_dist_253e5923._.js:1920
[  530319ms] [ERROR] ./app/layout.tsx:3:1
Module not found: Can't resolve '@fortawesome/fontawesome-svg-core'
  1 | import type { Metadata } from "next";
  2 | import { Geist, Geist_Mono } from "next/font/google";
> 3 | import { config } from '@fortawesome/fontawesome-svg-core';
    | ^^^^^^^^^^^^^^^^^^^^^^^^^^^^^^^^^^^^^^^^^^^^^^^^^^^^^^^^^^^
  4 | import '@fortawesome/fontawesome-svg-core/styles.css';
  5 | import "./globals.css";
  6 | import { Header } from "@/components/layout/Header";

https://nextjs.org/docs/messages/module-not-found @ http://localhost:3000/_next/static/chunks/5f34d_next_dist_253e5923._.js:1920
[  530319ms] [ERROR] ./app/layout.tsx:4:1
Module not found: Can't resolve '@fortawesome/fontawesome-svg-core/styles.css'
  2 | import { Geist, Geist_Mono } from "next/font/google";
  3 | import { config } from '@fortawesome/fontawesome-svg-core';
> 4 | import '@fortawesome/fontawesome-svg-core/styles.css';
    | ^^^^^^^^^^^^^^^^^^^^^^^^^^^^^^^^^^^^^^^^^^^^^^^^^^^^^^
  5 | import "./globals.css";
  6 | import { Header } from "@/components/layout/Header";
  7 | import { Footer } from "@/components/layout/Footer";

https://nextjs.org/docs/messages/module-not-found @ http://localhost:3000/_next/static/chunks/5f34d_next_dist_253e5923._.js:1920
[  530319ms] [ERROR] ./app/page.tsx:8:1
Module not found: Can't resolve '@fortawesome/free-solid-svg-icons'
   6 | import { LogoScroller } from '@/components/home/LogoScroller';
   7 | import { FontAwesomeIcon } from '@fortawesome/react-fontawesome';
>  8 | import {
     | ^^^^^^^^
>  9 |   faBolt,
     | ^^^^^^^^^
> 10 |   faNetworkWired,
     | ^^^^^^^^^
> 11 |   faCode,
     | ^^^^^^^^^
> 12 |   faArrowRight,
     | ^^^^^^^^^
> 13 |   faCircleCheck,
     | ^^^^^^^^^
> 14 |   faChevronDown,
     | ^^^^^^^^^
> 15 | } from '@fortawesome/free-solid-svg-icons';
     | ^^^^^^^^^^^^^^^^^^^^^^^^^^^^^^^^^^^^^^^^^^^^
  16 | import { ImageWithFallback } from '@/components/shared/ImageWithFallback';
  17 | import { RFQForm } from '@/components/forms/rfq';
  18 |

Import traces:
  Client Component Browser:
    ./app/page.tsx [Client Component Browser]
    ./app/page.tsx [Server Component]

  Client Component SSR:
    ./app/page.tsx [Client Component SSR]
    ./app/page.tsx [Server Component]

https://nextjs.org/docs/messages/module-not-found @ http://localhost:3000/_next/static/chunks/5f34d_next_dist_253e5923._.js:1920
[  530319ms] [ERROR] ./app/page.tsx:7:1
Module not found: Can't resolve '@fortawesome/react-fontawesome'
   5 | import { HeroSlider } from '@/components/home/HeroSlider';
   6 | import { LogoScroller } from '@/components/home/LogoScroller';
>  7 | import { FontAwesomeIcon } from '@fortawesome/react-fontawesome';
     | ^^^^^^^^^^^^^^^^^^^^^^^^^^^^^^^^^^^^^^^^^^^^^^^^^^^^^^^^^^^^^^^^^
   8 | import {
   9 |   faBolt,
  10 |   faNetworkWired,

Import traces:
  Client Component Browser:
    ./app/page.tsx [Client Component Browser]
    ./app/page.tsx [Server Component]

  Client Component SSR:
    ./app/page.tsx [Client Component SSR]
    ./app/page.tsx [Server Component]

https://nextjs.org/docs/messages/module-not-found @ http://localhost:3000/_next/static/chunks/5f34d_next_dist_253e5923._.js:1920
[  530319ms] [ERROR] ./components/forms/rfq/RFQForm.tsx:5:1
Module not found: Can't resolve '@hookform/resolvers/zod'
  3 | import { useEffect, useRef } from 'react';
  4 | import { useForm } from 'react-hook-form';
> 5 | import { zodResolver } from '@hookform/resolvers/zod';
    | ^^^^^^^^^^^^^^^^^^^^^^^^^^^^^^^^^^^^^^^^^^^^^^^^^^^^^^
  6 | import { CheckCircle } from 'lucide-react';
  7 | import { rfqSchema, rfqPresetSchema, type RFQFormData, type RFQPresetFormData } from '@/lib/forms/schemas';
  8 | import { useFormSubmit } from '@/hooks/useFormSubmit';

Import traces:
  Client Component Browser:
    ./components/forms/rfq/RFQForm.tsx [Client Component Browser]
    ./app/page.tsx [Client Component Browser]
    ./app/page.tsx [Server Component]

  Client Component SSR:
    ./components/forms/rfq/RFQForm.tsx [Client Component SSR]
    ./app/page.tsx [Client Component SSR]
    ./app/page.tsx [Server Component]

https://nextjs.org/docs/messages/module-not-found @ http://localhost:3000/_next/static/chunks/5f34d_next_dist_253e5923._.js:1920
[  530319ms] [ERROR] ./lib/forms/schemas.ts:1:1
Module not found: Can't resolve 'zod'
> 1 | import { z } from 'zod';
    | ^^^^^^^^^^^^^^^^^^^^^^^^
  2 |
  3 | const baseFields = {
  4 |   firstName: z.string().min(1, 'First name is required'),

Import traces:
  Client Component Browser:
    ./lib/forms/schemas.ts [Client Component Browser]
    ./components/forms/rfq/RFQForm.tsx [Client Component Browser]
    ./app/page.tsx [Client Component Browser]
    ./app/page.tsx [Server Component]

  Client Component SSR:
    ./lib/forms/schemas.ts [Client Component SSR]
    ./components/forms/rfq/RFQForm.tsx [Client Component SSR]
    ./app/page.tsx [Client Component SSR]
    ./app/page.tsx [Server Component]

https://nextjs.org/docs/messages/module-not-found @ http://localhost:3000/_next/static/chunks/5f34d_next_dist_253e5923._.js:1920
[  530395ms] [ERROR] ./app/layout.tsx:3:1
Module not found: Can't resolve '@fortawesome/fontawesome-svg-core'
  1 | import type { Metadata } from "next";
  2 | import { Geist, Geist_Mono } from "next/font/google";
> 3 | import { config } from '@fortawesome/fontawesome-svg-core';
    | ^^^^^^^^^^^^^^^^^^^^^^^^^^^^^^^^^^^^^^^^^^^^^^^^^^^^^^^^^^^
  4 | import '@fortawesome/fontawesome-svg-core/styles.css';
  5 | import "./globals.css";
  6 | import { Header } from "@/components/layout/Header";

https://nextjs.org/docs/messages/module-not-found @ http://localhost:3000/_next/static/chunks/5f34d_next_dist_253e5923._.js:1920
[  530395ms] [ERROR] ./app/layout.tsx:4:1
Module not found: Can't resolve '@fortawesome/fontawesome-svg-core/styles.css'
  2 | import { Geist, Geist_Mono } from "next/font/google";
  3 | import { config } from '@fortawesome/fontawesome-svg-core';
> 4 | import '@fortawesome/fontawesome-svg-core/styles.css';
    | ^^^^^^^^^^^^^^^^^^^^^^^^^^^^^^^^^^^^^^^^^^^^^^^^^^^^^^
  5 | import "./globals.css";
  6 | import { Header } from "@/components/layout/Header";
  7 | import { Footer } from "@/components/layout/Footer";

https://nextjs.org/docs/messages/module-not-found @ http://localhost:3000/_next/static/chunks/5f34d_next_dist_253e5923._.js:1920
[  530396ms] [ERROR] ./app/page.tsx:8:1
Module not found: Can't resolve '@fortawesome/free-solid-svg-icons'
   6 | import { LogoScroller } from '@/components/home/LogoScroller';
   7 | import { FontAwesomeIcon } from '@fortawesome/react-fontawesome';
>  8 | import {
     | ^^^^^^^^
>  9 |   faBolt,
     | ^^^^^^^^^
> 10 |   faNetworkWired,
     | ^^^^^^^^^
> 11 |   faCode,
     | ^^^^^^^^^
> 12 |   faArrowRight,
     | ^^^^^^^^^
> 13 |   faCircleCheck,
     | ^^^^^^^^^
> 14 |   faChevronDown,
     | ^^^^^^^^^
> 15 | } from '@fortawesome/free-solid-svg-icons';
     | ^^^^^^^^^^^^^^^^^^^^^^^^^^^^^^^^^^^^^^^^^^^^
  16 | import { ImageWithFallback } from '@/components/shared/ImageWithFallback';
  17 | import { RFQForm } from '@/components/forms/rfq';
  18 |

Import traces:
  Client Component Browser:
    ./app/page.tsx [Client Component Browser]
    ./app/page.tsx [Server Component]

  Client Component SSR:
    ./app/page.tsx [Client Component SSR]
    ./app/page.tsx [Server Component]

https://nextjs.org/docs/messages/module-not-found @ http://localhost:3000/_next/static/chunks/5f34d_next_dist_253e5923._.js:1920
[  530396ms] [ERROR] ./app/page.tsx:7:1
Module not found: Can't resolve '@fortawesome/react-fontawesome'
   5 | import { HeroSlider } from '@/components/home/HeroSlider';
   6 | import { LogoScroller } from '@/components/home/LogoScroller';
>  7 | import { FontAwesomeIcon } from '@fortawesome/react-fontawesome';
     | ^^^^^^^^^^^^^^^^^^^^^^^^^^^^^^^^^^^^^^^^^^^^^^^^^^^^^^^^^^^^^^^^^
   8 | import {
   9 |   faBolt,
  10 |   faNetworkWired,

Import traces:
  Client Component Browser:
    ./app/page.tsx [Client Component Browser]
    ./app/page.tsx [Server Component]

  Client Component SSR:
    ./app/page.tsx [Client Component SSR]
    ./app/page.tsx [Server Component]

https://nextjs.org/docs/messages/module-not-found @ http://localhost:3000/_next/static/chunks/5f34d_next_dist_253e5923._.js:1920
[  530396ms] [ERROR] ./components/forms/rfq/RFQForm.tsx:5:1
Module not found: Can't resolve '@hookform/resolvers/zod'
  3 | import { useEffect, useRef } from 'react';
  4 | import { useForm } from 'react-hook-form';
> 5 | import { zodResolver } from '@hookform/resolvers/zod';
    | ^^^^^^^^^^^^^^^^^^^^^^^^^^^^^^^^^^^^^^^^^^^^^^^^^^^^^^
  6 | import { CheckCircle } from 'lucide-react';
  7 | import { rfqSchema, rfqPresetSchema, type RFQFormData, type RFQPresetFormData } from '@/lib/forms/schemas';
  8 | import { useFormSubmit } from '@/hooks/useFormSubmit';

Import traces:
  Client Component Browser:
    ./components/forms/rfq/RFQForm.tsx [Client Component Browser]
    ./app/page.tsx [Client Component Browser]
    ./app/page.tsx [Server Component]

  Client Component SSR:
    ./components/forms/rfq/RFQForm.tsx [Client Component SSR]
    ./app/page.tsx [Client Component SSR]
    ./app/page.tsx [Server Component]

https://nextjs.org/docs/messages/module-not-found @ http://localhost:3000/_next/static/chunks/5f34d_next_dist_253e5923._.js:1920
[  530397ms] [ERROR] ./lib/forms/schemas.ts:1:1
Module not found: Can't resolve 'zod'
> 1 | import { z } from 'zod';
    | ^^^^^^^^^^^^^^^^^^^^^^^^
  2 |
  3 | const baseFields = {
  4 |   firstName: z.string().min(1, 'First name is required'),

Import traces:
  Client Component Browser:
    ./lib/forms/schemas.ts [Client Component Browser]
    ./components/forms/rfq/RFQForm.tsx [Client Component Browser]
    ./app/page.tsx [Client Component Browser]
    ./app/page.tsx [Server Component]

  Client Component SSR:
    ./lib/forms/schemas.ts [Client Component SSR]
    ./components/forms/rfq/RFQForm.tsx [Client Component SSR]
    ./app/page.tsx [Client Component SSR]
    ./app/page.tsx [Server Component]

https://nextjs.org/docs/messages/module-not-found @ http://localhost:3000/_next/static/chunks/5f34d_next_dist_253e5923._.js:1920
[  530474ms] [ERROR] ./app/layout.tsx:3:1
Module not found: Can't resolve '@fortawesome/fontawesome-svg-core'
  1 | import type { Metadata } from "next";
  2 | import { Geist, Geist_Mono } from "next/font/google";
> 3 | import { config } from '@fortawesome/fontawesome-svg-core';
    | ^^^^^^^^^^^^^^^^^^^^^^^^^^^^^^^^^^^^^^^^^^^^^^^^^^^^^^^^^^^
  4 | import '@fortawesome/fontawesome-svg-core/styles.css';
  5 | import "./globals.css";
  6 | import { Header } from "@/components/layout/Header";

https://nextjs.org/docs/messages/module-not-found @ http://localhost:3000/_next/static/chunks/5f34d_next_dist_253e5923._.js:1920
[  530474ms] [ERROR] ./app/layout.tsx:4:1
Module not found: Can't resolve '@fortawesome/fontawesome-svg-core/styles.css'
  2 | import { Geist, Geist_Mono } from "next/font/google";
  3 | import { config } from '@fortawesome/fontawesome-svg-core';
> 4 | import '@fortawesome/fontawesome-svg-core/styles.css';
    | ^^^^^^^^^^^^^^^^^^^^^^^^^^^^^^^^^^^^^^^^^^^^^^^^^^^^^^
  5 | import "./globals.css";
  6 | import { Header } from "@/components/layout/Header";
  7 | import { Footer } from "@/components/layout/Footer";

https://nextjs.org/docs/messages/module-not-found @ http://localhost:3000/_next/static/chunks/5f34d_next_dist_253e5923._.js:1920
[  530474ms] [ERROR] ./app/page.tsx:8:1
Module not found: Can't resolve '@fortawesome/free-solid-svg-icons'
   6 | import { LogoScroller } from '@/components/home/LogoScroller';
   7 | import { FontAwesomeIcon } from '@fortawesome/react-fontawesome';
>  8 | import {
     | ^^^^^^^^
>  9 |   faBolt,
     | ^^^^^^^^^
> 10 |   faNetworkWired,
     | ^^^^^^^^^
> 11 |   faCode,
     | ^^^^^^^^^
> 12 |   faArrowRight,
     | ^^^^^^^^^
> 13 |   faCircleCheck,
     | ^^^^^^^^^
> 14 |   faChevronDown,
     | ^^^^^^^^^
> 15 | } from '@fortawesome/free-solid-svg-icons';
     | ^^^^^^^^^^^^^^^^^^^^^^^^^^^^^^^^^^^^^^^^^^^^
  16 | import { ImageWithFallback } from '@/components/shared/ImageWithFallback';
  17 | import { RFQForm } from '@/components/forms/rfq';
  18 |

Import traces:
  Client Component Browser:
    ./app/page.tsx [Client Component Browser]
    ./app/page.tsx [Server Component]

  Client Component SSR:
    ./app/page.tsx [Client Component SSR]
    ./app/page.tsx [Server Component]

https://nextjs.org/docs/messages/module-not-found @ http://localhost:3000/_next/static/chunks/5f34d_next_dist_253e5923._.js:1920
[  530474ms] [ERROR] ./app/page.tsx:7:1
Module not found: Can't resolve '@fortawesome/react-fontawesome'
   5 | import { HeroSlider } from '@/components/home/HeroSlider';
   6 | import { LogoScroller } from '@/components/home/LogoScroller';
>  7 | import { FontAwesomeIcon } from '@fortawesome/react-fontawesome';
     | ^^^^^^^^^^^^^^^^^^^^^^^^^^^^^^^^^^^^^^^^^^^^^^^^^^^^^^^^^^^^^^^^^
   8 | import {
   9 |   faBolt,
  10 |   faNetworkWired,

Import traces:
  Client Component Browser:
    ./app/page.tsx [Client Component Browser]
    ./app/page.tsx [Server Component]

  Client Component SSR:
    ./app/page.tsx [Client Component SSR]
    ./app/page.tsx [Server Component]

https://nextjs.org/docs/messages/module-not-found @ http://localhost:3000/_next/static/chunks/5f34d_next_dist_253e5923._.js:1920
[  530474ms] [ERROR] ./components/forms/rfq/RFQForm.tsx:5:1
Module not found: Can't resolve '@hookform/resolvers/zod'
  3 | import { useEffect, useRef } from 'react';
  4 | import { useForm } from 'react-hook-form';
> 5 | import { zodResolver } from '@hookform/resolvers/zod';
    | ^^^^^^^^^^^^^^^^^^^^^^^^^^^^^^^^^^^^^^^^^^^^^^^^^^^^^^
  6 | import { CheckCircle } from 'lucide-react';
  7 | import { rfqSchema, rfqPresetSchema, type RFQFormData, type RFQPresetFormData } from '@/lib/forms/schemas';
  8 | import { useFormSubmit } from '@/hooks/useFormSubmit';

Import traces:
  Client Component Browser:
    ./components/forms/rfq/RFQForm.tsx [Client Component Browser]
    ./app/page.tsx [Client Component Browser]
    ./app/page.tsx [Server Component]

  Client Component SSR:
    ./components/forms/rfq/RFQForm.tsx [Client Component SSR]
    ./app/page.tsx [Client Component SSR]
    ./app/page.tsx [Server Component]

https://nextjs.org/docs/messages/module-not-found @ http://localhost:3000/_next/static/chunks/5f34d_next_dist_253e5923._.js:1920
[  530474ms] [ERROR] ./lib/forms/schemas.ts:1:1
Module not found: Can't resolve 'zod'
> 1 | import { z } from 'zod';
    | ^^^^^^^^^^^^^^^^^^^^^^^^
  2 |
  3 | const baseFields = {
  4 |   firstName: z.string().min(1, 'First name is required'),

Import traces:
  Client Component Browser:
    ./lib/forms/schemas.ts [Client Component Browser]
    ./components/forms/rfq/RFQForm.tsx [Client Component Browser]
    ./app/page.tsx [Client Component Browser]
    ./app/page.tsx [Server Component]

  Client Component SSR:
    ./lib/forms/schemas.ts [Client Component SSR]
    ./components/forms/rfq/RFQForm.tsx [Client Component SSR]
    ./app/page.tsx [Client Component SSR]
    ./app/page.tsx [Server Component]

https://nextjs.org/docs/messages/module-not-found @ http://localhost:3000/_next/static/chunks/5f34d_next_dist_253e5923._.js:1920
[  530569ms] [ERROR] ./app/layout.tsx:3:1
Module not found: Can't resolve '@fortawesome/fontawesome-svg-core'
  1 | import type { Metadata } from "next";
  2 | import { Geist, Geist_Mono } from "next/font/google";
> 3 | import { config } from '@fortawesome/fontawesome-svg-core';
    | ^^^^^^^^^^^^^^^^^^^^^^^^^^^^^^^^^^^^^^^^^^^^^^^^^^^^^^^^^^^
  4 | import '@fortawesome/fontawesome-svg-core/styles.css';
  5 | import "./globals.css";
  6 | import { Header } from "@/components/layout/Header";

https://nextjs.org/docs/messages/module-not-found @ http://localhost:3000/_next/static/chunks/5f34d_next_dist_253e5923._.js:1920
[  530569ms] [ERROR] ./app/layout.tsx:4:1
Module not found: Can't resolve '@fortawesome/fontawesome-svg-core/styles.css'
  2 | import { Geist, Geist_Mono } from "next/font/google";
  3 | import { config } from '@fortawesome/fontawesome-svg-core';
> 4 | import '@fortawesome/fontawesome-svg-core/styles.css';
    | ^^^^^^^^^^^^^^^^^^^^^^^^^^^^^^^^^^^^^^^^^^^^^^^^^^^^^^
  5 | import "./globals.css";
  6 | import { Header } from "@/components/layout/Header";
  7 | import { Footer } from "@/components/layout/Footer";

https://nextjs.org/docs/messages/module-not-found @ http://localhost:3000/_next/static/chunks/5f34d_next_dist_253e5923._.js:1920
[  530569ms] [ERROR] ./app/page.tsx:8:1
Module not found: Can't resolve '@fortawesome/free-solid-svg-icons'
   6 | import { LogoScroller } from '@/components/home/LogoScroller';
   7 | import { FontAwesomeIcon } from '@fortawesome/react-fontawesome';
>  8 | import {
     | ^^^^^^^^
>  9 |   faBolt,
     | ^^^^^^^^^
> 10 |   faNetworkWired,
     | ^^^^^^^^^
> 11 |   faCode,
     | ^^^^^^^^^
> 12 |   faArrowRight,
     | ^^^^^^^^^
> 13 |   faCircleCheck,
     | ^^^^^^^^^
> 14 |   faChevronDown,
     | ^^^^^^^^^
> 15 | } from '@fortawesome/free-solid-svg-icons';
     | ^^^^^^^^^^^^^^^^^^^^^^^^^^^^^^^^^^^^^^^^^^^^
  16 | import { ImageWithFallback } from '@/components/shared/ImageWithFallback';
  17 | import { RFQForm } from '@/components/forms/rfq';
  18 |

Import traces:
  Client Component Browser:
    ./app/page.tsx [Client Component Browser]
    ./app/page.tsx [Server Component]

  Client Component SSR:
    ./app/page.tsx [Client Component SSR]
    ./app/page.tsx [Server Component]

https://nextjs.org/docs/messages/module-not-found @ http://localhost:3000/_next/static/chunks/5f34d_next_dist_253e5923._.js:1920
[  530569ms] [ERROR] ./app/page.tsx:7:1
Module not found: Can't resolve '@fortawesome/react-fontawesome'
   5 | import { HeroSlider } from '@/components/home/HeroSlider';
   6 | import { LogoScroller } from '@/components/home/LogoScroller';
>  7 | import { FontAwesomeIcon } from '@fortawesome/react-fontawesome';
     | ^^^^^^^^^^^^^^^^^^^^^^^^^^^^^^^^^^^^^^^^^^^^^^^^^^^^^^^^^^^^^^^^^
   8 | import {
   9 |   faBolt,
  10 |   faNetworkWired,

Import traces:
  Client Component Browser:
    ./app/page.tsx [Client Component Browser]
    ./app/page.tsx [Server Component]

  Client Component SSR:
    ./app/page.tsx [Client Component SSR]
    ./app/page.tsx [Server Component]

https://nextjs.org/docs/messages/module-not-found @ http://localhost:3000/_next/static/chunks/5f34d_next_dist_253e5923._.js:1920
[  530569ms] [ERROR] ./components/forms/rfq/RFQForm.tsx:5:1
Module not found: Can't resolve '@hookform/resolvers/zod'
  3 | import { useEffect, useRef } from 'react';
  4 | import { useForm } from 'react-hook-form';
> 5 | import { zodResolver } from '@hookform/resolvers/zod';
    | ^^^^^^^^^^^^^^^^^^^^^^^^^^^^^^^^^^^^^^^^^^^^^^^^^^^^^^
  6 | import { CheckCircle } from 'lucide-react';
  7 | import { rfqSchema, rfqPresetSchema, type RFQFormData, type RFQPresetFormData } from '@/lib/forms/schemas';
  8 | import { useFormSubmit } from '@/hooks/useFormSubmit';

Import traces:
  Client Component Browser:
    ./components/forms/rfq/RFQForm.tsx [Client Component Browser]
    ./app/page.tsx [Client Component Browser]
    ./app/page.tsx [Server Component]

  Client Component SSR:
    ./components/forms/rfq/RFQForm.tsx [Client Component SSR]
    ./app/page.tsx [Client Component SSR]
    ./app/page.tsx [Server Component]

https://nextjs.org/docs/messages/module-not-found @ http://localhost:3000/_next/static/chunks/5f34d_next_dist_253e5923._.js:1920
[  530569ms] [ERROR] ./lib/forms/schemas.ts:1:1
Module not found: Can't resolve 'zod'
> 1 | import { z } from 'zod';
    | ^^^^^^^^^^^^^^^^^^^^^^^^
  2 |
  3 | const baseFields = {
  4 |   firstName: z.string().min(1, 'First name is required'),

Import traces:
  Client Component Browser:
    ./lib/forms/schemas.ts [Client Component Browser]
    ./components/forms/rfq/RFQForm.tsx [Client Component Browser]
    ./app/page.tsx [Client Component Browser]
    ./app/page.tsx [Server Component]

  Client Component SSR:
    ./lib/forms/schemas.ts [Client Component SSR]
    ./components/forms/rfq/RFQForm.tsx [Client Component SSR]
    ./app/page.tsx [Client Component SSR]
    ./app/page.tsx [Server Component]

https://nextjs.org/docs/messages/module-not-found @ http://localhost:3000/_next/static/chunks/5f34d_next_dist_253e5923._.js:1920
[  530644ms] [ERROR] ./app/layout.tsx:3:1
Module not found: Can't resolve '@fortawesome/fontawesome-svg-core'
  1 | import type { Metadata } from "next";
  2 | import { Geist, Geist_Mono } from "next/font/google";
> 3 | import { config } from '@fortawesome/fontawesome-svg-core';
    | ^^^^^^^^^^^^^^^^^^^^^^^^^^^^^^^^^^^^^^^^^^^^^^^^^^^^^^^^^^^
  4 | import '@fortawesome/fontawesome-svg-core/styles.css';
  5 | import "./globals.css";
  6 | import { Header } from "@/components/layout/Header";

https://nextjs.org/docs/messages/module-not-found @ http://localhost:3000/_next/static/chunks/5f34d_next_dist_253e5923._.js:1920
[  530644ms] [ERROR] ./app/layout.tsx:4:1
Module not found: Can't resolve '@fortawesome/fontawesome-svg-core/styles.css'
  2 | import { Geist, Geist_Mono } from "next/font/google";
  3 | import { config } from '@fortawesome/fontawesome-svg-core';
> 4 | import '@fortawesome/fontawesome-svg-core/styles.css';
    | ^^^^^^^^^^^^^^^^^^^^^^^^^^^^^^^^^^^^^^^^^^^^^^^^^^^^^^
  5 | import "./globals.css";
  6 | import { Header } from "@/components/layout/Header";
  7 | import { Footer } from "@/components/layout/Footer";

https://nextjs.org/docs/messages/module-not-found @ http://localhost:3000/_next/static/chunks/5f34d_next_dist_253e5923._.js:1920
[  530644ms] [ERROR] ./app/page.tsx:8:1
Module not found: Can't resolve '@fortawesome/free-solid-svg-icons'
   6 | import { LogoScroller } from '@/components/home/LogoScroller';
   7 | import { FontAwesomeIcon } from '@fortawesome/react-fontawesome';
>  8 | import {
     | ^^^^^^^^
>  9 |   faBolt,
     | ^^^^^^^^^
> 10 |   faNetworkWired,
     | ^^^^^^^^^
> 11 |   faCode,
     | ^^^^^^^^^
> 12 |   faArrowRight,
     | ^^^^^^^^^
> 13 |   faCircleCheck,
     | ^^^^^^^^^
> 14 |   faChevronDown,
     | ^^^^^^^^^
> 15 | } from '@fortawesome/free-solid-svg-icons';
     | ^^^^^^^^^^^^^^^^^^^^^^^^^^^^^^^^^^^^^^^^^^^^
  16 | import { ImageWithFallback } from '@/components/shared/ImageWithFallback';
  17 | import { RFQForm } from '@/components/forms/rfq';
  18 |

Import traces:
  Client Component Browser:
    ./app/page.tsx [Client Component Browser]
    ./app/page.tsx [Server Component]

  Client Component SSR:
    ./app/page.tsx [Client Component SSR]
    ./app/page.tsx [Server Component]

https://nextjs.org/docs/messages/module-not-found @ http://localhost:3000/_next/static/chunks/5f34d_next_dist_253e5923._.js:1920
[  530644ms] [ERROR] ./app/page.tsx:7:1
Module not found: Can't resolve '@fortawesome/react-fontawesome'
   5 | import { HeroSlider } from '@/components/home/HeroSlider';
   6 | import { LogoScroller } from '@/components/home/LogoScroller';
>  7 | import { FontAwesomeIcon } from '@fortawesome/react-fontawesome';
     | ^^^^^^^^^^^^^^^^^^^^^^^^^^^^^^^^^^^^^^^^^^^^^^^^^^^^^^^^^^^^^^^^^
   8 | import {
   9 |   faBolt,
  10 |   faNetworkWired,

Import traces:
  Client Component Browser:
    ./app/page.tsx [Client Component Browser]
    ./app/page.tsx [Server Component]

  Client Component SSR:
    ./app/page.tsx [Client Component SSR]
    ./app/page.tsx [Server Component]

https://nextjs.org/docs/messages/module-not-found @ http://localhost:3000/_next/static/chunks/5f34d_next_dist_253e5923._.js:1920
[  530644ms] [ERROR] ./components/forms/rfq/RFQForm.tsx:5:1
Module not found: Can't resolve '@hookform/resolvers/zod'
  3 | import { useEffect, useRef } from 'react';
  4 | import { useForm } from 'react-hook-form';
> 5 | import { zodResolver } from '@hookform/resolvers/zod';
    | ^^^^^^^^^^^^^^^^^^^^^^^^^^^^^^^^^^^^^^^^^^^^^^^^^^^^^^
  6 | import { CheckCircle } from 'lucide-react';
  7 | import { rfqSchema, rfqPresetSchema, type RFQFormData, type RFQPresetFormData } from '@/lib/forms/schemas';
  8 | import { useFormSubmit } from '@/hooks/useFormSubmit';

Import traces:
  Client Component Browser:
    ./components/forms/rfq/RFQForm.tsx [Client Component Browser]
    ./app/page.tsx [Client Component Browser]
    ./app/page.tsx [Server Component]

  Client Component SSR:
    ./components/forms/rfq/RFQForm.tsx [Client Component SSR]
    ./app/page.tsx [Client Component SSR]
    ./app/page.tsx [Server Component]

https://nextjs.org/docs/messages/module-not-found @ http://localhost:3000/_next/static/chunks/5f34d_next_dist_253e5923._.js:1920
[  530644ms] [ERROR] ./lib/forms/schemas.ts:1:1
Module not found: Can't resolve 'zod'
> 1 | import { z } from 'zod';
    | ^^^^^^^^^^^^^^^^^^^^^^^^
  2 |
  3 | const baseFields = {
  4 |   firstName: z.string().min(1, 'First name is required'),

Import traces:
  Client Component Browser:
    ./lib/forms/schemas.ts [Client Component Browser]
    ./components/forms/rfq/RFQForm.tsx [Client Component Browser]
    ./app/page.tsx [Client Component Browser]
    ./app/page.tsx [Server Component]

  Client Component SSR:
    ./lib/forms/schemas.ts [Client Component SSR]
    ./components/forms/rfq/RFQForm.tsx [Client Component SSR]
    ./app/page.tsx [Client Component SSR]
    ./app/page.tsx [Server Component]

https://nextjs.org/docs/messages/module-not-found @ http://localhost:3000/_next/static/chunks/5f34d_next_dist_253e5923._.js:1920
[  530721ms] [ERROR] ./app/layout.tsx:3:1
Module not found: Can't resolve '@fortawesome/fontawesome-svg-core'
  1 | import type { Metadata } from "next";
  2 | import { Geist, Geist_Mono } from "next/font/google";
> 3 | import { config } from '@fortawesome/fontawesome-svg-core';
    | ^^^^^^^^^^^^^^^^^^^^^^^^^^^^^^^^^^^^^^^^^^^^^^^^^^^^^^^^^^^
  4 | import '@fortawesome/fontawesome-svg-core/styles.css';
  5 | import "./globals.css";
  6 | import { Header } from "@/components/layout/Header";

https://nextjs.org/docs/messages/module-not-found @ http://localhost:3000/_next/static/chunks/5f34d_next_dist_253e5923._.js:1920
[  530721ms] [ERROR] ./app/layout.tsx:4:1
Module not found: Can't resolve '@fortawesome/fontawesome-svg-core/styles.css'
  2 | import { Geist, Geist_Mono } from "next/font/google";
  3 | import { config } from '@fortawesome/fontawesome-svg-core';
> 4 | import '@fortawesome/fontawesome-svg-core/styles.css';
    | ^^^^^^^^^^^^^^^^^^^^^^^^^^^^^^^^^^^^^^^^^^^^^^^^^^^^^^
  5 | import "./globals.css";
  6 | import { Header } from "@/components/layout/Header";
  7 | import { Footer } from "@/components/layout/Footer";

https://nextjs.org/docs/messages/module-not-found @ http://localhost:3000/_next/static/chunks/5f34d_next_dist_253e5923._.js:1920
[  530721ms] [ERROR] ./app/page.tsx:8:1
Module not found: Can't resolve '@fortawesome/free-solid-svg-icons'
   6 | import { LogoScroller } from '@/components/home/LogoScroller';
   7 | import { FontAwesomeIcon } from '@fortawesome/react-fontawesome';
>  8 | import {
     | ^^^^^^^^
>  9 |   faBolt,
     | ^^^^^^^^^
> 10 |   faNetworkWired,
     | ^^^^^^^^^
> 11 |   faCode,
     | ^^^^^^^^^
> 12 |   faArrowRight,
     | ^^^^^^^^^
> 13 |   faCircleCheck,
     | ^^^^^^^^^
> 14 |   faChevronDown,
     | ^^^^^^^^^
> 15 | } from '@fortawesome/free-solid-svg-icons';
     | ^^^^^^^^^^^^^^^^^^^^^^^^^^^^^^^^^^^^^^^^^^^^
  16 | import { ImageWithFallback } from '@/components/shared/ImageWithFallback';
  17 | import { RFQForm } from '@/components/forms/rfq';
  18 |

Import traces:
  Client Component Browser:
    ./app/page.tsx [Client Component Browser]
    ./app/page.tsx [Server Component]

  Client Component SSR:
    ./app/page.tsx [Client Component SSR]
    ./app/page.tsx [Server Component]

https://nextjs.org/docs/messages/module-not-found @ http://localhost:3000/_next/static/chunks/5f34d_next_dist_253e5923._.js:1920
[  530721ms] [ERROR] ./app/page.tsx:7:1
Module not found: Can't resolve '@fortawesome/react-fontawesome'
   5 | import { HeroSlider } from '@/components/home/HeroSlider';
   6 | import { LogoScroller } from '@/components/home/LogoScroller';
>  7 | import { FontAwesomeIcon } from '@fortawesome/react-fontawesome';
     | ^^^^^^^^^^^^^^^^^^^^^^^^^^^^^^^^^^^^^^^^^^^^^^^^^^^^^^^^^^^^^^^^^
   8 | import {
   9 |   faBolt,
  10 |   faNetworkWired,

Import traces:
  Client Component Browser:
    ./app/page.tsx [Client Component Browser]
    ./app/page.tsx [Server Component]

  Client Component SSR:
    ./app/page.tsx [Client Component SSR]
    ./app/page.tsx [Server Component]

https://nextjs.org/docs/messages/module-not-found @ http://localhost:3000/_next/static/chunks/5f34d_next_dist_253e5923._.js:1920
[  530721ms] [ERROR] ./components/forms/rfq/RFQForm.tsx:5:1
Module not found: Can't resolve '@hookform/resolvers/zod'
  3 | import { useEffect, useRef } from 'react';
  4 | import { useForm } from 'react-hook-form';
> 5 | import { zodResolver } from '@hookform/resolvers/zod';
    | ^^^^^^^^^^^^^^^^^^^^^^^^^^^^^^^^^^^^^^^^^^^^^^^^^^^^^^
  6 | import { CheckCircle } from 'lucide-react';
  7 | import { rfqSchema, rfqPresetSchema, type RFQFormData, type RFQPresetFormData } from '@/lib/forms/schemas';
  8 | import { useFormSubmit } from '@/hooks/useFormSubmit';

Import traces:
  Client Component Browser:
    ./components/forms/rfq/RFQForm.tsx [Client Component Browser]
    ./app/page.tsx [Client Component Browser]
    ./app/page.tsx [Server Component]

  Client Component SSR:
    ./components/forms/rfq/RFQForm.tsx [Client Component SSR]
    ./app/page.tsx [Client Component SSR]
    ./app/page.tsx [Server Component]

https://nextjs.org/docs/messages/module-not-found @ http://localhost:3000/_next/static/chunks/5f34d_next_dist_253e5923._.js:1920
[  530721ms] [ERROR] ./lib/forms/schemas.ts:1:1
Module not found: Can't resolve 'zod'
> 1 | import { z } from 'zod';
    | ^^^^^^^^^^^^^^^^^^^^^^^^
  2 |
  3 | const baseFields = {
  4 |   firstName: z.string().min(1, 'First name is required'),

Import traces:
  Client Component Browser:
    ./lib/forms/schemas.ts [Client Component Browser]
    ./components/forms/rfq/RFQForm.tsx [Client Component Browser]
    ./app/page.tsx [Client Component Browser]
    ./app/page.tsx [Server Component]

  Client Component SSR:
    ./lib/forms/schemas.ts [Client Component SSR]
    ./components/forms/rfq/RFQForm.tsx [Client Component SSR]
    ./app/page.tsx [Client Component SSR]
    ./app/page.tsx [Server Component]

https://nextjs.org/docs/messages/module-not-found @ http://localhost:3000/_next/static/chunks/5f34d_next_dist_253e5923._.js:1920
[  530796ms] [ERROR] ./app/layout.tsx:3:1
Module not found: Can't resolve '@fortawesome/fontawesome-svg-core'
  1 | import type { Metadata } from "next";
  2 | import { Geist, Geist_Mono } from "next/font/google";
> 3 | import { config } from '@fortawesome/fontawesome-svg-core';
    | ^^^^^^^^^^^^^^^^^^^^^^^^^^^^^^^^^^^^^^^^^^^^^^^^^^^^^^^^^^^
  4 | import '@fortawesome/fontawesome-svg-core/styles.css';
  5 | import "./globals.css";
  6 | import { Header } from "@/components/layout/Header";

https://nextjs.org/docs/messages/module-not-found @ http://localhost:3000/_next/static/chunks/5f34d_next_dist_253e5923._.js:1920
[  530797ms] [ERROR] ./app/layout.tsx:4:1
Module not found: Can't resolve '@fortawesome/fontawesome-svg-core/styles.css'
  2 | import { Geist, Geist_Mono } from "next/font/google";
  3 | import { config } from '@fortawesome/fontawesome-svg-core';
> 4 | import '@fortawesome/fontawesome-svg-core/styles.css';
    | ^^^^^^^^^^^^^^^^^^^^^^^^^^^^^^^^^^^^^^^^^^^^^^^^^^^^^^
  5 | import "./globals.css";
  6 | import { Header } from "@/components/layout/Header";
  7 | import { Footer } from "@/components/layout/Footer";

https://nextjs.org/docs/messages/module-not-found @ http://localhost:3000/_next/static/chunks/5f34d_next_dist_253e5923._.js:1920
[  530797ms] [ERROR] ./app/page.tsx:8:1
Module not found: Can't resolve '@fortawesome/free-solid-svg-icons'
   6 | import { LogoScroller } from '@/components/home/LogoScroller';
   7 | import { FontAwesomeIcon } from '@fortawesome/react-fontawesome';
>  8 | import {
     | ^^^^^^^^
>  9 |   faBolt,
     | ^^^^^^^^^
> 10 |   faNetworkWired,
     | ^^^^^^^^^
> 11 |   faCode,
     | ^^^^^^^^^
> 12 |   faArrowRight,
     | ^^^^^^^^^
> 13 |   faCircleCheck,
     | ^^^^^^^^^
> 14 |   faChevronDown,
     | ^^^^^^^^^
> 15 | } from '@fortawesome/free-solid-svg-icons';
     | ^^^^^^^^^^^^^^^^^^^^^^^^^^^^^^^^^^^^^^^^^^^^
  16 | import { ImageWithFallback } from '@/components/shared/ImageWithFallback';
  17 | import { RFQForm } from '@/components/forms/rfq';
  18 |

Import traces:
  Client Component Browser:
    ./app/page.tsx [Client Component Browser]
    ./app/page.tsx [Server Component]

  Client Component SSR:
    ./app/page.tsx [Client Component SSR]
    ./app/page.tsx [Server Component]

https://nextjs.org/docs/messages/module-not-found @ http://localhost:3000/_next/static/chunks/5f34d_next_dist_253e5923._.js:1920
[  530798ms] [ERROR] ./app/page.tsx:7:1
Module not found: Can't resolve '@fortawesome/react-fontawesome'
   5 | import { HeroSlider } from '@/components/home/HeroSlider';
   6 | import { LogoScroller } from '@/components/home/LogoScroller';
>  7 | import { FontAwesomeIcon } from '@fortawesome/react-fontawesome';
     | ^^^^^^^^^^^^^^^^^^^^^^^^^^^^^^^^^^^^^^^^^^^^^^^^^^^^^^^^^^^^^^^^^
   8 | import {
   9 |   faBolt,
  10 |   faNetworkWired,

Import traces:
  Client Component Browser:
    ./app/page.tsx [Client Component Browser]
    ./app/page.tsx [Server Component]

  Client Component SSR:
    ./app/page.tsx [Client Component SSR]
    ./app/page.tsx [Server Component]

https://nextjs.org/docs/messages/module-not-found @ http://localhost:3000/_next/static/chunks/5f34d_next_dist_253e5923._.js:1920
[  530798ms] [ERROR] ./components/forms/rfq/RFQForm.tsx:5:1
Module not found: Can't resolve '@hookform/resolvers/zod'
  3 | import { useEffect, useRef } from 'react';
  4 | import { useForm } from 'react-hook-form';
> 5 | import { zodResolver } from '@hookform/resolvers/zod';
    | ^^^^^^^^^^^^^^^^^^^^^^^^^^^^^^^^^^^^^^^^^^^^^^^^^^^^^^
  6 | import { CheckCircle } from 'lucide-react';
  7 | import { rfqSchema, rfqPresetSchema, type RFQFormData, type RFQPresetFormData } from '@/lib/forms/schemas';
  8 | import { useFormSubmit } from '@/hooks/useFormSubmit';

Import traces:
  Client Component Browser:
    ./components/forms/rfq/RFQForm.tsx [Client Component Browser]
    ./app/page.tsx [Client Component Browser]
    ./app/page.tsx [Server Component]

  Client Component SSR:
    ./components/forms/rfq/RFQForm.tsx [Client Component SSR]
    ./app/page.tsx [Client Component SSR]
    ./app/page.tsx [Server Component]

https://nextjs.org/docs/messages/module-not-found @ http://localhost:3000/_next/static/chunks/5f34d_next_dist_253e5923._.js:1920
[  530798ms] [ERROR] ./lib/forms/schemas.ts:1:1
Module not found: Can't resolve 'zod'
> 1 | import { z } from 'zod';
    | ^^^^^^^^^^^^^^^^^^^^^^^^
  2 |
  3 | const baseFields = {
  4 |   firstName: z.string().min(1, 'First name is required'),

Import traces:
  Client Component Browser:
    ./lib/forms/schemas.ts [Client Component Browser]
    ./components/forms/rfq/RFQForm.tsx [Client Component Browser]
    ./app/page.tsx [Client Component Browser]
    ./app/page.tsx [Server Component]

  Client Component SSR:
    ./lib/forms/schemas.ts [Client Component SSR]
    ./components/forms/rfq/RFQForm.tsx [Client Component SSR]
    ./app/page.tsx [Client Component SSR]
    ./app/page.tsx [Server Component]

https://nextjs.org/docs/messages/module-not-found @ http://localhost:3000/_next/static/chunks/5f34d_next_dist_253e5923._.js:1920
[  530875ms] [ERROR] ./app/layout.tsx:3:1
Module not found: Can't resolve '@fortawesome/fontawesome-svg-core'
  1 | import type { Metadata } from "next";
  2 | import { Geist, Geist_Mono } from "next/font/google";
> 3 | import { config } from '@fortawesome/fontawesome-svg-core';
    | ^^^^^^^^^^^^^^^^^^^^^^^^^^^^^^^^^^^^^^^^^^^^^^^^^^^^^^^^^^^
  4 | import '@fortawesome/fontawesome-svg-core/styles.css';
  5 | import "./globals.css";
  6 | import { Header } from "@/components/layout/Header";

https://nextjs.org/docs/messages/module-not-found @ http://localhost:3000/_next/static/chunks/5f34d_next_dist_253e5923._.js:1920
[  530875ms] [ERROR] ./app/layout.tsx:4:1
Module not found: Can't resolve '@fortawesome/fontawesome-svg-core/styles.css'
  2 | import { Geist, Geist_Mono } from "next/font/google";
  3 | import { config } from '@fortawesome/fontawesome-svg-core';
> 4 | import '@fortawesome/fontawesome-svg-core/styles.css';
    | ^^^^^^^^^^^^^^^^^^^^^^^^^^^^^^^^^^^^^^^^^^^^^^^^^^^^^^
  5 | import "./globals.css";
  6 | import { Header } from "@/components/layout/Header";
  7 | import { Footer } from "@/components/layout/Footer";

https://nextjs.org/docs/messages/module-not-found @ http://localhost:3000/_next/static/chunks/5f34d_next_dist_253e5923._.js:1920
[  530875ms] [ERROR] ./app/page.tsx:8:1
Module not found: Can't resolve '@fortawesome/free-solid-svg-icons'
   6 | import { LogoScroller } from '@/components/home/LogoScroller';
   7 | import { FontAwesomeIcon } from '@fortawesome/react-fontawesome';
>  8 | import {
     | ^^^^^^^^
>  9 |   faBolt,
     | ^^^^^^^^^
> 10 |   faNetworkWired,
     | ^^^^^^^^^
> 11 |   faCode,
     | ^^^^^^^^^
> 12 |   faArrowRight,
     | ^^^^^^^^^
> 13 |   faCircleCheck,
     | ^^^^^^^^^
> 14 |   faChevronDown,
     | ^^^^^^^^^
> 15 | } from '@fortawesome/free-solid-svg-icons';
     | ^^^^^^^^^^^^^^^^^^^^^^^^^^^^^^^^^^^^^^^^^^^^
  16 | import { ImageWithFallback } from '@/components/shared/ImageWithFallback';
  17 | import { RFQForm } from '@/components/forms/rfq';
  18 |

Import traces:
  Client Component Browser:
    ./app/page.tsx [Client Component Browser]
    ./app/page.tsx [Server Component]

  Client Component SSR:
    ./app/page.tsx [Client Component SSR]
    ./app/page.tsx [Server Component]

https://nextjs.org/docs/messages/module-not-found @ http://localhost:3000/_next/static/chunks/5f34d_next_dist_253e5923._.js:1920
[  530875ms] [ERROR] ./app/page.tsx:7:1
Module not found: Can't resolve '@fortawesome/react-fontawesome'
   5 | import { HeroSlider } from '@/components/home/HeroSlider';
   6 | import { LogoScroller } from '@/components/home/LogoScroller';
>  7 | import { FontAwesomeIcon } from '@fortawesome/react-fontawesome';
     | ^^^^^^^^^^^^^^^^^^^^^^^^^^^^^^^^^^^^^^^^^^^^^^^^^^^^^^^^^^^^^^^^^
   8 | import {
   9 |   faBolt,
  10 |   faNetworkWired,

Import traces:
  Client Component Browser:
    ./app/page.tsx [Client Component Browser]
    ./app/page.tsx [Server Component]

  Client Component SSR:
    ./app/page.tsx [Client Component SSR]
    ./app/page.tsx [Server Component]

https://nextjs.org/docs/messages/module-not-found @ http://localhost:3000/_next/static/chunks/5f34d_next_dist_253e5923._.js:1920
[  530875ms] [ERROR] ./components/forms/rfq/RFQForm.tsx:5:1
Module not found: Can't resolve '@hookform/resolvers/zod'
  3 | import { useEffect, useRef } from 'react';
  4 | import { useForm } from 'react-hook-form';
> 5 | import { zodResolver } from '@hookform/resolvers/zod';
    | ^^^^^^^^^^^^^^^^^^^^^^^^^^^^^^^^^^^^^^^^^^^^^^^^^^^^^^
  6 | import { CheckCircle } from 'lucide-react';
  7 | import { rfqSchema, rfqPresetSchema, type RFQFormData, type RFQPresetFormData } from '@/lib/forms/schemas';
  8 | import { useFormSubmit } from '@/hooks/useFormSubmit';

Import traces:
  Client Component Browser:
    ./components/forms/rfq/RFQForm.tsx [Client Component Browser]
    ./app/page.tsx [Client Component Browser]
    ./app/page.tsx [Server Component]

  Client Component SSR:
    ./components/forms/rfq/RFQForm.tsx [Client Component SSR]
    ./app/page.tsx [Client Component SSR]
    ./app/page.tsx [Server Component]

https://nextjs.org/docs/messages/module-not-found @ http://localhost:3000/_next/static/chunks/5f34d_next_dist_253e5923._.js:1920
[  530875ms] [ERROR] ./lib/forms/schemas.ts:1:1
Module not found: Can't resolve 'zod'
> 1 | import { z } from 'zod';
    | ^^^^^^^^^^^^^^^^^^^^^^^^
  2 |
  3 | const baseFields = {
  4 |   firstName: z.string().min(1, 'First name is required'),

Import traces:
  Client Component Browser:
    ./lib/forms/schemas.ts [Client Component Browser]
    ./components/forms/rfq/RFQForm.tsx [Client Component Browser]
    ./app/page.tsx [Client Component Browser]
    ./app/page.tsx [Server Component]

  Client Component SSR:
    ./lib/forms/schemas.ts [Client Component SSR]
    ./components/forms/rfq/RFQForm.tsx [Client Component SSR]
    ./app/page.tsx [Client Component SSR]
    ./app/page.tsx [Server Component]

https://nextjs.org/docs/messages/module-not-found @ http://localhost:3000/_next/static/chunks/5f34d_next_dist_253e5923._.js:1920
[  530954ms] [ERROR] ./app/layout.tsx:3:1
Module not found: Can't resolve '@fortawesome/fontawesome-svg-core'
  1 | import type { Metadata } from "next";
  2 | import { Geist, Geist_Mono } from "next/font/google";
> 3 | import { config } from '@fortawesome/fontawesome-svg-core';
    | ^^^^^^^^^^^^^^^^^^^^^^^^^^^^^^^^^^^^^^^^^^^^^^^^^^^^^^^^^^^
  4 | import '@fortawesome/fontawesome-svg-core/styles.css';
  5 | import "./globals.css";
  6 | import { Header } from "@/components/layout/Header";

https://nextjs.org/docs/messages/module-not-found @ http://localhost:3000/_next/static/chunks/5f34d_next_dist_253e5923._.js:1920
[  530954ms] [ERROR] ./app/layout.tsx:4:1
Module not found: Can't resolve '@fortawesome/fontawesome-svg-core/styles.css'
  2 | import { Geist, Geist_Mono } from "next/font/google";
  3 | import { config } from '@fortawesome/fontawesome-svg-core';
> 4 | import '@fortawesome/fontawesome-svg-core/styles.css';
    | ^^^^^^^^^^^^^^^^^^^^^^^^^^^^^^^^^^^^^^^^^^^^^^^^^^^^^^
  5 | import "./globals.css";
  6 | import { Header } from "@/components/layout/Header";
  7 | import { Footer } from "@/components/layout/Footer";

https://nextjs.org/docs/messages/module-not-found @ http://localhost:3000/_next/static/chunks/5f34d_next_dist_253e5923._.js:1920
[  530954ms] [ERROR] ./app/page.tsx:8:1
Module not found: Can't resolve '@fortawesome/free-solid-svg-icons'
   6 | import { LogoScroller } from '@/components/home/LogoScroller';
   7 | import { FontAwesomeIcon } from '@fortawesome/react-fontawesome';
>  8 | import {
     | ^^^^^^^^
>  9 |   faBolt,
     | ^^^^^^^^^
> 10 |   faNetworkWired,
     | ^^^^^^^^^
> 11 |   faCode,
     | ^^^^^^^^^
> 12 |   faArrowRight,
     | ^^^^^^^^^
> 13 |   faCircleCheck,
     | ^^^^^^^^^
> 14 |   faChevronDown,
     | ^^^^^^^^^
> 15 | } from '@fortawesome/free-solid-svg-icons';
     | ^^^^^^^^^^^^^^^^^^^^^^^^^^^^^^^^^^^^^^^^^^^^
  16 | import { ImageWithFallback } from '@/components/shared/ImageWithFallback';
  17 | import { RFQForm } from '@/components/forms/rfq';
  18 |

Import traces:
  Client Component Browser:
    ./app/page.tsx [Client Component Browser]
    ./app/page.tsx [Server Component]

  Client Component SSR:
    ./app/page.tsx [Client Component SSR]
    ./app/page.tsx [Server Component]

https://nextjs.org/docs/messages/module-not-found @ http://localhost:3000/_next/static/chunks/5f34d_next_dist_253e5923._.js:1920
[  530955ms] [ERROR] ./app/page.tsx:7:1
Module not found: Can't resolve '@fortawesome/react-fontawesome'
   5 | import { HeroSlider } from '@/components/home/HeroSlider';
   6 | import { LogoScroller } from '@/components/home/LogoScroller';
>  7 | import { FontAwesomeIcon } from '@fortawesome/react-fontawesome';
     | ^^^^^^^^^^^^^^^^^^^^^^^^^^^^^^^^^^^^^^^^^^^^^^^^^^^^^^^^^^^^^^^^^
   8 | import {
   9 |   faBolt,
  10 |   faNetworkWired,

Import traces:
  Client Component Browser:
    ./app/page.tsx [Client Component Browser]
    ./app/page.tsx [Server Component]

  Client Component SSR:
    ./app/page.tsx [Client Component SSR]
    ./app/page.tsx [Server Component]

https://nextjs.org/docs/messages/module-not-found @ http://localhost:3000/_next/static/chunks/5f34d_next_dist_253e5923._.js:1920
[  530955ms] [ERROR] ./components/forms/rfq/RFQForm.tsx:5:1
Module not found: Can't resolve '@hookform/resolvers/zod'
  3 | import { useEffect, useRef } from 'react';
  4 | import { useForm } from 'react-hook-form';
> 5 | import { zodResolver } from '@hookform/resolvers/zod';
    | ^^^^^^^^^^^^^^^^^^^^^^^^^^^^^^^^^^^^^^^^^^^^^^^^^^^^^^
  6 | import { CheckCircle } from 'lucide-react';
  7 | import { rfqSchema, rfqPresetSchema, type RFQFormData, type RFQPresetFormData } from '@/lib/forms/schemas';
  8 | import { useFormSubmit } from '@/hooks/useFormSubmit';

Import traces:
  Client Component Browser:
    ./components/forms/rfq/RFQForm.tsx [Client Component Browser]
    ./app/page.tsx [Client Component Browser]
    ./app/page.tsx [Server Component]

  Client Component SSR:
    ./components/forms/rfq/RFQForm.tsx [Client Component SSR]
    ./app/page.tsx [Client Component SSR]
    ./app/page.tsx [Server Component]

https://nextjs.org/docs/messages/module-not-found @ http://localhost:3000/_next/static/chunks/5f34d_next_dist_253e5923._.js:1920
[  530955ms] [ERROR] ./lib/forms/schemas.ts:1:1
Module not found: Can't resolve 'zod'
> 1 | import { z } from 'zod';
    | ^^^^^^^^^^^^^^^^^^^^^^^^
  2 |
  3 | const baseFields = {
  4 |   firstName: z.string().min(1, 'First name is required'),

Import traces:
  Client Component Browser:
    ./lib/forms/schemas.ts [Client Component Browser]
    ./components/forms/rfq/RFQForm.tsx [Client Component Browser]
    ./app/page.tsx [Client Component Browser]
    ./app/page.tsx [Server Component]

  Client Component SSR:
    ./lib/forms/schemas.ts [Client Component SSR]
    ./components/forms/rfq/RFQForm.tsx [Client Component SSR]
    ./app/page.tsx [Client Component SSR]
    ./app/page.tsx [Server Component]

https://nextjs.org/docs/messages/module-not-found @ http://localhost:3000/_next/static/chunks/5f34d_next_dist_253e5923._.js:1920
[  531034ms] [ERROR] ./app/layout.tsx:3:1
Module not found: Can't resolve '@fortawesome/fontawesome-svg-core'
  1 | import type { Metadata } from "next";
  2 | import { Geist, Geist_Mono } from "next/font/google";
> 3 | import { config } from '@fortawesome/fontawesome-svg-core';
    | ^^^^^^^^^^^^^^^^^^^^^^^^^^^^^^^^^^^^^^^^^^^^^^^^^^^^^^^^^^^
  4 | import '@fortawesome/fontawesome-svg-core/styles.css';
  5 | import "./globals.css";
  6 | import { Header } from "@/components/layout/Header";

https://nextjs.org/docs/messages/module-not-found @ http://localhost:3000/_next/static/chunks/5f34d_next_dist_253e5923._.js:1920
[  531034ms] [ERROR] ./app/layout.tsx:4:1
Module not found: Can't resolve '@fortawesome/fontawesome-svg-core/styles.css'
  2 | import { Geist, Geist_Mono } from "next/font/google";
  3 | import { config } from '@fortawesome/fontawesome-svg-core';
> 4 | import '@fortawesome/fontawesome-svg-core/styles.css';
    | ^^^^^^^^^^^^^^^^^^^^^^^^^^^^^^^^^^^^^^^^^^^^^^^^^^^^^^
  5 | import "./globals.css";
  6 | import { Header } from "@/components/layout/Header";
  7 | import { Footer } from "@/components/layout/Footer";

https://nextjs.org/docs/messages/module-not-found @ http://localhost:3000/_next/static/chunks/5f34d_next_dist_253e5923._.js:1920
[  531034ms] [ERROR] ./app/page.tsx:8:1
Module not found: Can't resolve '@fortawesome/free-solid-svg-icons'
   6 | import { LogoScroller } from '@/components/home/LogoScroller';
   7 | import { FontAwesomeIcon } from '@fortawesome/react-fontawesome';
>  8 | import {
     | ^^^^^^^^
>  9 |   faBolt,
     | ^^^^^^^^^
> 10 |   faNetworkWired,
     | ^^^^^^^^^
> 11 |   faCode,
     | ^^^^^^^^^
> 12 |   faArrowRight,
     | ^^^^^^^^^
> 13 |   faCircleCheck,
     | ^^^^^^^^^
> 14 |   faChevronDown,
     | ^^^^^^^^^
> 15 | } from '@fortawesome/free-solid-svg-icons';
     | ^^^^^^^^^^^^^^^^^^^^^^^^^^^^^^^^^^^^^^^^^^^^
  16 | import { ImageWithFallback } from '@/components/shared/ImageWithFallback';
  17 | import { RFQForm } from '@/components/forms/rfq';
  18 |

Import traces:
  Client Component Browser:
    ./app/page.tsx [Client Component Browser]
    ./app/page.tsx [Server Component]

  Client Component SSR:
    ./app/page.tsx [Client Component SSR]
    ./app/page.tsx [Server Component]

https://nextjs.org/docs/messages/module-not-found @ http://localhost:3000/_next/static/chunks/5f34d_next_dist_253e5923._.js:1920
[  531034ms] [ERROR] ./app/page.tsx:7:1
Module not found: Can't resolve '@fortawesome/react-fontawesome'
   5 | import { HeroSlider } from '@/components/home/HeroSlider';
   6 | import { LogoScroller } from '@/components/home/LogoScroller';
>  7 | import { FontAwesomeIcon } from '@fortawesome/react-fontawesome';
     | ^^^^^^^^^^^^^^^^^^^^^^^^^^^^^^^^^^^^^^^^^^^^^^^^^^^^^^^^^^^^^^^^^
   8 | import {
   9 |   faBolt,
  10 |   faNetworkWired,

Import traces:
  Client Component Browser:
    ./app/page.tsx [Client Component Browser]
    ./app/page.tsx [Server Component]

  Client Component SSR:
    ./app/page.tsx [Client Component SSR]
    ./app/page.tsx [Server Component]

https://nextjs.org/docs/messages/module-not-found @ http://localhost:3000/_next/static/chunks/5f34d_next_dist_253e5923._.js:1920
[  531034ms] [ERROR] ./components/forms/rfq/RFQForm.tsx:5:1
Module not found: Can't resolve '@hookform/resolvers/zod'
  3 | import { useEffect, useRef } from 'react';
  4 | import { useForm } from 'react-hook-form';
> 5 | import { zodResolver } from '@hookform/resolvers/zod';
    | ^^^^^^^^^^^^^^^^^^^^^^^^^^^^^^^^^^^^^^^^^^^^^^^^^^^^^^
  6 | import { CheckCircle } from 'lucide-react';
  7 | import { rfqSchema, rfqPresetSchema, type RFQFormData, type RFQPresetFormData } from '@/lib/forms/schemas';
  8 | import { useFormSubmit } from '@/hooks/useFormSubmit';

Import traces:
  Client Component Browser:
    ./components/forms/rfq/RFQForm.tsx [Client Component Browser]
    ./app/page.tsx [Client Component Browser]
    ./app/page.tsx [Server Component]

  Client Component SSR:
    ./components/forms/rfq/RFQForm.tsx [Client Component SSR]
    ./app/page.tsx [Client Component SSR]
    ./app/page.tsx [Server Component]

https://nextjs.org/docs/messages/module-not-found @ http://localhost:3000/_next/static/chunks/5f34d_next_dist_253e5923._.js:1920
[  531034ms] [ERROR] ./lib/forms/schemas.ts:1:1
Module not found: Can't resolve 'zod'
> 1 | import { z } from 'zod';
    | ^^^^^^^^^^^^^^^^^^^^^^^^
  2 |
  3 | const baseFields = {
  4 |   firstName: z.string().min(1, 'First name is required'),

Import traces:
  Client Component Browser:
    ./lib/forms/schemas.ts [Client Component Browser]
    ./components/forms/rfq/RFQForm.tsx [Client Component Browser]
    ./app/page.tsx [Client Component Browser]
    ./app/page.tsx [Server Component]

  Client Component SSR:
    ./lib/forms/schemas.ts [Client Component SSR]
    ./components/forms/rfq/RFQForm.tsx [Client Component SSR]
    ./app/page.tsx [Client Component SSR]
    ./app/page.tsx [Server Component]

https://nextjs.org/docs/messages/module-not-found @ http://localhost:3000/_next/static/chunks/5f34d_next_dist_253e5923._.js:1920
[  531123ms] [ERROR] ./app/layout.tsx:3:1
Module not found: Can't resolve '@fortawesome/fontawesome-svg-core'
  1 | import type { Metadata } from "next";
  2 | import { Geist, Geist_Mono } from "next/font/google";
> 3 | import { config } from '@fortawesome/fontawesome-svg-core';
    | ^^^^^^^^^^^^^^^^^^^^^^^^^^^^^^^^^^^^^^^^^^^^^^^^^^^^^^^^^^^
  4 | import '@fortawesome/fontawesome-svg-core/styles.css';
  5 | import "./globals.css";
  6 | import { Header } from "@/components/layout/Header";

https://nextjs.org/docs/messages/module-not-found @ http://localhost:3000/_next/static/chunks/5f34d_next_dist_253e5923._.js:1920
[  531124ms] [ERROR] ./app/layout.tsx:4:1
Module not found: Can't resolve '@fortawesome/fontawesome-svg-core/styles.css'
  2 | import { Geist, Geist_Mono } from "next/font/google";
  3 | import { config } from '@fortawesome/fontawesome-svg-core';
> 4 | import '@fortawesome/fontawesome-svg-core/styles.css';
    | ^^^^^^^^^^^^^^^^^^^^^^^^^^^^^^^^^^^^^^^^^^^^^^^^^^^^^^
  5 | import "./globals.css";
  6 | import { Header } from "@/components/layout/Header";
  7 | import { Footer } from "@/components/layout/Footer";

https://nextjs.org/docs/messages/module-not-found @ http://localhost:3000/_next/static/chunks/5f34d_next_dist_253e5923._.js:1920
[  531124ms] [ERROR] ./app/page.tsx:8:1
Module not found: Can't resolve '@fortawesome/free-solid-svg-icons'
   6 | import { LogoScroller } from '@/components/home/LogoScroller';
   7 | import { FontAwesomeIcon } from '@fortawesome/react-fontawesome';
>  8 | import {
     | ^^^^^^^^
>  9 |   faBolt,
     | ^^^^^^^^^
> 10 |   faNetworkWired,
     | ^^^^^^^^^
> 11 |   faCode,
     | ^^^^^^^^^
> 12 |   faArrowRight,
     | ^^^^^^^^^
> 13 |   faCircleCheck,
     | ^^^^^^^^^
> 14 |   faChevronDown,
     | ^^^^^^^^^
> 15 | } from '@fortawesome/free-solid-svg-icons';
     | ^^^^^^^^^^^^^^^^^^^^^^^^^^^^^^^^^^^^^^^^^^^^
  16 | import { ImageWithFallback } from '@/components/shared/ImageWithFallback';
  17 | import { RFQForm } from '@/components/forms/rfq';
  18 |

Import traces:
  Client Component Browser:
    ./app/page.tsx [Client Component Browser]
    ./app/page.tsx [Server Component]

  Client Component SSR:
    ./app/page.tsx [Client Component SSR]
    ./app/page.tsx [Server Component]

https://nextjs.org/docs/messages/module-not-found @ http://localhost:3000/_next/static/chunks/5f34d_next_dist_253e5923._.js:1920
[  531125ms] [ERROR] ./app/page.tsx:7:1
Module not found: Can't resolve '@fortawesome/react-fontawesome'
   5 | import { HeroSlider } from '@/components/home/HeroSlider';
   6 | import { LogoScroller } from '@/components/home/LogoScroller';
>  7 | import { FontAwesomeIcon } from '@fortawesome/react-fontawesome';
     | ^^^^^^^^^^^^^^^^^^^^^^^^^^^^^^^^^^^^^^^^^^^^^^^^^^^^^^^^^^^^^^^^^
   8 | import {
   9 |   faBolt,
  10 |   faNetworkWired,

Import traces:
  Client Component Browser:
    ./app/page.tsx [Client Component Browser]
    ./app/page.tsx [Server Component]

  Client Component SSR:
    ./app/page.tsx [Client Component SSR]
    ./app/page.tsx [Server Component]

https://nextjs.org/docs/messages/module-not-found @ http://localhost:3000/_next/static/chunks/5f34d_next_dist_253e5923._.js:1920
[  531125ms] [ERROR] ./components/forms/rfq/RFQForm.tsx:5:1
Module not found: Can't resolve '@hookform/resolvers/zod'
  3 | import { useEffect, useRef } from 'react';
  4 | import { useForm } from 'react-hook-form';
> 5 | import { zodResolver } from '@hookform/resolvers/zod';
    | ^^^^^^^^^^^^^^^^^^^^^^^^^^^^^^^^^^^^^^^^^^^^^^^^^^^^^^
  6 | import { CheckCircle } from 'lucide-react';
  7 | import { rfqSchema, rfqPresetSchema, type RFQFormData, type RFQPresetFormData } from '@/lib/forms/schemas';
  8 | import { useFormSubmit } from '@/hooks/useFormSubmit';

Import traces:
  Client Component Browser:
    ./components/forms/rfq/RFQForm.tsx [Client Component Browser]
    ./app/page.tsx [Client Component Browser]
    ./app/page.tsx [Server Component]

  Client Component SSR:
    ./components/forms/rfq/RFQForm.tsx [Client Component SSR]
    ./app/page.tsx [Client Component SSR]
    ./app/page.tsx [Server Component]

https://nextjs.org/docs/messages/module-not-found @ http://localhost:3000/_next/static/chunks/5f34d_next_dist_253e5923._.js:1920
[  531125ms] [ERROR] ./lib/forms/schemas.ts:1:1
Module not found: Can't resolve 'zod'
> 1 | import { z } from 'zod';
    | ^^^^^^^^^^^^^^^^^^^^^^^^
  2 |
  3 | const baseFields = {
  4 |   firstName: z.string().min(1, 'First name is required'),

Import traces:
  Client Component Browser:
    ./lib/forms/schemas.ts [Client Component Browser]
    ./components/forms/rfq/RFQForm.tsx [Client Component Browser]
    ./app/page.tsx [Client Component Browser]
    ./app/page.tsx [Server Component]

  Client Component SSR:
    ./lib/forms/schemas.ts [Client Component SSR]
    ./components/forms/rfq/RFQForm.tsx [Client Component SSR]
    ./app/page.tsx [Client Component SSR]
    ./app/page.tsx [Server Component]

https://nextjs.org/docs/messages/module-not-found @ http://localhost:3000/_next/static/chunks/5f34d_next_dist_253e5923._.js:1920
[  531201ms] [ERROR] ./app/layout.tsx:3:1
Module not found: Can't resolve '@fortawesome/fontawesome-svg-core'
  1 | import type { Metadata } from "next";
  2 | import { Geist, Geist_Mono } from "next/font/google";
> 3 | import { config } from '@fortawesome/fontawesome-svg-core';
    | ^^^^^^^^^^^^^^^^^^^^^^^^^^^^^^^^^^^^^^^^^^^^^^^^^^^^^^^^^^^
  4 | import '@fortawesome/fontawesome-svg-core/styles.css';
  5 | import "./globals.css";
  6 | import { Header } from "@/components/layout/Header";

https://nextjs.org/docs/messages/module-not-found @ http://localhost:3000/_next/static/chunks/5f34d_next_dist_253e5923._.js:1920
[  531201ms] [ERROR] ./app/layout.tsx:4:1
Module not found: Can't resolve '@fortawesome/fontawesome-svg-core/styles.css'
  2 | import { Geist, Geist_Mono } from "next/font/google";
  3 | import { config } from '@fortawesome/fontawesome-svg-core';
> 4 | import '@fortawesome/fontawesome-svg-core/styles.css';
    | ^^^^^^^^^^^^^^^^^^^^^^^^^^^^^^^^^^^^^^^^^^^^^^^^^^^^^^
  5 | import "./globals.css";
  6 | import { Header } from "@/components/layout/Header";
  7 | import { Footer } from "@/components/layout/Footer";

https://nextjs.org/docs/messages/module-not-found @ http://localhost:3000/_next/static/chunks/5f34d_next_dist_253e5923._.js:1920
[  531201ms] [ERROR] ./app/page.tsx:8:1
Module not found: Can't resolve '@fortawesome/free-solid-svg-icons'
   6 | import { LogoScroller } from '@/components/home/LogoScroller';
   7 | import { FontAwesomeIcon } from '@fortawesome/react-fontawesome';
>  8 | import {
     | ^^^^^^^^
>  9 |   faBolt,
     | ^^^^^^^^^
> 10 |   faNetworkWired,
     | ^^^^^^^^^
> 11 |   faCode,
     | ^^^^^^^^^
> 12 |   faArrowRight,
     | ^^^^^^^^^
> 13 |   faCircleCheck,
     | ^^^^^^^^^
> 14 |   faChevronDown,
     | ^^^^^^^^^
> 15 | } from '@fortawesome/free-solid-svg-icons';
     | ^^^^^^^^^^^^^^^^^^^^^^^^^^^^^^^^^^^^^^^^^^^^
  16 | import { ImageWithFallback } from '@/components/shared/ImageWithFallback';
  17 | import { RFQForm } from '@/components/forms/rfq';
  18 |

Import traces:
  Client Component Browser:
    ./app/page.tsx [Client Component Browser]
    ./app/page.tsx [Server Component]

  Client Component SSR:
    ./app/page.tsx [Client Component SSR]
    ./app/page.tsx [Server Component]

https://nextjs.org/docs/messages/module-not-found @ http://localhost:3000/_next/static/chunks/5f34d_next_dist_253e5923._.js:1920
[  531201ms] [ERROR] ./app/page.tsx:7:1
Module not found: Can't resolve '@fortawesome/react-fontawesome'
   5 | import { HeroSlider } from '@/components/home/HeroSlider';
   6 | import { LogoScroller } from '@/components/home/LogoScroller';
>  7 | import { FontAwesomeIcon } from '@fortawesome/react-fontawesome';
     | ^^^^^^^^^^^^^^^^^^^^^^^^^^^^^^^^^^^^^^^^^^^^^^^^^^^^^^^^^^^^^^^^^
   8 | import {
   9 |   faBolt,
  10 |   faNetworkWired,

Import traces:
  Client Component Browser:
    ./app/page.tsx [Client Component Browser]
    ./app/page.tsx [Server Component]

  Client Component SSR:
    ./app/page.tsx [Client Component SSR]
    ./app/page.tsx [Server Component]

https://nextjs.org/docs/messages/module-not-found @ http://localhost:3000/_next/static/chunks/5f34d_next_dist_253e5923._.js:1920
